"relative_path","size_bytes","sha256"
"configs\ablation.yaml","694","c957dfde194093321620c297c25d8aa6abe77a95a4462b29a8fceff45fd50ab8"
"configs\trimodal.yaml","886","e50ae30634054a5caf3880ff81265f3169519402247a3f7ee9dec94d244e0462"
"data\manifests\raw_file_manifest.csv","440757","79e7dee24c2911c3347342d2ce1ccebf285e0fd3a1976f6c2b944783687d0c77"
"data\manifests\split_manifest.csv","41845","c1b7b5eaa7f493e1db26848858f68cee55efaf77f0e6c3d79c84e04e650359d1"
"data\raw\res\_annotations\2DG\2DG01.json","146","ef3e309b1b6ecbafd93e5274f0e1e4582cb4930712fe7c61836df70822b35df7"
"data\raw\res\_annotations\2DG\2DG01.npz","4445","bb736c6b800ee43d620c589ad0c5b3d8a3f1bfe4b4c067b7f53c577464ad1cdc"
"data\raw\res\_annotations\2DG\2DG02.json","147","0b41ea9b497ae4a947190820be7ad2a4a46cd85ea6af3a6fe693000466e7aeb1"
"data\raw\res\_annotations\2DG\2DG02.npz","10046","1df2ecc67ebfdd3e9263792a19b2799a114f33b308284f488912eff711466d09"
"data\raw\res\_annotations\2DG\2DG03.json","147","cadfead9c8a597ee998a65e5ddc89078c4ab1bda4b882890ba277cf4f9b6b290"
"data\raw\res\_annotations\2DG\2DG03.npz","10064","a07376921526058767c55e4d3f027d23763cde340dbc86be9d61a54cd9bfe16b"
"data\raw\res\_annotations\2DG\2DG04.json","147","ee4af461296213ca9cae558a4104c5e80e3b62a70bde8d63b82104cb7f1823f3"
"data\raw\res\_annotations\2DG\2DG04.npz","4910","2aff174e89911ba9162dc91b0939b07ed75aab4a5c301424ded2baf1c383120e"
"data\raw\res\_annotations\2DG\2DG05.json","147","459924f2cdcd9ca8dfa00f71d5c3fb7e5498b6576c4215269ce3fa54c9f5ad89"
"data\raw\res\_annotations\2DG\2DG05.npz","8836","d61011f671b281b949cb6bdf0b59271fef4033a0344f806bb84f012ccdd6ee0e"
"data\raw\res\_annotations\2DG\2DG06.json","147","be3f80184b340577331d3b4ea93d74a6c5af33238a7dbfcd293dfd28c1691fda"
"data\raw\res\_annotations\2DG\2DG06.npz","7646","465882dedab63fafed0f6e1908239302c9eaf2fbf05d539262c7f828a5d33f30"
"data\raw\res\_annotations\2DG\2DG07.json","147","187f6cb2a903c5092238dcb192a38845227eea56e019edfcf823ec3764aeb4b0"
"data\raw\res\_annotations\2DG\2DG07.npz","8853","6e16e9e1e59892d7736553c77d2c56318d5acb7ee64e8742443214ee794d1f15"
"data\raw\res\_annotations\2DG\2DG08.json","147","0ef6e527e4bef307ca6293d5a6396db7e6b88f99019f7becde02b437ef3241f1"
"data\raw\res\_annotations\2DG\2DG08.npz","8774","bf4ca73c938466b3d6d71722893468adf4c6f3fa80d1663c9d02a4d039ff0c68"
"data\raw\res\_annotations\2DG\2DG09.json","147","9bc9c5bfeca8f8604a0b1a8fdde85df37b43bf2ba99b0853f2df42774c9db014"
"data\raw\res\_annotations\2DG\2DG09.npz","6907","44df5ba8d013c101acd819a45dbbd79afb9c3ac1705e330147bf6d6f9bff790e"
"data\raw\res\_annotations\2DG\2DG10.json","147","a52c5d29a4195004c8286152a1a81bbac9bf5f04e86a197f2ccee97cc4f69294"
"data\raw\res\_annotations\2DG\2DG10.npz","7508","2f171d1ae321b6881acff4c4abbe17ef3caefbdbc541a2f1ca7853be0742d83f"
"data\raw\res\_annotations\2DG\2DG11.json","147","40929627c2ce1d835020998c367fdb0c83df0cfede29c00796aded05f869affa"
"data\raw\res\_annotations\2DG\2DG11.npz","7212","47b3d2ddd22bc41475b5972d04c2bc078ebdfdd0da2e4124adda327b59612ee3"
"data\raw\res\_annotations\HeLa\Hela_01.json","151","b39369cad8b0ddc3fd6043986c07ef2e374766e3ee4aff5e3e7577b165461761"
"data\raw\res\_annotations\HeLa\Hela_01.npz","4269","e5bbd4805048e849101b9f357aab5c579401127920eb46cdf118d7555911d04b"
"data\raw\res\_annotations\HeLa\Hela_02.json","151","e03238890180aa6ccd22e73c88989eb5df93178c24d1139cf0c24e4732509ced"
"data\raw\res\_annotations\HeLa\Hela_02.npz","5607","f0bfce88e2744239c24787a9d6491f99c55358ed00433a4a3909d476105507d5"
"data\raw\res\_annotations\HeLa\Hela_03.json","152","b1ac86eba661cb12b3077c4222bbffbc659a16e6364c25cd3705d549d323f383"
"data\raw\res\_annotations\HeLa\Hela_03.npz","7744","37a89580ce61b2af200f5ceb6781deae3e97540725b9859206f5b96181e27dbf"
"data\raw\res\_annotations\HeLa\Hela_04.json","151","dfaec3982dd52a9e1a89342b8db14353bd7862035fb74ef0e4a414408153f25a"
"data\raw\res\_annotations\HeLa\Hela_04.npz","6994","c042bb708416ca198cab2834533176658b8f3ed18bef396786cac096cb8052b2"
"data\raw\res\_annotations\HeLa\Hela_05.json","152","31ca55bdbae60729cb07a38b356e07ae8d01fd25afcdeb32b214ae9c35fb9ffc"
"data\raw\res\_annotations\HeLa\Hela_05.npz","6925","f480607faa12902fbdde6df02b5cffadc38b30be9a731406677cf982813d6b28"
"data\raw\res\_annotations\HeLa\Hela_06.json","152","8072454abd1a0c1539c37a0b3d8048b94d48afdf47dbe644905b710aeafdc2f2"
"data\raw\res\_annotations\HeLa\Hela_06.npz","5597","183b163dfb554855848e548f8b4f8441b87b392b3b141b9c429276a6f6f18b95"
"data\raw\res\_annotations\HeLa\Hela_07.json","151","fc2f3c67134dd4ffd3bcfdcfd53ae66eb9a713487e3393c678e05ebefec23196"
"data\raw\res\_annotations\HeLa\Hela_07.npz","6816","041b5eae22d84e0b04a052a505999e1b71683df2b52fbed219f5e47fac251c26"
"data\raw\res\_annotations\HeLa\Hela_08.json","151","a64812b8622b5d77bbf6d1373f49e22e6ca77603819c17921520a91c9c4d6593"
"data\raw\res\_annotations\HeLa\Hela_08.npz","6490","7e41d4e7cb0c75880ee9af18d7cff7e249066453aafe26acf0d3b0528d9c99a4"
"data\raw\res\_annotations\HeLa\Hela_09.json","151","679bd31214cfedc8165acebd164e83141cc4e96f0f9789984c708f4d9eda2e69"
"data\raw\res\_annotations\HeLa\Hela_09.npz","6026","e62b5aa37c8c3479270fa1fdddd399ff52dc1a9c88da5faf65b43a28bfe806eb"
"data\raw\res\_annotations\HeLa\Hela_10.json","152","479684048a0f0245d6ebbe533dbdbd1520d59f678628d9a14aff86e8508a0510"
"data\raw\res\_annotations\HeLa\Hela_10.npz","8140","818480736cf8281ac5391cccbee43679421feb41c97bc0954a0e13606a211d13"
"data\raw\res\_annotations\HepG2\HepG2_01.json","154","dc70b65726d8a063d7d3fc13dc234aa360c19f630e222391bd837f5a16b26784"
"data\raw\res\_annotations\HepG2\HepG2_01.npz","5842","a204e0775d4ffc79fc2ebb0f097ba086a2ad6e84dcdc02c62997220ca6b80857"
"data\raw\res\_annotations\HepG2\HepG2_02.json","154","28e804c24bc85e0090e18de3c1235b964998cd064fd792c8928d62f5018d5ed6"
"data\raw\res\_annotations\HepG2\HepG2_02.npz","5351","3c8d854b25244ea5a921f330894fb5251bed1a99969448dec1469e1cf16b427b"
"data\raw\res\_annotations\HepG2\HepG2_03.json","154","9e32f092c4f67878a2ae575d8a2a7dca807b3c66663d5a4f341eb7748d6df7c7"
"data\raw\res\_annotations\HepG2\HepG2_03.npz","4875","1a3e6ec846e354232f81afaa1feded95b01f7ab6353b7be41f34bb6497dd65bc"
"data\raw\res\_annotations\HepG2\HepG2_04.json","154","7821e5140786ed9804bda551292edaa698559c89a383d8fd8625128d28c1d7bd"
"data\raw\res\_annotations\HepG2\HepG2_04.npz","4293","01344910f85a305443b87bd79cfca71a9ae97a55812964d0168c842d905e09f7"
"data\raw\res\_annotations\HepG2\HepG2_05.json","154","4f84b995831dabfe3741d42af74b4e70aeffce16319816b8be5a101f988c52a3"
"data\raw\res\_annotations\HepG2\HepG2_05.npz","3925","ae8f05ce89f8e3a220ed3770ce68db0925c25728cdc0e7708b9ba2f540e27171"
"data\raw\res\_annotations\HepG2\HepG2_06.json","154","1ddb316fd45804ecb81d2dec1c5a253b3dd157f4b75c91bd8b7b6b05ea25e246"
"data\raw\res\_annotations\HepG2\HepG2_06.npz","5290","5f575cbc98255431ff50c240977fbd0a123e188b8685040286a19a599fcbb016"
"data\raw\res\_annotations\HepG2\HepG2_07.json","154","92400be5258fb4ec47e3f1c979a3e9af2c9dc9f674d8d2f7e29c0bb52eb191c6"
"data\raw\res\_annotations\HepG2\HepG2_07.npz","5121","fd5285625ccf601b8bffaa0d9cbc6a79666981ca430c2bba119df4b5458d4982"
"data\raw\res\_annotations\HepG2\HepG2_08.json","154","ad7dd659cad31d7da84d407a2998838db6b7eff8946b13ea53e8bf27711c28e2"
"data\raw\res\_annotations\HepG2\HepG2_08.npz","3613","309b644be19d44931ae64edc0225ec81e35c687df101b0a7023a809a8c5d07d2"
"data\raw\res\_annotations\HepG2\HepG2_09.json","154","ef28c4a02d90960d1cd3642b1fbbdab97fc7d078f93cb784eb23af37267a0846"
"data\raw\res\_annotations\HepG2\HepG2_09.npz","4845","5163587fc64a8b067cce1951982df2b0bd6bf8ee65230c5e1744dbdb27368f01"
"data\raw\res\_annotations\HepG2\HepG2_10.json","154","067bce29941741a5275abfda8cdda2efbd2787aa13d2b66118d89d9c8dd7d156"
"data\raw\res\_annotations\HepG2\HepG2_10.npz","4973","203caae2a13314cadf39445536ef4cca225e64b59de86b95bf232e8997755c40"
"data\raw\res\_annotations\HepG2\HepG2_11.json","154","db3dbc003a87b886d586b01e2e2d8244ad632b5513fa0c2ea01d511d8ea72de0"
"data\raw\res\_annotations\HepG2\HepG2_11.npz","3946","079247620e0c699113f502edae4a00db26c488043bf3933a8a17b73b0e121311"
"data\raw\res\_annotations\HepG2\HepG2_12.json","154","c5644cde59773c3c43d67e9fcda70c2207e641cb8afdea49a160fc6a8e367d87"
"data\raw\res\_annotations\HepG2\HepG2_12.npz","5419","fe7a636067b7556c91c2f6bbbb164374b497a3da81555094ddd58f7f6ca7c2df"
"data\raw\res\_annotations\HepG2\HepG2_13.json","154","3c0a6c2e5b3fe71d0f08dd5ef8e1ad20d21b5fc7c305649e535c192f5b65830e"
"data\raw\res\_annotations\HepG2\HepG2_13.npz","3758","e4b11d097844a9bcedc5b8a5cf62262f362295e2edb4889e5935d027ad38e815"
"data\raw\res\_annotations\HepG2\HepG2_14.json","154","be4718644fb2a55ee162ccdab1e12e2fea256be246aa724126e8e9996ab3fc15"
"data\raw\res\_annotations\HepG2\HepG2_14.npz","3646","7f05c293497612cc55a03673a20cb752a050c4acac28efd8677ff8dba21f797b"
"data\raw\res\_annotations\HepG2\HepG2_15.json","154","15bb6a28047d4d6c5b7eb9642014b00f845d57abfab6bf867915e80185e8f652"
"data\raw\res\_annotations\HepG2\HepG2_15.npz","4492","5dc995898d3ebf26ba006e0b3bcdc791d4b639ece82a182bbb0855b5898cf532"
"data\raw\res\_annotations\HepG2\HepG2_16.json","154","5637b0ad3991bc4b8e74d38f9ab8332992e01a9dcaec474d211d423cee0826bc"
"data\raw\res\_annotations\HepG2\HepG2_16.npz","7300","acdc1784d3c24ce0cc33769de6a91ac99b064d8245301208e4ebc9fe445aadd0"
"data\raw\res\_annotations\HepG2\HepG2_17.json","154","2ed7ca6381047a2eba351572249589dbb0152f18f9f4bc747c96cac305b1eebc"
"data\raw\res\_annotations\HepG2\HepG2_17.npz","5182","4e40d3814fa8869596ca42511d31fe7ca410d9dcf073d8725bae453caa4f7db1"
"data\raw\res\_annotations\HepG2\HepG2_18.json","154","d3a62bbcccf158aedb055c3c38c72f3e87792ced1b3ab3c8f7be84e3480a3774"
"data\raw\res\_annotations\HepG2\HepG2_18.npz","4696","148ed18993a3072613be5a205f6212818fbd260164c268c82b0229dacd4c222e"
"data\raw\res\_annotations\HepG2\HepG2_19.json","154","3c84959eabc8ddb6093de47e059fb62326a06c21ea836a0ca1e0510a886f7497"
"data\raw\res\_annotations\HepG2\HepG2_19.npz","5280","644a4ef5b8f64a58ed8e27994365fcac64de79a3a944025245e0d9e395149352"
"data\raw\res\_annotations\HepG2\HepG2_20.json","154","86e5d2f0fe811c13d1dc34594d4158fb65864ff2d80e2f5f8a8169a9611cee4c"
"data\raw\res\_annotations\HepG2\HepG2_20.npz","4094","5c6b30537a156080055af09ac44f1ecaecb85e715a99a17c300d2ebc32b57bf2"
"data\raw\res\_annotations\OA\oa_02.json","145","b37f66c2e057bdda36dbfd7aa9ca127429710b99ba7011bdd198297a5a9f5d29"
"data\raw\res\_annotations\OA\oa_02.npz","5110","07afee5601088c9ccbd6f63ea192d8efd94bde34b2411168d240d262cb44912f"
"data\raw\res\_annotations\OA\oa_03.json","145","f40e834d055f2c39ec027cc60cb4ef204a19f889c956c806c662ec9e7b0a6074"
"data\raw\res\_annotations\OA\oa_03.npz","6038","ac905aae983c7464da986162a22f08f0bcbab0cea1d22ff2322f00c64d0a39a4"
"data\raw\res\_annotations\OA\oa_04.json","145","4240ea02a955a82aba4fb0fb11fed6d23f86339c27ab9b4094e0c991e01c3722"
"data\raw\res\_annotations\OA\oa_04.npz","3982","dcdfba1cea82add07772b97f9788a22ea0c1c87c70d0c2169e107fdf2996459d"
"data\raw\res\_annotations\OA\oa_05.json","145","73696e0c7ea8491f4664b2738dc7fc5307edd633993313c462445bcd0accefe6"
"data\raw\res\_annotations\OA\oa_05.npz","5495","ffb0c6642ce2990fdd56f25616e5a5307ce1913a603af1acb24822967516dd49"
"data\raw\res\_annotations\OA\oa_08.json","145","eb2b636ba66c62f808367ad9cec09558932a405687e26a587ca3bfd3901cc310"
"data\raw\res\_annotations\OA\oa_08.npz","3583","7c5cb65f2611a8eccd9699c59dc61bc45ddfac5b4e94800bf9ce5236f021de71"
"data\raw\res\_annotations\OA\oa_09.json","145","398090b5a8d6105f6fd3ecc63e0d639b5a817ef68cbc9fffe0bc49851286c59d"
"data\raw\res\_annotations\OA\oa_09.npz","5056","3be4f50d9604277da0910199c57458a6ef564c8a71f2587e3e92af038a94b84e"
"data\raw\res\_annotations\OA\oa_10.json","145","03b46d306ccdc920d07e2735101ff99ee7f7dc7b750c799883cd19f89f7bfc3e"
"data\raw\res\_annotations\OA\oa_10.npz","2924","1e16ac779de22f1c380de35caf0e4318b5473a2c2fd6bc983c2e889af8f710d8"
"data\raw\res\_annotations\OA\oa_11.json","145","1b452a05bc14bfb9992c5a4559ec0b45baaddee8d7ee9673307608791c033b0e"
"data\raw\res\_annotations\OA\oa_11.npz","2894","22e9325c94207886d87b1a495a6d700b0653994a3495ebf3e02687d14bea4ee9"
"data\raw\res\_annotations\OA\oa_12.json","145","84b94769933c95fe562b970eb0e24a5f022ec5082852739107ed296b8de54002"
"data\raw\res\_annotations\OA\oa_12.npz","4340","a9ac048fd63421eaf7c08c659afd790f1d93bf1e385e0002bdb568ce2c9fd93e"
"data\raw\res\_annotations\OA\oa_13.json","145","84322806ee843e4ec53a18a0f34fd80856283935d6d34ae09989deb9a3b9ddc5"
"data\raw\res\_annotations\OA\oa_13.npz","4596","82633a4f0808d2e49dca765880249f818048611b4b3527579242b40bb6a73f3d"
"data\raw\res\_annotations\OA\oa_14.json","145","a106af1eaaa7e1c3ec7ef3b16eee985843e31e05fb26381a4399982047bbd6e1"
"data\raw\res\_annotations\OA\oa_14.npz","4591","520f487aea85961145ac574cb7cbdba7616ef6f8ceb171a846008848c9df749a"
"data\raw\res\_annotations\OA\oa_15.json","145","6c9645577b578c8e33f6a3c985c2f3db52e8a936a4cda4f57f50716544d7aa6e"
"data\raw\res\_annotations\OA\oa_15.npz","5620","1a0525bfc98e5f07a4cae6713d3271d9b935d3e468c98b07a6a3d963c7b5b9ff"
"data\raw\res\_annotations\OA\oa_16.json","145","5fa019f0acaa98fbff6f8cd5833923bf7426f6827ab0fca3cf37cc262f5235be"
"data\raw\res\_annotations\OA\oa_16.npz","6008","108a580e8918cdb36de4c24a1ce8df6cdb1700ff55637f47c8e9dd46b4edce98"
"data\raw\res\_annotations\OA\oa_17.json","145","5a9e1524dba87dac1e7b52903b0f12cbcfbfd08c1a9060e42e1a33584ae23553"
"data\raw\res\_annotations\OA\oa_17.npz","5466","96c8320cdb11f7e241ff441c352cca2eda73d215fd72a45f57bfd21c1ba1dd0b"
"data\raw\res\_annotations\OA\oa_19.json","145","1637a3f6591492d3c95688e8d8b4b19004b15b3072ac2f4314046e7b6730c8b9"
"data\raw\res\_annotations\OA\oa_19.npz","5052","fe70a97f573e998aa151c2040fd96155f562c65befd59e25c624ca7ea5b25e32"
"data\raw\res\_annotations\OA\oa_20.json","145","6de592eb3a4db9f12bdf6e8ab5a5cdc07817f9306f995ee893e4b235b6c65865"
"data\raw\res\_annotations\OA\oa_20.npz","4107","079d166092c451575917bab83861c3eb437fcaed6349ac790f8b758ffeee2a15"
"data\raw\res\_annotations\OA\oa_21.json","145","d69f75a09cab57b51cfc908acf2704982b2a6a14396995a2f6e7c216ec1bba5d"
"data\raw\res\_annotations\OA\oa_21.npz","4743","69be8147d4b0f6eae9bd3d31925f41ce4460bc06090dde966458afe13b0f0d13"
"data\raw\res\2DG\2DG01_cell_001\2DG01_cell_001_fad.tif","13025","64df0ef585fa4326714d6d248274b1296e85e37296a5bfc78a11d3d65fb63282"
"data\raw\res\2DG\2DG01_cell_001\2DG01_cell_001_lipid.tif","13025","c50a3719fc90282842bb8c925e10e7396fdf8071b240912ab946392ba0c71a58"
"data\raw\res\2DG\2DG01_cell_001\2DG01_cell_001_mask.tif","13025","46131cff8004e026feec651be4b72af6d08ce26f56d261dafa93103be1a94010"
"data\raw\res\2DG\2DG01_cell_001\2DG01_cell_001_nadh.tif","13025","864580a74b704779519be466a9d6ae130d1ed86e8dd6f5be725e4a86db7893dd"
"data\raw\res\2DG\2DG01_cell_001\2DG01_cell_001_OCT.tif","38579","f780185caa0600ae64c1606b23012e9e831dea7e3adcedcf96d474becc85374a"
"data\raw\res\2DG\2DG01_cell_001\2DG01_cell_001_protein.tif","13025","14e41586e50f7583455c3861fbdf0bd1a57c5a1bc3eaff45701d67959674d7b7"
"data\raw\res\2DG\2DG01_cell_001\metadata.json","257","1a4f127a3d0d664ab1bc974b05efe9f8957d96109b3fed1ddcfcc615da78a03f"
"data\raw\res\2DG\2DG01_cell_002\2DG01_cell_002_fad.tif","14640","97d915cc1c1f4cdd171c3ca78cd4f7802a6bea9991c35f81c2b0b2dbace13cce"
"data\raw\res\2DG\2DG01_cell_002\2DG01_cell_002_lipid.tif","14640","f29f9df9d8ff6f8d84125ce3fef3c242eed924f6dafbf3d7f5daf22c56955efd"
"data\raw\res\2DG\2DG01_cell_002\2DG01_cell_002_mask.tif","14640","c388251bbd3ba7d92e83c3998588875605e0f68a33f97bc537dacdffccca7391"
"data\raw\res\2DG\2DG01_cell_002\2DG01_cell_002_nadh.tif","14640","133228c06e788f6b427378da0628b7afb42190acf0d5db07c8007e6ec98f7c22"
"data\raw\res\2DG\2DG01_cell_002\2DG01_cell_002_OCT.tif","43424","e392337293c88132d574fa4823dc937df6cf3849e47af0b1cc983997f083b7fd"
"data\raw\res\2DG\2DG01_cell_002\2DG01_cell_002_protein.tif","14640","71bfa9001c87ffc2bacf32d7e1fa273adfd3774416c04baf74ace3e0e8fb2e4b"
"data\raw\res\2DG\2DG01_cell_002\metadata.json","257","776794e8865fccdbfba6173b7b85cc6a7b3acbd123a148cc551c8134ef43b229"
"data\raw\res\2DG\2DG01_cell_003\2DG01_cell_003_fad.tif","16462","31054c211cfbe00ea7fe615f1b7aa65bea00a52c593bc374c54fc0584850f49d"
"data\raw\res\2DG\2DG01_cell_003\2DG01_cell_003_lipid.tif","16462","ae06259da2b6de2117e349f74f02543b8ba502ea06172e566f35e1ed194a6849"
"data\raw\res\2DG\2DG01_cell_003\2DG01_cell_003_mask.tif","16462","71f4ccefee66f4f0f5cc7fb102763453f85ee2ea8486b405b33854c9af850054"
"data\raw\res\2DG\2DG01_cell_003\2DG01_cell_003_nadh.tif","16462","af812a676eb46a8cbbba0bc09f6089599a62470a91b52246cf717cd977304d76"
"data\raw\res\2DG\2DG01_cell_003\2DG01_cell_003_OCT.tif","48890","ff629a9f1f5d69b2099c44c7c259c0522640b67508af10c7b872e8c2abe582f3"
"data\raw\res\2DG\2DG01_cell_003\2DG01_cell_003_protein.tif","16462","eeeee87b4cb5c29a9649cf2ad8d396a813f115e6bfbf82b40c1c5537047e7e1c"
"data\raw\res\2DG\2DG01_cell_003\metadata.json","258","59b97fa6406c77b8b2bb56a9c5777441c46151128f70bdb0252574eba1ecf6f0"
"data\raw\res\2DG\2DG01_cell_004\2DG01_cell_004_fad.tif","20584","310f2d0151e8ad7a9b40d19c1b9c85683859e63e947e13f50841af70bf6f34b2"
"data\raw\res\2DG\2DG01_cell_004\2DG01_cell_004_lipid.tif","20584","3f2ef8046795bb215c37de415da71c8ad8086688412e8bbce6893ed52813e872"
"data\raw\res\2DG\2DG01_cell_004\2DG01_cell_004_mask.tif","20584","62165ff9659b070b9de01281070182d29bc9650d7e452e2cff2d4445a782ee18"
"data\raw\res\2DG\2DG01_cell_004\2DG01_cell_004_nadh.tif","20584","9a77d84ea8b35e025bbcd9976144792a9840e6a98717bbd3ec565fe2ddd08405"
"data\raw\res\2DG\2DG01_cell_004\2DG01_cell_004_OCT.tif","61256","376adb9e83f403703da679a00ec8537d6e0e6e12c997fdfae02c6a7eb8d0a62f"
"data\raw\res\2DG\2DG01_cell_004\2DG01_cell_004_protein.tif","20584","2ab3156dbbc7a9c9785a5d61ca69723b7eb57be146bc988e63fcb0d9f5428b17"
"data\raw\res\2DG\2DG01_cell_004\metadata.json","258","34980a4b03f372d6bd33cde541de4bafaf3360a55fb616da1708410e4107392a"
"data\raw\res\2DG\2DG01_cell_005\2DG01_cell_005_fad.tif","17196","6d23b32423377acaa47476211a6936d9c3aa61f172b3d0b1c93480cd3749e577"
"data\raw\res\2DG\2DG01_cell_005\2DG01_cell_005_lipid.tif","17196","d0b6a10dc7f1f31b520fe427f59c124f93957f8e5b9d939ebc6f52da40d992ed"
"data\raw\res\2DG\2DG01_cell_005\2DG01_cell_005_mask.tif","17196","d55447c1433fcbbf53da0aca01e166a1ebcb0ce760fe2423c66ac52dde1602e7"
"data\raw\res\2DG\2DG01_cell_005\2DG01_cell_005_nadh.tif","17196","021c4b42d29b8c29b9ee6ab4334a3b150d3be03fe45cd718653d35bed3d8d6c2"
"data\raw\res\2DG\2DG01_cell_005\2DG01_cell_005_OCT.tif","51092","32a4828729a31bb67d55efaa7d0e3a905e9076694462fcba564a25b16098a211"
"data\raw\res\2DG\2DG01_cell_005\2DG01_cell_005_protein.tif","17196","566b09d621fe8a1d879d75cd497e611c544430a83878e61309183428b33a6d19"
"data\raw\res\2DG\2DG01_cell_005\metadata.json","258","318c7405739800c7769ab7d51b1a87f680a376949e49b83dd8b6c75cdd6e3cda"
"data\raw\res\2DG\2DG01_cell_006\2DG01_cell_006_fad.tif","24056","c989accf9851a697247974f449dc8954885371333575f57fbad0d1893d5dc5e6"
"data\raw\res\2DG\2DG01_cell_006\2DG01_cell_006_lipid.tif","24056","8d4c8f046622e9e02a8ef437a4a4243474287b6f1c73bef448a1e99f0970d6e0"
"data\raw\res\2DG\2DG01_cell_006\2DG01_cell_006_mask.tif","24056","70c96d3f14ab9a7ee538e52bd199634ca599fe562becdebcc39390b5966ed8d7"
"data\raw\res\2DG\2DG01_cell_006\2DG01_cell_006_nadh.tif","24056","f0c6fb25b8da2f638862ee4332145524bbf12f5017bb42a9b8436433e6f1b9ed"
"data\raw\res\2DG\2DG01_cell_006\2DG01_cell_006_OCT.tif","71672","b18020e0405566f939956b13c014e6f7e12786d3ef60fd96cdc65873931c7eb1"
"data\raw\res\2DG\2DG01_cell_006\2DG01_cell_006_protein.tif","24056","b606530022e106aeaed0f891da199325e16b2e097bb8e99265fdb47374ffd9a1"
"data\raw\res\2DG\2DG01_cell_006\metadata.json","258","3f376a2ba7b03ff7f24eed6e15a4f63fda3ffacbb88869eb033c2614ed519057"
"data\raw\res\2DG\2DG01_cell_007\2DG01_cell_007_fad.tif","16131","42348a620a18189966546bcbe73bf652bcb407332d7a1b5bf9d83825236dda6e"
"data\raw\res\2DG\2DG01_cell_007\2DG01_cell_007_lipid.tif","16131","182098871cb458bb9f9150da8baf810d9a9746b7a56bdaaeb213ff0678d19e02"
"data\raw\res\2DG\2DG01_cell_007\2DG01_cell_007_mask.tif","16131","be8a1e9a526360a18f629115121c495b77ea1472854d58e4140edffc1417b895"
"data\raw\res\2DG\2DG01_cell_007\2DG01_cell_007_nadh.tif","16131","fb8a5472e582cb4c18bda02a0047344c95b3be38465aca3abfa5504c4677410e"
"data\raw\res\2DG\2DG01_cell_007\2DG01_cell_007_OCT.tif","47897","5ee354d2509b09f391dfa8b612ee6db22da89226f4d685af8239dc59283a293a"
"data\raw\res\2DG\2DG01_cell_007\2DG01_cell_007_protein.tif","16131","d87cde1c196a3713ac8aca42c25e0678f3fad11b0e674c68e2bb4dad1db45990"
"data\raw\res\2DG\2DG01_cell_007\metadata.json","258","b153d4e517c674018a2983402ca7ab913bc2c309216211b42bde32eefb1b192c"
"data\raw\res\2DG\2DG01_cell_008\2DG01_cell_008_fad.tif","15061","49bee7012c7150adecc3459a4a4d8d6d7229b3ae200625b53c0f93299a592caf"
"data\raw\res\2DG\2DG01_cell_008\2DG01_cell_008_lipid.tif","15061","bf09f6f1ed201586e12c091e2df3750c1fc6ecba945c2f2256b65d103294b35d"
"data\raw\res\2DG\2DG01_cell_008\2DG01_cell_008_mask.tif","15061","f478ca70be1e1ef4c0918bd1bb7fe647465fb47c174541585cf1361f406103c4"
"data\raw\res\2DG\2DG01_cell_008\2DG01_cell_008_nadh.tif","15061","e326079b73f6386252709528ddc0e57958b7c0c3823ea6f74f47ebae66eb4690"
"data\raw\res\2DG\2DG01_cell_008\2DG01_cell_008_OCT.tif","44687","59f5628ab5417b0f77b41e5d322ec3dd74491adc9fde8406fbf61ad0d3967dee"
"data\raw\res\2DG\2DG01_cell_008\2DG01_cell_008_protein.tif","15061","648dd8691d93dc65023d44fb5715e8e26236a74e819d60b53ae7acffafe83998"
"data\raw\res\2DG\2DG01_cell_008\metadata.json","258","d00c16ab3e7b501268e6db2e80fa1ea0a83aed9356135d5ac980ff852238595a"
"data\raw\res\2DG\2DG01_cell_009\2DG01_cell_009_fad.tif","13366","edc72dd782ab393000690ca2beb6ec762b69623fc554815c7e5b1c6832249d46"
"data\raw\res\2DG\2DG01_cell_009\2DG01_cell_009_lipid.tif","13366","195947db9b10c6bd9e8880aed75d9da45e1863124bb4449d7074897fa5d7f2bf"
"data\raw\res\2DG\2DG01_cell_009\2DG01_cell_009_mask.tif","13366","6959e9929c6163a29600fa656d180df1880cdff202db038909dc68dab4519da3"
"data\raw\res\2DG\2DG01_cell_009\2DG01_cell_009_nadh.tif","13366","35a8301f6934a72c8a6f70f996ffefae676e8c02e44468b93a53cccd3c98975f"
"data\raw\res\2DG\2DG01_cell_009\2DG01_cell_009_OCT.tif","39602","8b76c72f72efa15eee1ae8f6510dcb19413587ac57ef66a661bca45ff9934792"
"data\raw\res\2DG\2DG01_cell_009\2DG01_cell_009_protein.tif","13366","a4debb1936fbe48e9b5a1a8a657dedcec6f71f11a0cd382ff7d3eb32a4698c28"
"data\raw\res\2DG\2DG01_cell_009\metadata.json","258","eaafb4f383fd83af30d0657ec6a3cbdf09de8b756fa56097eb909b1a1a1e5002"
"data\raw\res\2DG\2DG02_cell_001\2DG02_cell_001_fad.tif","12190","d424f7169389ba90f4b6eb7ef7c11188f28e96c6ea927c1ab0394680cc7add3f"
"data\raw\res\2DG\2DG02_cell_001\2DG02_cell_001_lipid.tif","12190","071e385c147195dbded5471faa4b94c280a5f42612a8692e342d64fe1603373b"
"data\raw\res\2DG\2DG02_cell_001\2DG02_cell_001_mask.tif","12190","8e6215c890b8009d85df78bebe533ca650039a0de2aa2f4f9a3dd840a21c8e59"
"data\raw\res\2DG\2DG02_cell_001\2DG02_cell_001_nadh.tif","12190","1289511f9cdef58f0dd1b47a3e1455101aa1074388b94be9bf63a9b734a90db8"
"data\raw\res\2DG\2DG02_cell_001\2DG02_cell_001_OCT.tif","36074","05ae074d74e0461ce3fcf41db694e64a8e962b60592f5393165575d81c47e30f"
"data\raw\res\2DG\2DG02_cell_001\2DG02_cell_001_protein.tif","12190","a50276d81b9a162bd036706229ea56fe15dfa804e3a522d86abc5ea49433d27e"
"data\raw\res\2DG\2DG02_cell_001\metadata.json","256","22360df3727e3ee79cbf50c00bd90b8bb552a6183d45cd14991117e3a95a3ea0"
"data\raw\res\2DG\2DG02_cell_002\2DG02_cell_002_fad.tif","10453","cd2b91ddaccfee02737baaa9bda71af362212fd0c22782cc5ecf06bca57cfd83"
"data\raw\res\2DG\2DG02_cell_002\2DG02_cell_002_lipid.tif","10453","80527d93900177ccd969d3f426bca1df9465efefe1fc289ae36526a8690d27ec"
"data\raw\res\2DG\2DG02_cell_002\2DG02_cell_002_mask.tif","10453","ed338fb6a48baaa617f40bb0147d35c56859a27735eced49ead06717ad1d8738"
"data\raw\res\2DG\2DG02_cell_002\2DG02_cell_002_nadh.tif","10453","3b4b3be8fac3b206a1bda87af574724b374b6ae5de5fa7cfa8933f6e2e8a5906"
"data\raw\res\2DG\2DG02_cell_002\2DG02_cell_002_OCT.tif","30863","b406c659ec20e15410d1ccb66fda2e25578b5022b206864c9d46f6d620e35119"
"data\raw\res\2DG\2DG02_cell_002\2DG02_cell_002_protein.tif","10453","1629d1084b355b05ac485be75d646a0be4097c7b5f42a357e3e0cc08444bef2a"
"data\raw\res\2DG\2DG02_cell_002\metadata.json","257","86a0a2864f2e3b5e050de61036d09883d9f79b29956638ae65fc128d7c6ae9c5"
"data\raw\res\2DG\2DG02_cell_003\2DG02_cell_003_fad.tif","15336","cff8ae18e507afc37af67d73284b3df6cf726955510ecf37de11af1db362c7d1"
"data\raw\res\2DG\2DG02_cell_003\2DG02_cell_003_lipid.tif","15336","6b7f88cd6dddb333168ef7b8817de3de2817c7a8520bdfddec4f915dda1884bb"
"data\raw\res\2DG\2DG02_cell_003\2DG02_cell_003_mask.tif","15336","14c2b45ba570fe0eb32fd3544b03f4909684ee4f3392f320b6c0c73497f2259d"
"data\raw\res\2DG\2DG02_cell_003\2DG02_cell_003_nadh.tif","15336","4a57aeffca7b9f51aaa141f68a9faa1fa61ff63d0584db2903053ea2b2d3a3e0"
"data\raw\res\2DG\2DG02_cell_003\2DG02_cell_003_OCT.tif","45512","487b2b749e0308ae2ecda843531a39d6844c6625f3de4b70028d53942a31c036"
"data\raw\res\2DG\2DG02_cell_003\2DG02_cell_003_protein.tif","15336","f2f05bc44ae62f2f38239f095a9fd37ebc68b6992c3538e6d4c926a7e8ca2ae4"
"data\raw\res\2DG\2DG02_cell_003\metadata.json","256","71dfd923cfd425a4b1e250e7951be4351a54fda9b9cf2d1a4c798421cdedd60a"
"data\raw\res\2DG\2DG02_cell_004\2DG02_cell_004_fad.tif","11608","38c7a99b9b496d7058b7b8fab4c9fc2233d55e44381ed50d637ad787a48c1c48"
"data\raw\res\2DG\2DG02_cell_004\2DG02_cell_004_lipid.tif","11608","37add667a7e29ac0b400335f740edae7ba8a71c8cf6f7a59d1c346a0d8754d06"
"data\raw\res\2DG\2DG02_cell_004\2DG02_cell_004_mask.tif","11608","5d254f9bf4f6e8a506777d3f57e53a18758313eac6a2b314a6f732995da31124"
"data\raw\res\2DG\2DG02_cell_004\2DG02_cell_004_nadh.tif","11608","9ee1adf1ca609928fa96b1123dc9932eab63146176d7898b837056c330d7f47b"
"data\raw\res\2DG\2DG02_cell_004\2DG02_cell_004_OCT.tif","34328","c465beefe2ba1b1444ec706737c0a98c9ff9c5db2b38a98cfeb2b63c66e830c7"
"data\raw\res\2DG\2DG02_cell_004\2DG02_cell_004_protein.tif","11608","250a9fa2b90bac9779a4d6366accced7b5d323f64ae4fde689b482097e8a2ffc"
"data\raw\res\2DG\2DG02_cell_004\metadata.json","257","13d2b1de525abb778186965509aab1f106b30e8f1ba781a98fc39bfb6d6540c3"
"data\raw\res\2DG\2DG02_cell_005\2DG02_cell_005_fad.tif","14176","fa5b62c499183d3a5e60c24bc09b04a63638b86b137aa3580ccd32dfe9d5ac36"
"data\raw\res\2DG\2DG02_cell_005\2DG02_cell_005_lipid.tif","14176","f055cea4ce96c31734eec6750a7a63436136a612aa8523f4876b4830fca76b7e"
"data\raw\res\2DG\2DG02_cell_005\2DG02_cell_005_mask.tif","14176","12f46601441887814fabf58b1d3343d6637b6dc2378d64b421af25fa33aa89b9"
"data\raw\res\2DG\2DG02_cell_005\2DG02_cell_005_nadh.tif","14176","673cb130761eefb3fbfc7e9afd00a772dcf3b047a387f352b3e885133b16d1c7"
"data\raw\res\2DG\2DG02_cell_005\2DG02_cell_005_OCT.tif","42032","9fed68d87209eb1d07481b7ac6dc8747c0cf5d28be87cda49c509a173decf20a"
"data\raw\res\2DG\2DG02_cell_005\2DG02_cell_005_protein.tif","14176","9ff07ef3441a46e01e4683a9a84b4c15d90c8771241aac80b813eeb115ea6770"
"data\raw\res\2DG\2DG02_cell_005\metadata.json","257","06a2589b2564893a9e3385b7a44e7d958ecf1b6cd06b68539b97a036dccba2b5"
"data\raw\res\2DG\2DG02_cell_006\2DG02_cell_006_fad.tif","21294","028c7d62ec40a369dd08c9618f2f18721532d36d52939077ca67ba64dde9aceb"
"data\raw\res\2DG\2DG02_cell_006\2DG02_cell_006_lipid.tif","21294","1960dfd67cfa95f25560daf646107a27258d46a5f9101c2e6986f3bdb101e897"
"data\raw\res\2DG\2DG02_cell_006\2DG02_cell_006_mask.tif","21294","a18ff71e75ef5d9cfc5e79557ce48720aedf00b97804b9310292aa2bd37f1819"
"data\raw\res\2DG\2DG02_cell_006\2DG02_cell_006_nadh.tif","21294","f36f92144d197ee87c43ce51b710b945be9d4f2704254aafce7522eeaddc5b19"
"data\raw\res\2DG\2DG02_cell_006\2DG02_cell_006_OCT.tif","63386","c3f7b4891d8673a00db793288635c2bc9a265c7d0027ce7f760597883b6b88d9"
"data\raw\res\2DG\2DG02_cell_006\2DG02_cell_006_protein.tif","21294","4116a5b2e98c328863e2ffc28c81e53d3f9df6cfc33bd21f55a3f88bdd20d0b3"
"data\raw\res\2DG\2DG02_cell_006\metadata.json","256","a2c9aebb17dd2ce32958376f66fe0f8483ddcb28a835556b1836c627740411f8"
"data\raw\res\2DG\2DG02_cell_007\2DG02_cell_007_fad.tif","15384","e2c46f1620c604006799f8398d0df13794dd1992f48f4e3e5713ed14f2a2546a"
"data\raw\res\2DG\2DG02_cell_007\2DG02_cell_007_lipid.tif","15384","1d450071628bd7f051edd71471b1e1044d40266666f696dac4ae6829a7eb39f3"
"data\raw\res\2DG\2DG02_cell_007\2DG02_cell_007_mask.tif","15384","c4376775ecaffcdb0943fed7a0e3656bf97815f7eb7ef3d547624e877356a25c"
"data\raw\res\2DG\2DG02_cell_007\2DG02_cell_007_nadh.tif","15384","1ac17217fc7e1851ffb54cca3cb84f421e1607cf3d839688b330d024255a4378"
"data\raw\res\2DG\2DG02_cell_007\2DG02_cell_007_OCT.tif","45656","e3bdd8c5fe6a5a9fbd0dcd7a02588c88dde5727edb7ae7f482d6e29bf2552fe9"
"data\raw\res\2DG\2DG02_cell_007\2DG02_cell_007_protein.tif","15384","add70eacf3b95c1d7a9033a5f99dd941a85ef159a03fdfe6c2867d5bd0009f60"
"data\raw\res\2DG\2DG02_cell_007\metadata.json","257","436423f5fc15f68ae0788885c9e6e043003d288b2ecc38b5debe6c2974f53d79"
"data\raw\res\2DG\2DG02_cell_008\2DG02_cell_008_fad.tif","10938","829f7e11c00bf32159d21d91ffc497a511eb0b2bac02439255eecc364748df77"
"data\raw\res\2DG\2DG02_cell_008\2DG02_cell_008_lipid.tif","10938","005d81eeb3c08561094057f57e1587aad4e552adad970502b71b516ceae2d8d7"
"data\raw\res\2DG\2DG02_cell_008\2DG02_cell_008_mask.tif","10938","94c6c98ab5d148f7f1061a27adef4c285e03f4575de952bfe6839d24c093c507"
"data\raw\res\2DG\2DG02_cell_008\2DG02_cell_008_nadh.tif","10938","1fecc43376b358d2057e93ad59110ecb2a826d689214f6b37082099450615242"
"data\raw\res\2DG\2DG02_cell_008\2DG02_cell_008_OCT.tif","32318","97b403614af9c3c9b473b742e007c706b47e79de38653a4bfbdd07fa743a96ef"
"data\raw\res\2DG\2DG02_cell_008\2DG02_cell_008_protein.tif","10938","5a283739ffe30d7f827bd5a48e7c2bca8472db614e60d210b340d307ab125f5a"
"data\raw\res\2DG\2DG02_cell_008\metadata.json","258","533a76909baa4f52665419466201b2a62abb517458c64c35828428c9b92c3f89"
"data\raw\res\2DG\2DG02_cell_009\2DG02_cell_009_fad.tif","11770","ddf6d5097499b38f088df119efd181a39aac63a99bc05c560ad5103190e2521b"
"data\raw\res\2DG\2DG02_cell_009\2DG02_cell_009_lipid.tif","11770","d1ceba94e7f4a2e468507be82e5de0f18f0d72214d02c31fce4e3efa53e92091"
"data\raw\res\2DG\2DG02_cell_009\2DG02_cell_009_mask.tif","11770","ea4c580104105d099c4b79c7fcdee025db3a18801ac49090d00f0c8a9ea4511f"
"data\raw\res\2DG\2DG02_cell_009\2DG02_cell_009_nadh.tif","11770","8882501844699986ce553612da02f0215ee9afa89cde62c8bfc7f8a26f853be9"
"data\raw\res\2DG\2DG02_cell_009\2DG02_cell_009_OCT.tif","34814","98e33f37fc19be9f7bcc7a1f5c4968fe34de619ee5b48e0e8e61653be65bdf91"
"data\raw\res\2DG\2DG02_cell_009\2DG02_cell_009_protein.tif","11770","7f9851917c42ee631dc575d850f355803387958d171a4d8a7970bc0a69b17aa4"
"data\raw\res\2DG\2DG02_cell_009\metadata.json","258","5cfd7c8a5a3efff07afc58b43eb6d624997d110dbbad16f98280be3b906311fd"
"data\raw\res\2DG\2DG02_cell_010\2DG02_cell_010_fad.tif","13880","47695dce8b94e5554ef8724917b21cdd23d7c7c1baa4d21adf06649561e41745"
"data\raw\res\2DG\2DG02_cell_010\2DG02_cell_010_lipid.tif","13880","b3b29743f6aa47b2baaeedc76f551197d01f4d919918705d2ee1264970e9282c"
"data\raw\res\2DG\2DG02_cell_010\2DG02_cell_010_mask.tif","13880","166124c71ee18a8e6799a44e6bf66747710f1858ab028fc0849d4f85c4cf9eae"
"data\raw\res\2DG\2DG02_cell_010\2DG02_cell_010_nadh.tif","13880","8c78598bcaf80b823cfc473f71ac632aa6a1bbb8b8ed0ce4802a9eb9571f42b0"
"data\raw\res\2DG\2DG02_cell_010\2DG02_cell_010_OCT.tif","41144","5b4b13b77128b7d870be9e4a521134f4739af1148b3d86baf7625dd97713636a"
"data\raw\res\2DG\2DG02_cell_010\2DG02_cell_010_protein.tif","13880","0b57b5c8fa6d56128b7b238541f4b166dd1ee97d8f08cf6a77a29ee0c3cf8114"
"data\raw\res\2DG\2DG02_cell_010\metadata.json","259","1b0b5719380eb0edd257eecdf3b9b5bc3a39646334edabd786dc0e15b0ec8e48"
"data\raw\res\2DG\2DG02_cell_011\2DG02_cell_011_fad.tif","19366","06bfad1914efce7d12438024d04578a1209547933d4f78c0f98a7d539854ab04"
"data\raw\res\2DG\2DG02_cell_011\2DG02_cell_011_lipid.tif","19366","29ed7853b777e446fda0197efabf02922810451c2256da9696625c9ed7c7b192"
"data\raw\res\2DG\2DG02_cell_011\2DG02_cell_011_mask.tif","19366","f23712a69346e351de7d43fff6d3ae31eb15d34a2a001ec178862064f0b2cf71"
"data\raw\res\2DG\2DG02_cell_011\2DG02_cell_011_nadh.tif","19366","f842056050b7ac146a7f21a2b008c42164c150cc7a65eeaaf529d507d48cd52d"
"data\raw\res\2DG\2DG02_cell_011\2DG02_cell_011_OCT.tif","57602","7fe6f2addaa23f6f2108fd00e4db8f6e336ec8f92bf155e6b57ba9e06fe0d2fb"
"data\raw\res\2DG\2DG02_cell_011\2DG02_cell_011_protein.tif","19366","049eaa5381b83908462a07f61ff432622f9bbeb060ad8de686fdf294d94b5e33"
"data\raw\res\2DG\2DG02_cell_011\metadata.json","258","61f50ba2b562bf8603a04a9e038797e7f3fa1301b728e0e80d9c6aa7a4fb3a52"
"data\raw\res\2DG\2DG02_cell_012\2DG02_cell_012_fad.tif","12160","9d74148c7c3d674df03f4254da3d9adbd1a1da8edffe36214f2ad9148212b218"
"data\raw\res\2DG\2DG02_cell_012\2DG02_cell_012_lipid.tif","12160","8fde838bd2121f1f54acdacb6051bcb5b27bae17e5cf8e875b360058829651f9"
"data\raw\res\2DG\2DG02_cell_012\2DG02_cell_012_mask.tif","12160","6e3c84abcf54009513bbb913c3d1601839962755e396a6923752e17044bcfc70"
"data\raw\res\2DG\2DG02_cell_012\2DG02_cell_012_nadh.tif","12160","42b2fab74ad1fb110b1239c58b37937fcbf0099bc3575085327f21a2268d82d8"
"data\raw\res\2DG\2DG02_cell_012\2DG02_cell_012_OCT.tif","35984","35ca03f641554e0900f87a265900c505d86e367d1b0c0288c9c259f2d0b21ac8"
"data\raw\res\2DG\2DG02_cell_012\2DG02_cell_012_protein.tif","12160","4315804611488b724b72212db7699f9225024275b6e4166b7c9d90b9412d7fbf"
"data\raw\res\2DG\2DG02_cell_012\metadata.json","259","93a5dfbf380dff511b1b698172a3b9c2df209f7841a852c3af62f4ca180c2ed6"
"data\raw\res\2DG\2DG02_cell_013\2DG02_cell_013_fad.tif","20792","f1ad3a8d7816df37341f8c95dc5d01bdfaea7221c0563baf319fc239d08eb48c"
"data\raw\res\2DG\2DG02_cell_013\2DG02_cell_013_lipid.tif","20792","bd498ccd043dd97acde75833c719c3cdbbd2940c44da6c02246a718a60768cec"
"data\raw\res\2DG\2DG02_cell_013\2DG02_cell_013_mask.tif","20792","578235fdd7efda6d0f2aa8a7e6e7fc61fe5e95d7b94e4e15306de5c5b99dfdd9"
"data\raw\res\2DG\2DG02_cell_013\2DG02_cell_013_nadh.tif","20792","17bebfe057dc9191c79d047ac5285ad2033fdd5c9cca74313a47635a7d4a4a5a"
"data\raw\res\2DG\2DG02_cell_013\2DG02_cell_013_OCT.tif","61880","2b79afc729c527cb84ab4d1f60f3c04a23e8f1ba30d5d601ba3414b9b169451a"
"data\raw\res\2DG\2DG02_cell_013\2DG02_cell_013_protein.tif","20792","c5002f604f373e5cd2b187424fe29062cc283b064571b5b9fc0eb3bfd54bc09f"
"data\raw\res\2DG\2DG02_cell_013\metadata.json","259","29b10be04d794c1ef8ea2cc2773e0486bb7ec988aa9529765a5df3203d1dd010"
"data\raw\res\2DG\2DG02_cell_014\2DG02_cell_014_fad.tif","15220","a8b184e0bde4e9d5b27affdec2d1519fe7458154633b9ba5f1018de1ecc1d84a"
"data\raw\res\2DG\2DG02_cell_014\2DG02_cell_014_lipid.tif","15220","d6023462ebccc4d86da2b19c0ed3e2fdce345874e5d2654396d879b2fa69d457"
"data\raw\res\2DG\2DG02_cell_014\2DG02_cell_014_mask.tif","15220","885648c6f93c8efcd15ba536c6f319ed3fab1fbd7bfdb0d0b599b70201fef6b5"
"data\raw\res\2DG\2DG02_cell_014\2DG02_cell_014_nadh.tif","15220","02e297b8b99bf796d9318dbad1ae34a2197d5e9745febea63aab8c1178e74d1a"
"data\raw\res\2DG\2DG02_cell_014\2DG02_cell_014_OCT.tif","45164","8eb8cf9ca35afd340df2bb9e7a0b440ae59e1d80830ad4aa06b82e68280ce17b"
"data\raw\res\2DG\2DG02_cell_014\2DG02_cell_014_protein.tif","15220","7ded4759506ec93cac257d4fc7804145e77090eccb62e0fdfddf4f9fe2be7d43"
"data\raw\res\2DG\2DG02_cell_014\metadata.json","259","4444ff4e2c26b89cf31350d77e4f9b8009a637b259a86459d4daa127b33d4456"
"data\raw\res\2DG\2DG02_cell_015\2DG02_cell_015_fad.tif","13432","7b4d0a310757ccbc71fa4f6234e6ad195d4c210b028707a56c30c67d88092485"
"data\raw\res\2DG\2DG02_cell_015\2DG02_cell_015_lipid.tif","13432","b72283dd96dcc253e9645b8cf15279821c7443b5e588958f788ca92c73283443"
"data\raw\res\2DG\2DG02_cell_015\2DG02_cell_015_mask.tif","13432","f80beee0508054079999eb9cf31667e9a0f6b8db41932df8ddfdaf929d10a5e2"
"data\raw\res\2DG\2DG02_cell_015\2DG02_cell_015_nadh.tif","13432","2606c228612f944f39df392d01d86ef02ac90d6a97f57e335230181d211f84c9"
"data\raw\res\2DG\2DG02_cell_015\2DG02_cell_015_OCT.tif","39800","52d7cfa25f4fe6ca470a37a0b5ce8317fc74d89b2a50a0bbda5b4464f5b98cd3"
"data\raw\res\2DG\2DG02_cell_015\2DG02_cell_015_protein.tif","13432","184ab73d2191093d6be981ad15153e8ec3e3da7077c8684515cd0ff7ba2f4d0d"
"data\raw\res\2DG\2DG02_cell_015\metadata.json","259","9dbe7d6559a28ee22197cf9f742318c597418891ed8ee5ef707a8b4a2eb1b135"
"data\raw\res\2DG\2DG02_cell_016\2DG02_cell_016_fad.tif","14188","ba39dbb54270711cc6ee93d2b722bcb69ef538e8457b1f726d4875d6d9fd0a69"
"data\raw\res\2DG\2DG02_cell_016\2DG02_cell_016_lipid.tif","14188","8c761a26bd29bed30f94cc89f7aa15b4891ef59abf5cf5a79e37c6fd9f8f7bda"
"data\raw\res\2DG\2DG02_cell_016\2DG02_cell_016_mask.tif","14188","4c3284e30d8fbeb0f84a7bd9a5bc549d381232fdc335db2a1cf8e0b343bdeaf7"
"data\raw\res\2DG\2DG02_cell_016\2DG02_cell_016_nadh.tif","14188","04f435d3c2454278a7b5b554dd0aa223248298a53db0afa1ff91002929b47115"
"data\raw\res\2DG\2DG02_cell_016\2DG02_cell_016_OCT.tif","42068","6199697624d3019e312cd93e269540192629331541d54cc31aeef048a6588f8c"
"data\raw\res\2DG\2DG02_cell_016\2DG02_cell_016_protein.tif","14188","391cf1ed3346d72c5328e89edaa0832d48ab28dac97b17ebd78f0cfbb310409d"
"data\raw\res\2DG\2DG02_cell_016\metadata.json","259","d3fd623bd714c5aaaa22b7de52e3f4105adc1331a49e0b0a2b080e0bf86395c0"
"data\raw\res\2DG\2DG02_cell_017\2DG02_cell_017_fad.tif","13790","0d251caa644be36574a476a0ba942d5478e126aec09cde556dcef7f696763c5f"
"data\raw\res\2DG\2DG02_cell_017\2DG02_cell_017_lipid.tif","13790","e82decc322ea56c6b7b714b85c57589b184c9472c6a626f6a0410058df7ae818"
"data\raw\res\2DG\2DG02_cell_017\2DG02_cell_017_mask.tif","13790","4021c319066374f66c1fcd857518d29603bd49ce6218a7c0c20ccd7f9a4eb831"
"data\raw\res\2DG\2DG02_cell_017\2DG02_cell_017_nadh.tif","13790","4298f76fbbbaf302ebdb1cc21a8fe457e7e3dcac41e1569daf3c757ddc95fcbe"
"data\raw\res\2DG\2DG02_cell_017\2DG02_cell_017_OCT.tif","40874","48bb3611c9c2622cf4360e0e9c7e8e57939e0e54569be5dcf18d484ca13d01bd"
"data\raw\res\2DG\2DG02_cell_017\2DG02_cell_017_protein.tif","13790","5f94d70d367913f0c6e3af0994dc9356a33634ee87a48c519670e31b419bc837"
"data\raw\res\2DG\2DG02_cell_017\metadata.json","259","ed8d56e99a6b3a0ca604769dec7e513aa7707d2d16650d96c6c657e396ebf228"
"data\raw\res\2DG\2DG02_cell_018\2DG02_cell_018_fad.tif","14566","6990da5694eb430c102174e2e346601d5406059fc676503b082a317ede0c5de4"
"data\raw\res\2DG\2DG02_cell_018\2DG02_cell_018_lipid.tif","14566","28eeb37de67b8c1a359cb7423727f6ecb384a6e0660d3d26ecc8fe23b63ee606"
"data\raw\res\2DG\2DG02_cell_018\2DG02_cell_018_mask.tif","14566","8f9b00be73d8039fec30a6dcdce30e704256aab54ad1a86ba98c3b7984c07083"
"data\raw\res\2DG\2DG02_cell_018\2DG02_cell_018_nadh.tif","14566","0f0ff963c9203a7a80c280fa3357ac634b9eb6535bbea07c7fac05a3f437e960"
"data\raw\res\2DG\2DG02_cell_018\2DG02_cell_018_OCT.tif","43202","b2d537d107125994a82f8abbc7856c07af251ce31c3069b44cc614ea130df8ef"
"data\raw\res\2DG\2DG02_cell_018\2DG02_cell_018_protein.tif","14566","d412b194c32773470b89d5bb6db7d5f6661b9a5cf4c97ff19179dc886f6ccef7"
"data\raw\res\2DG\2DG02_cell_018\metadata.json","259","1fca12337da54ef984859670bb4efe7013b08f0e3c19bc5910fa41bd14270656"
"data\raw\res\2DG\2DG02_cell_019\2DG02_cell_019_fad.tif","13826","9a3ee7fd17aaff9cd9070a8d24a55a3ad76963c41d44fc07f7862e5922257821"
"data\raw\res\2DG\2DG02_cell_019\2DG02_cell_019_lipid.tif","13826","e5f382867673ddcb83df7a3e62d52fecc4edbaacb8c8a830f3aadea0e171367a"
"data\raw\res\2DG\2DG02_cell_019\2DG02_cell_019_mask.tif","13826","ae5ab1fb4957d46a7f3dc50eda7903a30f8c68b27a8b5a39008a47ebb291f265"
"data\raw\res\2DG\2DG02_cell_019\2DG02_cell_019_nadh.tif","13826","b88c81113cf4f351d5d9dab2ccc389d17fffe27508fb6af7fd733bf45c1547f9"
"data\raw\res\2DG\2DG02_cell_019\2DG02_cell_019_OCT.tif","40982","e510f5a646b23b59f3777668374ea0c71edc1e5f015e43ef48144201ebb43ced"
"data\raw\res\2DG\2DG02_cell_019\2DG02_cell_019_protein.tif","13826","4e863df14e87801d8838eb6bb8b1751963bfe0efa7b8157385371c274b13befc"
"data\raw\res\2DG\2DG02_cell_019\metadata.json","259","a3572a84387ab57725cbe67d1dca5b2176f59c9143bf226dc5af373ac672b1b4"
"data\raw\res\2DG\2DG02_cell_020\2DG02_cell_020_fad.tif","17317","dd1f6e33affd1839f8304c3d85f9cf36a74e152a470ef12aea15b13b78169891"
"data\raw\res\2DG\2DG02_cell_020\2DG02_cell_020_lipid.tif","17317","30e6795abf4af8750efca8480f6031216a3855fa368d74022b01eb9454e82a29"
"data\raw\res\2DG\2DG02_cell_020\2DG02_cell_020_mask.tif","17317","4abc6978b8e942456605be09dcff06897e877360b83d74f4ab4e2a01bb45ccbe"
"data\raw\res\2DG\2DG02_cell_020\2DG02_cell_020_nadh.tif","17317","2164d17338712deb0e5da8e9e01e20eed6b88deb2380dd9db86603b4e3572808"
"data\raw\res\2DG\2DG02_cell_020\2DG02_cell_020_OCT.tif","51455","aef0c738c4294aca179f1bb472437302db247dc16707b7110fc1e5df56b210b8"
"data\raw\res\2DG\2DG02_cell_020\2DG02_cell_020_protein.tif","17317","ebfba7e639023f86511bc954a6b64003546b4e4f13490b27c1ee220ada606d7d"
"data\raw\res\2DG\2DG02_cell_020\metadata.json","259","fd26c29cf24ac041bb882e265271af5d5765e46cf9412be99ee114656df76b37"
"data\raw\res\2DG\2DG02_cell_021\2DG02_cell_021_fad.tif","14776","290fa5b07884022c448fc91000c9cb164b6934783dcf98a545e54e8001653978"
"data\raw\res\2DG\2DG02_cell_021\2DG02_cell_021_lipid.tif","14776","bc7aeace3467fa1bfbc799232c136a64ecdded0f00ce3ff30ce11dac96fb9759"
"data\raw\res\2DG\2DG02_cell_021\2DG02_cell_021_mask.tif","14776","fb3634911c53b3ad260eb72257ef0bd5991477cf6fc78201bcd4912ea3dd54b1"
"data\raw\res\2DG\2DG02_cell_021\2DG02_cell_021_nadh.tif","14776","61b9c068fab7e4d0cbb27a31785878d741d77d3b9b6dcc738546a5478cac915e"
"data\raw\res\2DG\2DG02_cell_021\2DG02_cell_021_OCT.tif","43832","aa2e3b5782cf299ee3522f0d2fb99e4ab530524b1fd18e248965bb20bdfc700b"
"data\raw\res\2DG\2DG02_cell_021\2DG02_cell_021_protein.tif","14776","2e3ac51604a53732be39361ee77250abd62bb4e8c35dbe314a3ce952fd959839"
"data\raw\res\2DG\2DG02_cell_021\metadata.json","259","1e177ca7d526bd0854f78857fc0601429e6302dbcde11ce35b7bb9e12be3e2ae"
"data\raw\res\2DG\2DG02_cell_022\2DG02_cell_022_fad.tif","11919","feb4d33b0267e36d1d91295c28286d2f54d1916c9010947a4e02b3fec26533a6"
"data\raw\res\2DG\2DG02_cell_022\2DG02_cell_022_lipid.tif","11919","2528529716d209f0adac2ff740b21257ff382570b77c48429d9ae60853a1fcad"
"data\raw\res\2DG\2DG02_cell_022\2DG02_cell_022_mask.tif","11919","09551c91bd1672758190f6587489255d7348166f048add37ad4992f07c0ea70b"
"data\raw\res\2DG\2DG02_cell_022\2DG02_cell_022_nadh.tif","11919","bf3c4e972803a90fa16b507122504e7a4c327250f0b5b6ebb38a4dea82587382"
"data\raw\res\2DG\2DG02_cell_022\2DG02_cell_022_OCT.tif","35261","3382453829255181f0e403dbeae8280a5f6bc2e9bfb55813661f35b45f329c9e"
"data\raw\res\2DG\2DG02_cell_022\2DG02_cell_022_protein.tif","11919","bb6e3ccb098cf48fbb088ffc7ffe1868557f7fe02946a8b4eb84308c8c08f642"
"data\raw\res\2DG\2DG02_cell_022\metadata.json","259","353a0de58c74ebff4c673ff5706517ace8ebb7f6c63e992ef3fcf5ba9a26c1fb"
"data\raw\res\2DG\2DG02_cell_023\2DG02_cell_023_fad.tif","11598","c2a7da1d6d05f46a552910eb4bca78c650cb6851cc300424d3d49d584e6245a0"
"data\raw\res\2DG\2DG02_cell_023\2DG02_cell_023_lipid.tif","11598","ee8422d5442a4f053c72d3755273a89b48c60b7f76913deab9f1230a01ca915e"
"data\raw\res\2DG\2DG02_cell_023\2DG02_cell_023_mask.tif","11598","97bc1ae5e7fdccd4d2dc41231ed1d9ed1f66a8a2cdf3ad34a2b775bf9e1421f7"
"data\raw\res\2DG\2DG02_cell_023\2DG02_cell_023_nadh.tif","11598","519aa5d83c5d9b45da1a9a7076f92216ab418f12c460b47eef6091fe04f7f171"
"data\raw\res\2DG\2DG02_cell_023\2DG02_cell_023_OCT.tif","34298","1c67cdf2748a7b23956a35ea51d64e9fcca33ce775d8b9abfa689158b59cec27"
"data\raw\res\2DG\2DG02_cell_023\2DG02_cell_023_protein.tif","11598","3cd767a530bba07d2612c8004545c3905c191804475c3df027a6d03bfad5ad43"
"data\raw\res\2DG\2DG02_cell_023\metadata.json","259","9281a1d6ace501b443be60a03fa4195c63cb527f2a22dcbe5dd4dcc1ea44664a"
"data\raw\res\2DG\2DG02_cell_024\2DG02_cell_024_fad.tif","9043","b656606c347c9b7ea4c8f47867054394d6431095b781dcdccac343957a194039"
"data\raw\res\2DG\2DG02_cell_024\2DG02_cell_024_lipid.tif","9043","0fa7c6bcef7a8d3ddf90bc6bc6bb85a39f272604661c35739115fdf464076e3e"
"data\raw\res\2DG\2DG02_cell_024\2DG02_cell_024_mask.tif","9043","795c621cc12be0201716b8b7cae17ea5628539a96d47ebfa2d1f75bda014fc55"
"data\raw\res\2DG\2DG02_cell_024\2DG02_cell_024_nadh.tif","9043","ea3f79c55677ff9d2e2f9e9c814e0973589c7ebd09f81c47452bd491fedfe0d7"
"data\raw\res\2DG\2DG02_cell_024\2DG02_cell_024_OCT.tif","26633","f42763ea6edcdbe3e58f26eb7c98bad45028f9a73b5cffa103389a02917f977c"
"data\raw\res\2DG\2DG02_cell_024\2DG02_cell_024_protein.tif","9043","60923def10bb0f2a77a744a4b0803ea909a845ba8b936f15c6b0da3dfc65c172"
"data\raw\res\2DG\2DG02_cell_024\metadata.json","259","6ef0df22b704fb844ca5892fcf6cd7b6c308b9d4fe39768ad1636aed8be712dc"
"data\raw\res\2DG\2DG02_cell_025\2DG02_cell_025_fad.tif","13251","f3009d16fb600b9c221c1f8f54821ab4460849a2cfdbc948cab6d97ccfcf55ea"
"data\raw\res\2DG\2DG02_cell_025\2DG02_cell_025_lipid.tif","13251","7215f345f0be1d6e61daa56d538c992c75e844ce9bd55dab942577d1f04bb69a"
"data\raw\res\2DG\2DG02_cell_025\2DG02_cell_025_mask.tif","13251","84af7f61a3dd2129407e0842031aa4c2080804f2e13a42992c0040f3572677d9"
"data\raw\res\2DG\2DG02_cell_025\2DG02_cell_025_nadh.tif","13251","ae0881d4a74c6f1de002c3cda517b5b36a8fa0b9e2f68a6826b0fe1188ae07da"
"data\raw\res\2DG\2DG02_cell_025\2DG02_cell_025_OCT.tif","39257","b3fd401c322025ddb97550a406e32aa9bd28562ad868f7fc4e61034b4749d434"
"data\raw\res\2DG\2DG02_cell_025\2DG02_cell_025_protein.tif","13251","ef1173ad629aa7300fb88c11584fa47352443e8f00c779f1b45ea4d8feb9f1c1"
"data\raw\res\2DG\2DG02_cell_025\metadata.json","259","6da4c1f370439af0feb48a3c4f55cff7cd42c8bb4c20c85d83fde585ba5df81e"
"data\raw\res\2DG\2DG02_cell_026\2DG02_cell_026_fad.tif","14656","133afbb1854fe3ea1e6ea9b6708d889961a7186bfa0e81608b76a950e8a354df"
"data\raw\res\2DG\2DG02_cell_026\2DG02_cell_026_lipid.tif","14656","e329f88abc600cbb1bd420f4a5337180887a3b83aa83333b9e97dc9fe748211a"
"data\raw\res\2DG\2DG02_cell_026\2DG02_cell_026_mask.tif","14656","84524a6a43cd289433df86ea2e1d19979327c7d32c72a98683c825a91e83211e"
"data\raw\res\2DG\2DG02_cell_026\2DG02_cell_026_nadh.tif","14656","222e78efbb71e388c1845118c31c4da466ee3f76e656eeaeb6824f13a7a05f08"
"data\raw\res\2DG\2DG02_cell_026\2DG02_cell_026_OCT.tif","43472","d91667e96a1299d471a100f5fe16e77cbda40f555a989bb13d2a7e8761ab3960"
"data\raw\res\2DG\2DG02_cell_026\2DG02_cell_026_protein.tif","14656","2952b4e2f1d8d1f25c626a3179cb253a47384108c75d3c7fd0a702fb3caa0085"
"data\raw\res\2DG\2DG02_cell_026\metadata.json","259","bfa51d2182d4268633e4bc7376b8f35a0d3515792fccb147e9ce0eb4294493df"
"data\raw\res\2DG\2DG02_cell_027\2DG02_cell_027_fad.tif","20353","9b9d6a1e403a9b50ca6253e529ea813388ced3f647d7a7664ca4a3f5d30aa74f"
"data\raw\res\2DG\2DG02_cell_027\2DG02_cell_027_lipid.tif","20353","05fe799ca71364faef13f9e3a9d4e538b84f840fb9c538e76047ea5c3dbe7015"
"data\raw\res\2DG\2DG02_cell_027\2DG02_cell_027_mask.tif","20353","2bd123ee9f8b21b83f5cfca6a5523efe482fe972f0d576b69da2b99a880bc975"
"data\raw\res\2DG\2DG02_cell_027\2DG02_cell_027_nadh.tif","20353","16aecbcd54fdc58ea0acb6ff2bf4be22fccab4e5a8b486d5f93ec95012dc4482"
"data\raw\res\2DG\2DG02_cell_027\2DG02_cell_027_OCT.tif","60563","675cad5df427c85680c6a86b7795731b820618c4b324b3caed84dbd89b842cc7"
"data\raw\res\2DG\2DG02_cell_027\2DG02_cell_027_protein.tif","20353","e2e01af0ff14f5ac6f52a7d424c432ab68308416a2591564363595c1caa1a4c1"
"data\raw\res\2DG\2DG02_cell_027\metadata.json","259","d2f325dabf6718036eaa1910adf67229862b86e15be17c717dc5bd4645c29b5e"
"data\raw\res\2DG\2DG02_cell_028\2DG02_cell_028_fad.tif","12466","e4745e9a61c722392eb0624c511c18f9e562727af63de95a01f4c3e5ba36ae75"
"data\raw\res\2DG\2DG02_cell_028\2DG02_cell_028_lipid.tif","12466","10591264229a350e810a3f5735d0763c592c424aa75c909d29247c18e199ad6d"
"data\raw\res\2DG\2DG02_cell_028\2DG02_cell_028_mask.tif","12466","1413a8db51fb521fb57744b133a2d322cafc3a79b5855fcaa19aefef23bac54b"
"data\raw\res\2DG\2DG02_cell_028\2DG02_cell_028_nadh.tif","12466","982e425000d16388d45821e200d6bf814ec5cd03bd1f8d73c2ff190206cc3946"
"data\raw\res\2DG\2DG02_cell_028\2DG02_cell_028_OCT.tif","36902","488d7f58db690781221ab57db0bb301910a3ad94636c3c58dcb39b3bc38cf55d"
"data\raw\res\2DG\2DG02_cell_028\2DG02_cell_028_protein.tif","12466","17b65893f93e4774a82ea9c1a188b9c96779233f88808a32cf83db218493ec75"
"data\raw\res\2DG\2DG02_cell_028\metadata.json","259","74be13f12a718185e2f3c279dbc5afbd38302133ffacc5d0d6ce2f623d9f1954"
"data\raw\res\2DG\2DG02_cell_029\2DG02_cell_029_fad.tif","41552","8a0a8bc4b783e769ebd85fb8fa6cc69c022fe1d64ca835bbc06dc330ee4eeee9"
"data\raw\res\2DG\2DG02_cell_029\2DG02_cell_029_lipid.tif","41552","d6a69be1a6eb32122625726710fab3ffbb4e23f0c3226aecd540ecb87a3658ab"
"data\raw\res\2DG\2DG02_cell_029\2DG02_cell_029_mask.tif","41552","f7a8253ec0bf7357bdf80576d00a92e7b5fa68051480ffb6f9a8a996c94b47c7"
"data\raw\res\2DG\2DG02_cell_029\2DG02_cell_029_nadh.tif","41552","b3a4e5a699142b955d5dc7916633eafe21908e1954f024c2de48b3a022cfe35b"
"data\raw\res\2DG\2DG02_cell_029\2DG02_cell_029_OCT.tif","124160","ccaca837f934608d33d7d8348c67b298ac1290f43fa6c782717c6fa3a173a608"
"data\raw\res\2DG\2DG02_cell_029\2DG02_cell_029_protein.tif","41552","daf003305431c5ef0f1e0873a1cec0d157ade68a91243e1d7e5be3e779ac4e26"
"data\raw\res\2DG\2DG02_cell_029\metadata.json","257","149d81ac75b393463f745088fa1615b1506f314e509aab1dec784b2a391c5aa8"
"data\raw\res\2DG\2DG03_cell_001\2DG03_cell_001_fad.tif","14264","357e373af19153b0dc09626738c56ea082da476c51ddd78cb6a8e4f5a1cd8cd3"
"data\raw\res\2DG\2DG03_cell_001\2DG03_cell_001_lipid.tif","14264","aa32b72cc7dfecd43fd8f6c1591f02c16ddc5f80b00d372be98ff6c6d5edba60"
"data\raw\res\2DG\2DG03_cell_001\2DG03_cell_001_mask.tif","14264","e12a85ae2136494d5539855b86e60eb83524f92caa7a3a4daa9d3c80a3064c6d"
"data\raw\res\2DG\2DG03_cell_001\2DG03_cell_001_nadh.tif","14264","ea800f7ef47098bbf2b52667b9bbf87c0390c92c2816a98f757e825b59b83ceb"
"data\raw\res\2DG\2DG03_cell_001\2DG03_cell_001_OCT.tif","42296","227f57fb61e9f4d637511d2c9104e420e1a002b9c2c7fdb9a9e28a68be38e551"
"data\raw\res\2DG\2DG03_cell_001\2DG03_cell_001_protein.tif","14264","d44a2a524a6ca269a59246af62a7e2eb06ee0144e84cf0a431b6dfebf08e0d40"
"data\raw\res\2DG\2DG03_cell_001\metadata.json","256","87c02dcf16d8c3d37f6c4a04e9463cd7d1497e6f1849a882c664fe23a58b32e4"
"data\raw\res\2DG\2DG03_cell_002\2DG03_cell_002_fad.tif","16996","25a6e37d42a1c89db5db6e40f0ed9ff6d5000af15decfb5ccb2a03edc80c5ee8"
"data\raw\res\2DG\2DG03_cell_002\2DG03_cell_002_lipid.tif","16996","9f3b916d067832e036d3814b2a90e8c7d223be2d19fd60d518bb9779fdfff04b"
"data\raw\res\2DG\2DG03_cell_002\2DG03_cell_002_mask.tif","16996","dda5115c12e69cf773f841f1e5385fb0a2fa4f4032a454f74a8f89a4fe3fd0e6"
"data\raw\res\2DG\2DG03_cell_002\2DG03_cell_002_nadh.tif","16996","da97bd5628eaeab5fab7a92540e31c061795697ed632562089d3ca84555db6c8"
"data\raw\res\2DG\2DG03_cell_002\2DG03_cell_002_OCT.tif","50492","7f371b82e0da3bbf2904e7c2903104945800b7a579535143cd0750df1c076523"
"data\raw\res\2DG\2DG03_cell_002\2DG03_cell_002_protein.tif","16996","e07540f3a18242cf2308cf7e62cad4a611272308d5da8c1dadc6ba324ab34f4f"
"data\raw\res\2DG\2DG03_cell_002\metadata.json","257","eb36bed446c22fc3de02a4bf78e8fed7f90ac4a75d452c3af11ab9af6e1a5765"
"data\raw\res\2DG\2DG03_cell_003\2DG03_cell_003_fad.tif","16474","236f1fedcaf2dc66469658d1c67c69b13cee4b6169ada25f6b874a61271e7e71"
"data\raw\res\2DG\2DG03_cell_003\2DG03_cell_003_lipid.tif","16474","c57a22260b04441e3252fc61a403b3dec9f85db8b78786e83cf0dcfaf57e9963"
"data\raw\res\2DG\2DG03_cell_003\2DG03_cell_003_mask.tif","16474","59de8cdfa1521bf8306c3549e69f2db485c0cf08840e5a6e1a9a74920798b16d"
"data\raw\res\2DG\2DG03_cell_003\2DG03_cell_003_nadh.tif","16474","57d038b92930d15a9b5c5152d22478658ad8fb06fa53ac8af3915c3e165186f7"
"data\raw\res\2DG\2DG03_cell_003\2DG03_cell_003_OCT.tif","48926","2ec43120aef2885ee33fb2930ed279841125bb2beca9c147f7fc20c3bdb2f9a2"
"data\raw\res\2DG\2DG03_cell_003\2DG03_cell_003_protein.tif","16474","f5ed8746de56f93de3e8adbcea420bc2761f84777d10b8b7033534292ef27ef6"
"data\raw\res\2DG\2DG03_cell_003\metadata.json","256","63a00b55d39118cb0aa6ef8237849c34db26ff56c2a38fb0f03ba8f110cebc28"
"data\raw\res\2DG\2DG03_cell_004\2DG03_cell_004_fad.tif","19724","4166667098063ce3f7d277f7d191e24ced469de52ef768f00daed98f59fabd44"
"data\raw\res\2DG\2DG03_cell_004\2DG03_cell_004_lipid.tif","19724","acc9a43976a53557865e4c5e26aac886caafbc3cb0135658bc9b328a4cc60c2d"
"data\raw\res\2DG\2DG03_cell_004\2DG03_cell_004_mask.tif","19724","6059573c2aaaf628567dfa3a071dfdbe9d9a5a77a6a7e887d0e8719b6e0676f3"
"data\raw\res\2DG\2DG03_cell_004\2DG03_cell_004_nadh.tif","19724","bc864de65f7ae9d2b064f220a24263f7ae3f47d9c99a76ebe2652ee0dae77bea"
"data\raw\res\2DG\2DG03_cell_004\2DG03_cell_004_OCT.tif","58676","62409dab9b74224b5ab4030f45b18ccf3c42bcc624aa530cf599af20f2dcb602"
"data\raw\res\2DG\2DG03_cell_004\2DG03_cell_004_protein.tif","19724","e189b1ef19adcadb687ce5de52a033dfffa0b308572c50398cc8a82c86ed1a1b"
"data\raw\res\2DG\2DG03_cell_004\metadata.json","258","1013afbf400320c3c7965090940997a477099b45f7ea07c39c2956f71540d053"
"data\raw\res\2DG\2DG03_cell_005\2DG03_cell_005_fad.tif","12688","aefcc5a055902baa04dcfc539e08e4909af5dbe28dcacfedee22a8348ff15488"
"data\raw\res\2DG\2DG03_cell_005\2DG03_cell_005_lipid.tif","12688","afec28c92c3e01333f471b6803aa89ed2e2b4273c7f45ec9edafd89fad025db4"
"data\raw\res\2DG\2DG03_cell_005\2DG03_cell_005_mask.tif","12688","ee4faa441411febbeb84e69ac854e67d439d97586365c6ac26795806949a5f0e"
"data\raw\res\2DG\2DG03_cell_005\2DG03_cell_005_nadh.tif","12688","ac215e880d9861437cb935c2b8c7d4a108093e6247bdbbcbde39525c43abcbe4"
"data\raw\res\2DG\2DG03_cell_005\2DG03_cell_005_OCT.tif","37568","42950b4b4c29413b34d90ce0339b6df309ce236bf13a005212f83cf0cd1dcacb"
"data\raw\res\2DG\2DG03_cell_005\2DG03_cell_005_protein.tif","12688","c20a3133005f8e62115e0ec9ca7872ec3aba4d41341b53e13a11dbf883b58f9e"
"data\raw\res\2DG\2DG03_cell_005\metadata.json","258","6be08b641922a167f8feef6bf8dac08772a34eb87da80f093eb50184a79724db"
"data\raw\res\2DG\2DG03_cell_006\2DG03_cell_006_fad.tif","29880","0f62830e7097f74cd7e234e5160807df23aa6dba1fce9c9b320e0550afaff66f"
"data\raw\res\2DG\2DG03_cell_006\2DG03_cell_006_lipid.tif","29880","d10d0aebfe03bb0f246523b3ad0b427d2d305754fe9382da22a3ad96232d88c1"
"data\raw\res\2DG\2DG03_cell_006\2DG03_cell_006_mask.tif","29880","40affb6fcaf06d446b4785415725b3ff65820584cdc8cb325f32a71b3b488e6f"
"data\raw\res\2DG\2DG03_cell_006\2DG03_cell_006_nadh.tif","29880","2b424bc60606e45b4a0bc5034a556ab6ca672530f845d20b4ec44d79c840e179"
"data\raw\res\2DG\2DG03_cell_006\2DG03_cell_006_OCT.tif","89144","e51c2de8cabba95c1fd0311d22e8508a6ea92c590fb9994a157b4fa86aba3099"
"data\raw\res\2DG\2DG03_cell_006\2DG03_cell_006_protein.tif","29880","1712f4ca1eabf15bcc65a8fb7b8c70e9940da373b96b5b65949dd855889c1d9b"
"data\raw\res\2DG\2DG03_cell_006\metadata.json","258","3c614968fe5053d4912ef28c43f6453da631e979e8ad6d8bddb2880f7b840e06"
"data\raw\res\2DG\2DG03_cell_007\2DG03_cell_007_fad.tif","17736","bd29282d170e3c689bf7ff692b27149174d4b9c5ffe7c51de80d3df55bb99589"
"data\raw\res\2DG\2DG03_cell_007\2DG03_cell_007_lipid.tif","17736","ffdd8f19df3655edd6956150b110afadd6d6e799f457696468b938a4e0c107d0"
"data\raw\res\2DG\2DG03_cell_007\2DG03_cell_007_mask.tif","17736","2e2ea382ed825b0033a00e02efe79c8591ae85f12830afc6ed337b6e4a4e5003"
"data\raw\res\2DG\2DG03_cell_007\2DG03_cell_007_nadh.tif","17736","5d792e83148a03ca3eb2737036e3393b4459b951aba7659c016af1d217d91bcb"
"data\raw\res\2DG\2DG03_cell_007\2DG03_cell_007_OCT.tif","52712","22c8797951f23e5f24682392c86cae00b232b9488a4a64ba63895025987d42e8"
"data\raw\res\2DG\2DG03_cell_007\2DG03_cell_007_protein.tif","17736","2d8e0f04d3a1270c95cedb15132c219925fa6e1673b0f23099f7864b93824b31"
"data\raw\res\2DG\2DG03_cell_007\metadata.json","257","de74ee06bee8f82d8f219ecadd422069ec1d8ae94ab79b050c90c6ff84367fef"
"data\raw\res\2DG\2DG03_cell_008\2DG03_cell_008_fad.tif","11504","cf6607782e03cdad61850ad6f3cce861f628d44d5fe276dae9c1819e1e44e18e"
"data\raw\res\2DG\2DG03_cell_008\2DG03_cell_008_lipid.tif","11504","2a11eb06fc76754c102d3385c151847ba059a5c784b575a8839ee0a895f0bdc5"
"data\raw\res\2DG\2DG03_cell_008\2DG03_cell_008_mask.tif","11504","e5ba63ddd8238ed3a8ef3201638077f8e4475ed99ea675a04d355dd3e986588d"
"data\raw\res\2DG\2DG03_cell_008\2DG03_cell_008_nadh.tif","11504","cac2a0769593f9a4336eab66fde353fca2e73627c01806f8f5d6afcf60e0c330"
"data\raw\res\2DG\2DG03_cell_008\2DG03_cell_008_OCT.tif","34016","da6f6e33757b8655206ea7573c6a44045f92260699e09efdb2cb3d767e1f7608"
"data\raw\res\2DG\2DG03_cell_008\2DG03_cell_008_protein.tif","11504","a24ef44977a7b0f028a20856111d0f2ba39f6e826157a098fc4606f845348724"
"data\raw\res\2DG\2DG03_cell_008\metadata.json","255","e894e6f2b24efba88f180ed1f81d67bf09b8f4ba8c79faabfb3ce075ae167740"
"data\raw\res\2DG\2DG03_cell_009\2DG03_cell_009_fad.tif","16524","d6e061773e2391002eb2ebdb4ce2842792c864eae057734bbdc8557d5656f1ef"
"data\raw\res\2DG\2DG03_cell_009\2DG03_cell_009_lipid.tif","16524","e427d6ff0365554ab2003e6f49b5b38f220eb2cf8c8a3c00efddf117cbab2a5c"
"data\raw\res\2DG\2DG03_cell_009\2DG03_cell_009_mask.tif","16524","3dd77321b083761f8ce08bf8b744a8aa710dfb39d8ca9977306d1fc1addcd738"
"data\raw\res\2DG\2DG03_cell_009\2DG03_cell_009_nadh.tif","16524","7e4962472b90ff107ecc9dac4e30ae5a176d0d3bd400f407d8f1e84e59f7d603"
"data\raw\res\2DG\2DG03_cell_009\2DG03_cell_009_OCT.tif","49076","eff522dd47f51f98a5e130f144ef0d1b31fbd4b686cb771bfcab1e66d041b257"
"data\raw\res\2DG\2DG03_cell_009\2DG03_cell_009_protein.tif","16524","869e34a3b6b71bdcccc4e7b13cbdd467518de54c13478ae522b48410f733677d"
"data\raw\res\2DG\2DG03_cell_009\metadata.json","258","b52c93e89dbb85405757580b4e3959bc10cef905770c3c7f6e915161546c96a3"
"data\raw\res\2DG\2DG03_cell_010\2DG03_cell_010_fad.tif","18337","5c63fbba720f941758d6ced1cd6528b685d752b988a45b9baffdebbe31b61863"
"data\raw\res\2DG\2DG03_cell_010\2DG03_cell_010_lipid.tif","18337","69a13756a0f9b04d3feef040c8472abf440cfdd604152c4784775c8a21ae2309"
"data\raw\res\2DG\2DG03_cell_010\2DG03_cell_010_mask.tif","18337","a6af3fce68cb1ac92a784beda58a4f13f12c03bbeb753bb35f55dc873c88f553"
"data\raw\res\2DG\2DG03_cell_010\2DG03_cell_010_nadh.tif","18337","f94228f0475788be0cc503d67ab57f4e19e1d2c8465e2c45371ad3aa09093cee"
"data\raw\res\2DG\2DG03_cell_010\2DG03_cell_010_OCT.tif","54515","0f57240ace7dc662e9bc0ff91329dc953aef44daf5e6d8e70ab52f0e25db5d97"
"data\raw\res\2DG\2DG03_cell_010\2DG03_cell_010_protein.tif","18337","e296c2271ffe35f1466858f1d4ee4ddd00c817464a2518cc8d2b8780a4bcb827"
"data\raw\res\2DG\2DG03_cell_010\metadata.json","259","f280299cd28432b8f1b6d79913de488c8762f55572789a279a63e7f24f9db24c"
"data\raw\res\2DG\2DG03_cell_011\2DG03_cell_011_fad.tif","16440","954258270baa10aee65b76fcd21771909b85126f7234ec1951a0dace3682def2"
"data\raw\res\2DG\2DG03_cell_011\2DG03_cell_011_lipid.tif","16440","5e324c7a742e5d08c211d947e4a7d579916686436c3865e68db110bfab02cce1"
"data\raw\res\2DG\2DG03_cell_011\2DG03_cell_011_mask.tif","16440","79ce73065d4fab13b219fea1f6f2e98d11decdafcca7a1fc53ef4f22191cc4cb"
"data\raw\res\2DG\2DG03_cell_011\2DG03_cell_011_nadh.tif","16440","8a5dfe6085eba67f7016b590ec4d8d71fb7688be890afab40b27924f8e586d4a"
"data\raw\res\2DG\2DG03_cell_011\2DG03_cell_011_OCT.tif","48824","ef7163e0fd2390c47b686d4e313d295d07bbdf2ff145a274e18817de6ecd36b2"
"data\raw\res\2DG\2DG03_cell_011\2DG03_cell_011_protein.tif","16440","f0d3cab5171607d1efc27008df418e39a4be4b41ca77568ed131007aed660d86"
"data\raw\res\2DG\2DG03_cell_011\metadata.json","259","97eab6f2088d98ee3a259d9688802a157929c81aa7569160e03f6a85fd084c06"
"data\raw\res\2DG\2DG03_cell_012\2DG03_cell_012_fad.tif","18886","a09c1a48570e08e97065e247736260b1f1cc75890cd77f8098962e70b3aa0a16"
"data\raw\res\2DG\2DG03_cell_012\2DG03_cell_012_lipid.tif","18886","3c927656006d0a4a09a8d6ffa8a062b9b429517c39f6e6d14b0bb1e56d82ad4b"
"data\raw\res\2DG\2DG03_cell_012\2DG03_cell_012_mask.tif","18886","cf47b4402b5181d7c6f7e83a0bee0a7fe7f9aa4a4b1b7965908eeafa0d7729cb"
"data\raw\res\2DG\2DG03_cell_012\2DG03_cell_012_nadh.tif","18886","134e4f56da355fafd8ce27a6b7b760f4e71b4f201827353c93d4ae156d03a112"
"data\raw\res\2DG\2DG03_cell_012\2DG03_cell_012_OCT.tif","56162","8f9dc67e88b2576b0c1c8e6b6f05a778fbee19b2ad2f416fec9d7cc9db731e7a"
"data\raw\res\2DG\2DG03_cell_012\2DG03_cell_012_protein.tif","18886","c1fa88aac715c72a30e15d868a49a5c649eee0f503fdda7acfd311ffd11f4fff"
"data\raw\res\2DG\2DG03_cell_012\metadata.json","259","9e1c532642a21a8a3ea641e56e7e21a870a21b726955b63b8643e537707d3e6b"
"data\raw\res\2DG\2DG03_cell_013\2DG03_cell_013_fad.tif","17196","ae96363a6c8f53aee6ad2403ba32ed97c61d754ea9377467c81a3a311751bb7a"
"data\raw\res\2DG\2DG03_cell_013\2DG03_cell_013_lipid.tif","17196","71d7be7dedd4b718c2dc592369ee5d924d0759a7353032e67ee8aae6b5b6644f"
"data\raw\res\2DG\2DG03_cell_013\2DG03_cell_013_mask.tif","17196","121ddd562cb7c3af06fbab153f3739b5f76593ede0ecd95890ce0391fe93c04f"
"data\raw\res\2DG\2DG03_cell_013\2DG03_cell_013_nadh.tif","17196","b0e3146c74fd988c444e379e9e041f520479ab4618b4f92379fac7af22fc7912"
"data\raw\res\2DG\2DG03_cell_013\2DG03_cell_013_OCT.tif","51092","fef13f1a4db866fdcf83de0ee81be7839be46973c1e8c7e32d9047402c6f29d1"
"data\raw\res\2DG\2DG03_cell_013\2DG03_cell_013_protein.tif","17196","8292202a700e849e852311583f87abfeb7fc060573f35599cd88e05e3ff0b035"
"data\raw\res\2DG\2DG03_cell_013\metadata.json","258","c89d6c75eee3414f40773a884d5b86a55c7df495d8772e64a4bfec526928ab33"
"data\raw\res\2DG\2DG03_cell_014\2DG03_cell_014_fad.tif","17756","114fe83b358f3b269280ef9b7d22458e5628e367e62b4753387951302ab5155c"
"data\raw\res\2DG\2DG03_cell_014\2DG03_cell_014_lipid.tif","17756","a41bd66b5cc3d438e97401a19dd8dcbf47288b9cc96e78aad0880b808e5ed64c"
"data\raw\res\2DG\2DG03_cell_014\2DG03_cell_014_mask.tif","17756","b0022f5d23d4830b54754bf44e47cd4d11898286c17617b0ae30adf4fee8546b"
"data\raw\res\2DG\2DG03_cell_014\2DG03_cell_014_nadh.tif","17756","fb5d16b42555f302ef82efdceaa1d907599b952824c6fed3daf1e3930b703b1a"
"data\raw\res\2DG\2DG03_cell_014\2DG03_cell_014_OCT.tif","52772","5254ee3f60c6f83b83a8c63e9bd08a4356288b3efbaff941ff2e800aca5ea03a"
"data\raw\res\2DG\2DG03_cell_014\2DG03_cell_014_protein.tif","17756","9f650ca7ce7430996a0ed988e02f819b73bec68d28c5f18bb9b45f37f92f8d9f"
"data\raw\res\2DG\2DG03_cell_014\metadata.json","259","30c1b969ad667c2df79958920aa9fcba8b16b9e25c305442e03c7fe3da3a1344"
"data\raw\res\2DG\2DG03_cell_015\2DG03_cell_015_fad.tif","20592","c2c5264774e8f37a6fdee7e5af51d2d7e1b3331e4ab7d7543baaa48094985152"
"data\raw\res\2DG\2DG03_cell_015\2DG03_cell_015_lipid.tif","20592","5e79aa6ab8774217b4926cb301a2786b00df1b0ceda22916e665919b98aa5018"
"data\raw\res\2DG\2DG03_cell_015\2DG03_cell_015_mask.tif","20592","867a9c852850cb92015193be2be56e701be8298f5df65921d69e9a825ec6172e"
"data\raw\res\2DG\2DG03_cell_015\2DG03_cell_015_nadh.tif","20592","18c4164ed0ebc9b55938000fd5904e2d824bdbc2237f9bb863b07fcbef4d9e68"
"data\raw\res\2DG\2DG03_cell_015\2DG03_cell_015_OCT.tif","61280","35bd6a345e8c6552dd37aaa218f725df9c608a8c43f4ef83dade1d568ae5d4e8"
"data\raw\res\2DG\2DG03_cell_015\2DG03_cell_015_protein.tif","20592","4ca6b26704e2d25818d02e0c4761819b3d8ac567966c668fc8a1e0b2ba776549"
"data\raw\res\2DG\2DG03_cell_015\metadata.json","259","a5ca1cad330134881256fc38590578b495adf5974c5958a831e030af4d5b2461"
"data\raw\res\2DG\2DG03_cell_016\2DG03_cell_016_fad.tif","9928","c7b3423083c91556d93b96acfa431ddbfec2bcf68c8fd8d958a26487ae104bd3"
"data\raw\res\2DG\2DG03_cell_016\2DG03_cell_016_lipid.tif","9928","265346f6758ecc4b174bfeb08258a2f8f15f92309e111a556d28da3d0ead9a78"
"data\raw\res\2DG\2DG03_cell_016\2DG03_cell_016_mask.tif","9928","3dcdc3327ea462a5ece5c58e13f38ebdfebe4870e91a4aab7a7da6f228f3fdc1"
"data\raw\res\2DG\2DG03_cell_016\2DG03_cell_016_nadh.tif","9928","12526c1e983066aa900a33576938c0b695ba7f279e3ff9b5a73ec15f40cb19d9"
"data\raw\res\2DG\2DG03_cell_016\2DG03_cell_016_OCT.tif","29288","1cd1c678c4b1afc1b6fbc3db49a2c3fbe5bcacb1b5b5a72d2c4e75aeec984f38"
"data\raw\res\2DG\2DG03_cell_016\2DG03_cell_016_protein.tif","9928","7cee696658e2504116456a7011a92363b62de0c3835a4b756515e6dbcc336887"
"data\raw\res\2DG\2DG03_cell_016\metadata.json","256","7fd5bc3d158d8f7df5d9da31645e2f04d7c013d896b426e95f0a94c87ed86c94"
"data\raw\res\2DG\2DG03_cell_017\2DG03_cell_017_fad.tif","13216","a7bbd03f1059a942dcb045d1e41d406e6c6578a5bd6c6f81b4ee993c27edabb5"
"data\raw\res\2DG\2DG03_cell_017\2DG03_cell_017_lipid.tif","13216","f877a77225f5678e4a598fcc217ad53543e981bca543d3b9980a85ed77890449"
"data\raw\res\2DG\2DG03_cell_017\2DG03_cell_017_mask.tif","13216","7fea365d91238b126d0bc96ee0bf9ed8338e335c5df3c2603d3a1e8d3381705e"
"data\raw\res\2DG\2DG03_cell_017\2DG03_cell_017_nadh.tif","13216","e9d2644c92bace1525d232827008cc2b90647ee21c4bc27b83de10354d1abd12"
"data\raw\res\2DG\2DG03_cell_017\2DG03_cell_017_OCT.tif","39152","b6f5b15c41ef1d665c3eee654feb4da75fa5dcbd17e86a1a886453b5bf47415b"
"data\raw\res\2DG\2DG03_cell_017\2DG03_cell_017_protein.tif","13216","084c8995cd4ccd04c01ee2c14f01cbca1280ce2f0a63c9af9e74d4283cc32cdf"
"data\raw\res\2DG\2DG03_cell_017\metadata.json","259","c063f1716a4fcf5fde0086d1ad00d4474639790cfa19e3ac1500f4b8ca601bbf"
"data\raw\res\2DG\2DG03_cell_018\2DG03_cell_018_fad.tif","20705","cd2d91fd8e0bd7b0e2753e24fe75902de8914f313928e99e301f9e97883d1efe"
"data\raw\res\2DG\2DG03_cell_018\2DG03_cell_018_lipid.tif","20705","ec63f9e8c226e11e9663ca3aa068486c31f900c2eaacdc98aaaefcfcd8d5aeef"
"data\raw\res\2DG\2DG03_cell_018\2DG03_cell_018_mask.tif","20705","9de0ec2a3f4f2f7a30a0d58d19b88b2f729646280bd74ae7cd6811432a414454"
"data\raw\res\2DG\2DG03_cell_018\2DG03_cell_018_nadh.tif","20705","9006d08364eccd608e1020b59f64958986159a9f12af1e16f79abc32e9db09b9"
"data\raw\res\2DG\2DG03_cell_018\2DG03_cell_018_OCT.tif","61619","20799ca0b500c5d26ead3526cdc38dcdfaa6999bd8ae19009c6713bfcbdc7cac"
"data\raw\res\2DG\2DG03_cell_018\2DG03_cell_018_protein.tif","20705","158071f1e99728f4e7e7468ccf5d7d2c00fb09ecb839f28617438fd4fecc8e58"
"data\raw\res\2DG\2DG03_cell_018\metadata.json","259","7a412e70e3af365a8f6ffcdbd085bc36a656417631fe9898ac2a0042bc94d8d0"
"data\raw\res\2DG\2DG03_cell_019\2DG03_cell_019_fad.tif","14872","04916b9969c76fe34972a091b21f275922dda800b3ec960525174e7901b90aaa"
"data\raw\res\2DG\2DG03_cell_019\2DG03_cell_019_lipid.tif","14872","f53fd5edd41c7dd105484507d9ccfff0e57c4e3df3bea156999a8828fc5807dc"
"data\raw\res\2DG\2DG03_cell_019\2DG03_cell_019_mask.tif","14872","75a437ac709929a10f067c3c2d5739f6634983d91fac082ec1e2b350b0ac25f0"
"data\raw\res\2DG\2DG03_cell_019\2DG03_cell_019_nadh.tif","14872","cae0bd079d933e64a036b4ab88c1cc4e1175eb5c1e0bf5f48ff294e59f215163"
"data\raw\res\2DG\2DG03_cell_019\2DG03_cell_019_OCT.tif","44120","344b6ab4ba2e29c0f1b418d0d97c3c8928059de19f19b5475d41c2953df48b3c"
"data\raw\res\2DG\2DG03_cell_019\2DG03_cell_019_protein.tif","14872","14a6d02c47b2fca74a40b8c8dae3e7c2b21d0583567e4d20606feb197deb0d48"
"data\raw\res\2DG\2DG03_cell_019\metadata.json","259","0a604d4ddb8480411a9a22beef052b77704a94ec6959568c9f076ee6944439e3"
"data\raw\res\2DG\2DG03_cell_020\2DG03_cell_020_fad.tif","18190","cef0afaecbde64b8ab36083bccdabba8cf262716a1f9968bf123085b14a2584e"
"data\raw\res\2DG\2DG03_cell_020\2DG03_cell_020_lipid.tif","18190","593ed32d9244cffe5303d8dce3ea2c217a94f03cfabcddddc10f2fc0d7d6ef22"
"data\raw\res\2DG\2DG03_cell_020\2DG03_cell_020_mask.tif","18190","3a03d9fefaaeeb4a9b80bdc27bd5d4bf084491c7fb26bd9f82f680d7251891aa"
"data\raw\res\2DG\2DG03_cell_020\2DG03_cell_020_nadh.tif","18190","31dc09a72f873397899051343aa022625871f1949ae44ecd64f0c1b45828a4c4"
"data\raw\res\2DG\2DG03_cell_020\2DG03_cell_020_OCT.tif","54074","5c307f92b45658d6b6366389079bff9090b2bd80a3b9be73b17e286e3e1a6b6b"
"data\raw\res\2DG\2DG03_cell_020\2DG03_cell_020_protein.tif","18190","39549ed0862966af9dabde59b47fdce32c731d84c9f42a168a42ed4a30bc694e"
"data\raw\res\2DG\2DG03_cell_020\metadata.json","259","11c6e9952bc16327a3cc6143e7d35ee2ca3c5cb2bc84380dd394bfe9240fca82"
"data\raw\res\2DG\2DG03_cell_021\2DG03_cell_021_fad.tif","12586","3360ede44b0f7834e0703e4c937a2a2d8ff9967ddc147b8492239dbb111baea8"
"data\raw\res\2DG\2DG03_cell_021\2DG03_cell_021_lipid.tif","12586","87fb581d13a79cc6c0b293a6ce94be9d0686eb6694ee4512a8a2f94c132c882d"
"data\raw\res\2DG\2DG03_cell_021\2DG03_cell_021_mask.tif","12586","b620de8a5edfd3ba245a0823ec10bfef10ebe10d24217c95ab54ac978c6c7989"
"data\raw\res\2DG\2DG03_cell_021\2DG03_cell_021_nadh.tif","12586","95c09d4106efaa12fcb43ffd438ab9936c145d812db964b7045faf67f6cdbe8f"
"data\raw\res\2DG\2DG03_cell_021\2DG03_cell_021_OCT.tif","37262","c38b78d53a1d413d4e57521064f2c4766b20e1cd6af775c49bb65f7b185dc4ea"
"data\raw\res\2DG\2DG03_cell_021\2DG03_cell_021_protein.tif","12586","687db8f58ba3634970fdb6924d56602fd525000860fa5c2dbc36b68ff87ddc62"
"data\raw\res\2DG\2DG03_cell_021\metadata.json","256","523aa79c0b299017481e37ab87b189f4a880eda4ba5e69b7247e7a9f359a9c0d"
"data\raw\res\2DG\2DG03_cell_022\2DG03_cell_022_fad.tif","14776","17def0fa710bd250ff75747d66d3ecf6ffda009be0b21757510f8e3ff4973e67"
"data\raw\res\2DG\2DG03_cell_022\2DG03_cell_022_lipid.tif","14776","19c86f61d26c49ee8a584104a1e17f3437c380718125e62a270103081a664cc7"
"data\raw\res\2DG\2DG03_cell_022\2DG03_cell_022_mask.tif","14776","8aa02e430a8f5555b97694db1db445293ff54e2af4b4066078a2799df88fef39"
"data\raw\res\2DG\2DG03_cell_022\2DG03_cell_022_nadh.tif","14776","b85fa138d850ef8ea4e1eb9523e11ab92b0fbc6c5ffd4b5aa2454ebc8eec4d31"
"data\raw\res\2DG\2DG03_cell_022\2DG03_cell_022_OCT.tif","43832","b15f82d507787121a3e5203e1a9f1c4c0bb7e99e57a81ffe07d00029918b9b32"
"data\raw\res\2DG\2DG03_cell_022\2DG03_cell_022_protein.tif","14776","ebd7a5921926df306b7b4b8954c5c050e5a2f88dcdd949ed032d8b8584b99c39"
"data\raw\res\2DG\2DG03_cell_022\metadata.json","258","2ed0e5ec3d3778b74c7766945454924167009cfd303c918c4568b189b7058eca"
"data\raw\res\2DG\2DG03_cell_023\2DG03_cell_023_fad.tif","13749","75b63d06df01af9b1f642e9b1b3f5e48a92f4fcc75db482cdb32064f94e001b5"
"data\raw\res\2DG\2DG03_cell_023\2DG03_cell_023_lipid.tif","13749","423fd71c0bfd0000663d8b57f8f13e86beb64080e63c6c3beb05a6966246ee18"
"data\raw\res\2DG\2DG03_cell_023\2DG03_cell_023_mask.tif","13749","308ac3beec46371529482ad190dcd427e2ed94ea37a5e65677929b7c43e8f06b"
"data\raw\res\2DG\2DG03_cell_023\2DG03_cell_023_nadh.tif","13749","ecc93940517546ac13a240d40b83ea74fa1c097abdbf462b3d1c9f2e528b9467"
"data\raw\res\2DG\2DG03_cell_023\2DG03_cell_023_OCT.tif","40751","b6bb488da319ad044b35735c30dcc2a4999bd60de81d97a20c54218d1a80022d"
"data\raw\res\2DG\2DG03_cell_023\2DG03_cell_023_protein.tif","13749","5e9380f4b0183398355b417b9af0192d0525484b5cce24767395e387aa38bcd0"
"data\raw\res\2DG\2DG03_cell_023\metadata.json","259","5c612598eae9847605623c48425ff571eb84c3e707a30256e68e97f47f040b6e"
"data\raw\res\2DG\2DG03_cell_024\2DG03_cell_024_fad.tif","11176","892ed2eef3b28b27111a4987a5a7a3c9577dd61001d207ac79c60906781a4ba7"
"data\raw\res\2DG\2DG03_cell_024\2DG03_cell_024_lipid.tif","11176","6604ca76aa831e2aa57d3b46a9668010a007f7ec774ff3ff3dadacc7f9d3b242"
"data\raw\res\2DG\2DG03_cell_024\2DG03_cell_024_mask.tif","11176","78432e3ef2ccff0fd5957b5a0df880e9fe0d94d2bafb842fccebb1c638c1babe"
"data\raw\res\2DG\2DG03_cell_024\2DG03_cell_024_nadh.tif","11176","5a8e69d413ba67e36901261b024d8afdaebe97855df6d04081e2a4a19b49f590"
"data\raw\res\2DG\2DG03_cell_024\2DG03_cell_024_OCT.tif","33032","6286d080ca15c5d1a2a595d6d5c415a10ddeffa78c27cab7e32cd14d00c5879e"
"data\raw\res\2DG\2DG03_cell_024\2DG03_cell_024_protein.tif","11176","156798bbb248a35f92169a949f6aa48f197c07dab7946dbea405265b0480aaf3"
"data\raw\res\2DG\2DG03_cell_024\metadata.json","259","178cd4a659c148c4b478a2070fd702c8fc17973fc078a95079b190eec6486e0f"
"data\raw\res\2DG\2DG03_cell_025\2DG03_cell_025_fad.tif","10588","5bbd036471563aa100e53b381afbe63d6a47c7a7f1f4a5732c57d427f247a1c9"
"data\raw\res\2DG\2DG03_cell_025\2DG03_cell_025_lipid.tif","10588","c7279cf4d6d29d91e3f768a480b174f58fec3c4750696dc391dac2078ce02cf2"
"data\raw\res\2DG\2DG03_cell_025\2DG03_cell_025_mask.tif","10588","8051615939198883a9c4496b113b705b2de8ac8b19693ccd44feb3ca240bfb36"
"data\raw\res\2DG\2DG03_cell_025\2DG03_cell_025_nadh.tif","10588","e859014d8868ba45d97c3436086059c5675ad47703eae5f8dca7cfd2eb95689a"
"data\raw\res\2DG\2DG03_cell_025\2DG03_cell_025_OCT.tif","31268","4cb01679b513cac52d0f26f3afd56ed51c745f1c05ad0667c9d2f5357a7ab680"
"data\raw\res\2DG\2DG03_cell_025\2DG03_cell_025_protein.tif","10588","bdfcde8bb716111db7b2ae9032269926fb1128d611199dbdff33c563eb70ec04"
"data\raw\res\2DG\2DG03_cell_025\metadata.json","259","9a665f739ea993d17d3da74981bdd1703b1c700fc653480d0feb9116aa840cad"
"data\raw\res\2DG\2DG03_cell_026\2DG03_cell_026_fad.tif","20841","fc56933a611f22913994af464dacaddb92985e476eff027d19ad5c20d2d6ae09"
"data\raw\res\2DG\2DG03_cell_026\2DG03_cell_026_lipid.tif","20841","4d039f2bcf4c138f4db3a9ac7c6cd58dd28b7294e9237afa143ea38b0c59923f"
"data\raw\res\2DG\2DG03_cell_026\2DG03_cell_026_mask.tif","20841","b87acbe771aa85e4598d091c66cd1184d42ab4ef770758e3db4bd6bc5bcba4f3"
"data\raw\res\2DG\2DG03_cell_026\2DG03_cell_026_nadh.tif","20841","ea82eef56def77c06eb15f5d19ab3d63ad2774353165ac3b8d2f2f07fb351765"
"data\raw\res\2DG\2DG03_cell_026\2DG03_cell_026_OCT.tif","62027","7e503b4f7cab92da5e3053fa1d2b7732b271f1902db4e8940a0ed1b38b5f0aff"
"data\raw\res\2DG\2DG03_cell_026\2DG03_cell_026_protein.tif","20841","cfd9a63940ef5d61f4663b6905ba8a17142b2449f15ae834b3cfe7bcc7cb5a16"
"data\raw\res\2DG\2DG03_cell_026\metadata.json","259","db625c838ac77ee7a8d216dbf3aac2d1a0b414595c2304d47d9a8d096e6f8639"
"data\raw\res\2DG\2DG04_cell_001\2DG04_cell_001_fad.tif","20584","793508dcf37694ed4865952730dd4a7f16b0ccef66e872174bbcadeef3a47c78"
"data\raw\res\2DG\2DG04_cell_001\2DG04_cell_001_lipid.tif","20584","34511147c35168bf6c94ee3b94167c223c87584cda7ce129b456d0b689771ff7"
"data\raw\res\2DG\2DG04_cell_001\2DG04_cell_001_mask.tif","20584","8f68fc10720eadae6823b2462ab3409d7c052b3a5c90b875cce1482a16b51905"
"data\raw\res\2DG\2DG04_cell_001\2DG04_cell_001_nadh.tif","20584","aea02b485bb8f654f7518fc922d50c627abdb2059b5f6f555d31c82b6b22f838"
"data\raw\res\2DG\2DG04_cell_001\2DG04_cell_001_OCT.tif","61256","6bcb8f876a39afd456ac1fb21f18de3997cb96f3a5598206b5c7a769c76cb827"
"data\raw\res\2DG\2DG04_cell_001\2DG04_cell_001_protein.tif","20584","4a6fb45aa4970654b47dbd9f7dbe47baa15383d55a1c01e8cc3619cecf404531"
"data\raw\res\2DG\2DG04_cell_001\metadata.json","257","477ee410279b6a4487d56326be9eb2cfcccf17068ca8629967b6f3593725d7dc"
"data\raw\res\2DG\2DG04_cell_002\2DG04_cell_002_fad.tif","13878","953a44767e2ac66601351c922888ebd28db5985be8b07f78d11187e027c051aa"
"data\raw\res\2DG\2DG04_cell_002\2DG04_cell_002_lipid.tif","13878","cc88bc0b4968fb6a3771ec406dfef1fee553464aade6330875660451a7d97e67"
"data\raw\res\2DG\2DG04_cell_002\2DG04_cell_002_mask.tif","13878","0989378e4763e415bcc0dd55bb3492bb8b7a4e6fee9cc02247c2b9214a3f663e"
"data\raw\res\2DG\2DG04_cell_002\2DG04_cell_002_nadh.tif","13878","c940503dddb268cd8ece843c065600248687d22a54bb1e9b59f50cfd482b108f"
"data\raw\res\2DG\2DG04_cell_002\2DG04_cell_002_OCT.tif","41138","f08800586e06caa4a8b7786d149f0a1610b813ad65d217388cb1b0f629f897d9"
"data\raw\res\2DG\2DG04_cell_002\2DG04_cell_002_protein.tif","13878","5caa8b460c7243f18e2a4677070e0110a0964340d9cc0fbb7ff704a6680e5418"
"data\raw\res\2DG\2DG04_cell_002\metadata.json","258","b06f3aa224767d005b4b3fe105a103f1da30457c1d61e1e80f9e795854585fae"
"data\raw\res\2DG\2DG04_cell_003\2DG04_cell_003_fad.tif","13417","1e62fcbf22c50dd86d75c71f1f1d6c05e64977c6aeb7cf76bfac7d45b90c58c3"
"data\raw\res\2DG\2DG04_cell_003\2DG04_cell_003_lipid.tif","13417","999a07b104d3fad4e7122d743e6d62e79550e29b60c98b40c242f2ea4704f6de"
"data\raw\res\2DG\2DG04_cell_003\2DG04_cell_003_mask.tif","13417","48511c2a8f786109022b954ebe2a210251903b7a15b085861ff72bdc31c3cc18"
"data\raw\res\2DG\2DG04_cell_003\2DG04_cell_003_nadh.tif","13417","2d2c2b04510718a4a88725dfa25286915f65d104d9cf2a7ada94020dd5b4642e"
"data\raw\res\2DG\2DG04_cell_003\2DG04_cell_003_OCT.tif","39755","d309630f39f4783abdda7152afb28360edb6a17f3372547b57b275ff43a1e0ab"
"data\raw\res\2DG\2DG04_cell_003\2DG04_cell_003_protein.tif","13417","5c32e5a4c365a3569acbfb3d031e0da396fff065faa142243c99b3f2e5e05a19"
"data\raw\res\2DG\2DG04_cell_003\metadata.json","258","a40cbdd475efbb82a9dd46b16850ac2c58c2a3dda9215dc261662b7b05aaca25"
"data\raw\res\2DG\2DG04_cell_004\2DG04_cell_004_fad.tif","13360","79c08ef0ea59c84337763f43fc7d53fe4a31a39e3d4f1784bb6a4dccd1d4af19"
"data\raw\res\2DG\2DG04_cell_004\2DG04_cell_004_lipid.tif","13360","bd4b8f291855f191bba8c5b918f19dc6a114bc3fa239c4a4ccaef94cb3a52228"
"data\raw\res\2DG\2DG04_cell_004\2DG04_cell_004_mask.tif","13360","2b78284aa5cb076aaa63862d32e9dc17bfed98e8e4f0d2f4a33f0f7158af698c"
"data\raw\res\2DG\2DG04_cell_004\2DG04_cell_004_nadh.tif","13360","20cc4817e0e863bda98b5399ee6e01832530f54003fc1c67ebc813a4897ec0e3"
"data\raw\res\2DG\2DG04_cell_004\2DG04_cell_004_OCT.tif","39584","fe0a5407334c6b332f53dcdeccd9cc3ff0b8953890e6328e6b65a639f44b60cf"
"data\raw\res\2DG\2DG04_cell_004\2DG04_cell_004_protein.tif","13360","342e52ddf9b1f416a5bd97765581b5cbe7a0b288020f645524118ebd6c92d72d"
"data\raw\res\2DG\2DG04_cell_004\metadata.json","258","8cd985b9308974ff64afb1747a768722901675e975d10bc10e3a0d6f951c89d9"
"data\raw\res\2DG\2DG04_cell_005\2DG04_cell_005_fad.tif","16656","6a7eecc82497e34e6ff247cd62b99288ab498e27aab79a0756cbf8bc0275e9ea"
"data\raw\res\2DG\2DG04_cell_005\2DG04_cell_005_lipid.tif","16656","c91913cfc073e1301ee57c4b9aba50a45b04bc0147fd132959ebb1d5210d0f87"
"data\raw\res\2DG\2DG04_cell_005\2DG04_cell_005_mask.tif","16656","ee98e6ed6ce89ac9872b70db191cbd970371f175c693ae8ec56533a47ce1bd47"
"data\raw\res\2DG\2DG04_cell_005\2DG04_cell_005_nadh.tif","16656","02a5b0a67da51f8eb2e2f1df95a4c2f04318cc744e5911edcc3decb4fce43ca7"
"data\raw\res\2DG\2DG04_cell_005\2DG04_cell_005_OCT.tif","49472","8778be8c5e2686d8c2d3e38f9bc0f3f4b36b4919eb99a6721dc9d083f09c8e9c"
"data\raw\res\2DG\2DG04_cell_005\2DG04_cell_005_protein.tif","16656","cf8e06d60030d745a90c96d03ef2156afad6debf74150aede8f05d2d4dfd1e44"
"data\raw\res\2DG\2DG04_cell_005\metadata.json","258","b3f7c2de63b2b55d013e77fbcd56c4a0d1d11d9c5acb21164d94fe37e1772cbc"
"data\raw\res\2DG\2DG04_cell_006\2DG04_cell_006_fad.tif","19528","fe2b7d2cb3dd44e1744cb8ee29ec72483ad357e509367eaf8a6a95c2c3381406"
"data\raw\res\2DG\2DG04_cell_006\2DG04_cell_006_lipid.tif","19528","22c4cc05ac30d466d672f071b1bc2682e75e411f5fccb22aabf0297996051733"
"data\raw\res\2DG\2DG04_cell_006\2DG04_cell_006_mask.tif","19528","22a5ff690d6e8002a9040cde20d48e62b448c08302ebbdee1494567e6c3bc37e"
"data\raw\res\2DG\2DG04_cell_006\2DG04_cell_006_nadh.tif","19528","940cb0a0cb8978e90781f0b2518d85b0c2f653e71d7a82ef0caa4e748267c262"
"data\raw\res\2DG\2DG04_cell_006\2DG04_cell_006_OCT.tif","58088","768a8871b8c39873f956abb44fea00091ef7a441bf4f0f491df3bcc17fdb7183"
"data\raw\res\2DG\2DG04_cell_006\2DG04_cell_006_protein.tif","19528","7ab9f0b45f82bc8098f381e5d8aea99fe69256e0d586636456d7b0a9ab94e48d"
"data\raw\res\2DG\2DG04_cell_006\metadata.json","258","53ff79897b37887779a97f080e6710b71a6c2e5398ee11b213a865576874f326"
"data\raw\res\2DG\2DG04_cell_007\2DG04_cell_007_fad.tif","10421","bc9fde230fad3e77713ca2624ab9fc1c101079d90ef0952db3cdfbb7bfb6b41f"
"data\raw\res\2DG\2DG04_cell_007\2DG04_cell_007_lipid.tif","10421","703e6f16232605b99e909359e43e23316ce702805578137b5685d82226fa9c41"
"data\raw\res\2DG\2DG04_cell_007\2DG04_cell_007_mask.tif","10421","714155cbcd37c1f33120a669364032bbb2c1c26542dd94c69a96829b7cd21799"
"data\raw\res\2DG\2DG04_cell_007\2DG04_cell_007_nadh.tif","10421","376928766bf9e7e67422bce8131b6a4bbed0728dddc64fee9272b49b450d8bd5"
"data\raw\res\2DG\2DG04_cell_007\2DG04_cell_007_OCT.tif","30767","0aaa7f7186bc9285ec5d31e7e6bd737568426c90c20fd8e6b01e01b1da55b2e8"
"data\raw\res\2DG\2DG04_cell_007\2DG04_cell_007_protein.tif","10421","a9ab28f17e27d0ffa930efa8443e9789ed5776241623cdb31f25c7f8be9fc5b0"
"data\raw\res\2DG\2DG04_cell_007\metadata.json","258","02239efe23a7100575ebf4980ba51cf4259e1dc7c676d323bbf82ad3c415920a"
"data\raw\res\2DG\2DG04_cell_008\2DG04_cell_008_fad.tif","15878","23232758b551888cb620875695d0768e3a3d2c4626a5b77e1e7afcee2267bbf4"
"data\raw\res\2DG\2DG04_cell_008\2DG04_cell_008_lipid.tif","15878","344001b7f30448c870990dc828026868c55ccdaac45f8641d73079d58e860ff7"
"data\raw\res\2DG\2DG04_cell_008\2DG04_cell_008_mask.tif","15878","cf65ef531104ab0a7b4007a968e9a6350e97f8fcd7f2fcb8dc4523980d3f0c02"
"data\raw\res\2DG\2DG04_cell_008\2DG04_cell_008_nadh.tif","15878","97721a54df086cd4913b60c313093bdb42a7763cdb5cc8e002a5ca175e028936"
"data\raw\res\2DG\2DG04_cell_008\2DG04_cell_008_OCT.tif","47138","2eced5f6c84b5587a00579ee2b029faa43f50378a1560c5646d41307028c1883"
"data\raw\res\2DG\2DG04_cell_008\2DG04_cell_008_protein.tif","15878","fda43141e667b78678e21043a3668fd763092562a9a12a918e5023d4e0cebc94"
"data\raw\res\2DG\2DG04_cell_008\metadata.json","258","239c83eda4708ff447690f09d5148ba17ef4c7b295483b1214ee9a3d501edebf"
"data\raw\res\2DG\2DG04_cell_009\2DG04_cell_009_fad.tif","17476","698bf54b9eb70e7d60a31861e35aedb158292c7d3e931208eac86cf5d9403dbc"
"data\raw\res\2DG\2DG04_cell_009\2DG04_cell_009_lipid.tif","17476","5b0ada4a06566047fdfcbfaf1017bde82256ea79b35efa63d763c27fcc8bf535"
"data\raw\res\2DG\2DG04_cell_009\2DG04_cell_009_mask.tif","17476","b1ce547c3b4c4154b35d1acf2d32b3812a92618a25ddc12000f4c8ccaf76750b"
"data\raw\res\2DG\2DG04_cell_009\2DG04_cell_009_nadh.tif","17476","6255b8addaf4eaaa81008444e56249883fccac27fea0e20d5b34423d0d467429"
"data\raw\res\2DG\2DG04_cell_009\2DG04_cell_009_OCT.tif","51932","41829d9f5ef9c4592177fa9e1609a0a73cf08ea9d358fcb010e30a41927e45d1"
"data\raw\res\2DG\2DG04_cell_009\2DG04_cell_009_protein.tif","17476","29c92cc2e71c5a88533076d7c32310a12b1c8f223920da7a7fe6714bc6a282e3"
"data\raw\res\2DG\2DG04_cell_009\metadata.json","258","1782fe406b7aef11c3d5b15fcd29cbb9ee595a27b90bb7cd958ee042d659f5b8"
"data\raw\res\2DG\2DG04_cell_010\2DG04_cell_010_fad.tif","16559","79ac5770eb4c25a8d7601ed40a728593e6cddb8a402f9ac9ee6c1d9d25b919a3"
"data\raw\res\2DG\2DG04_cell_010\2DG04_cell_010_lipid.tif","16559","205386bf96e6fc310227e5d9f67ba5226100aa7b43d15b3f69420e2c150e3faa"
"data\raw\res\2DG\2DG04_cell_010\2DG04_cell_010_mask.tif","16559","efbbc8eee4a0bb600e84effce315b9a2f666a5d6982875803c3ef87e16691927"
"data\raw\res\2DG\2DG04_cell_010\2DG04_cell_010_nadh.tif","16559","37402468427efe4ddeb7a400f126c41c06d8da5c0756d0b46e6a515a33eac5f4"
"data\raw\res\2DG\2DG04_cell_010\2DG04_cell_010_OCT.tif","49181","bdd2893ebf10d63c2f0bad3805cab1affc030e7bb0cf5dc9bfb1422c53a1fcbd"
"data\raw\res\2DG\2DG04_cell_010\2DG04_cell_010_protein.tif","16559","81e08f4e49b43838e99c09d2247a25758e1a2d0bf7049469c39c101229e852e6"
"data\raw\res\2DG\2DG04_cell_010\metadata.json","259","e4678e3af88e59829b4ea7f1e94184724fd9e8c89b01d441d6f8b4e2e42d1883"
"data\raw\res\2DG\2DG05_cell_001\2DG05_cell_001_fad.tif","19687","9fe25c3497c4867359323cda52acda13f3bdfe356650221b60be68e73ef80af7"
"data\raw\res\2DG\2DG05_cell_001\2DG05_cell_001_lipid.tif","19687","9c3e7335064d40374d2497876c34a0584352e47fbf8a37f5ba37caddfb1ee03c"
"data\raw\res\2DG\2DG05_cell_001\2DG05_cell_001_mask.tif","19687","202dce34aad9372c08ada2f58457ea954bf83f8f6780c5de4833c1e9824a83ad"
"data\raw\res\2DG\2DG05_cell_001\2DG05_cell_001_nadh.tif","19687","3d7a991f9e9c39115416093083854eb60b6e11b98166a6ef7c94a5ea0ffd8d99"
"data\raw\res\2DG\2DG05_cell_001\2DG05_cell_001_OCT.tif","58565","8184a07e49429da6c1f5c2459bfdbf57a277f3e90c3e1e10c2fddcc7c9f97d1d"
"data\raw\res\2DG\2DG05_cell_001\2DG05_cell_001_protein.tif","19687","56bc6b88bca644203d74c27f9779f1cb976dc81eff5d5baabd5101e9387bac72"
"data\raw\res\2DG\2DG05_cell_001\metadata.json","254","0f484a669da9443d0c327d950dbffecad3cf0dd892f2b649830cad973868240d"
"data\raw\res\2DG\2DG05_cell_002\2DG05_cell_002_fad.tif","10246","b599874f249da12f2720a151131ea329912c88c8545d568e498f33bba7319592"
"data\raw\res\2DG\2DG05_cell_002\2DG05_cell_002_lipid.tif","10246","df8607442971ee124df24009e39fe0ae6f44f8912316115302860b0455b00009"
"data\raw\res\2DG\2DG05_cell_002\2DG05_cell_002_mask.tif","10246","25c9b9e86b9d0849efac94f08fc2662efeeea4a0a25c9ef2d2d4e5ff1cc50091"
"data\raw\res\2DG\2DG05_cell_002\2DG05_cell_002_nadh.tif","10246","09f89dbc59ae784e53e8134cbe6b48ab1c809a5bd3b9ef3756737284f0368e08"
"data\raw\res\2DG\2DG05_cell_002\2DG05_cell_002_OCT.tif","30242","2c26bc1f9c23716ca09568518a8d3a46bc332e59114644fa94ec6ed5acd61e82"
"data\raw\res\2DG\2DG05_cell_002\2DG05_cell_002_protein.tif","10246","06f3844ea2bebffd9f36dcc241148686ef16d72baa1f26d1dcac1032cebcdb44"
"data\raw\res\2DG\2DG05_cell_002\metadata.json","255","4c17f54a3087b069dc0ca51e1b2e293039f0bd70cbf0f10e6968ce918e49f713"
"data\raw\res\2DG\2DG05_cell_003\2DG05_cell_003_fad.tif","15934","210b354c5f8e0bf4aef0392cb79b3ac294fda5acd157c3ea89ac70b6f5668475"
"data\raw\res\2DG\2DG05_cell_003\2DG05_cell_003_lipid.tif","15934","851c95b7179cf6f2a2fd1cb192e4cd6593d3362fc8edf2131baaebce2e3ce358"
"data\raw\res\2DG\2DG05_cell_003\2DG05_cell_003_mask.tif","15934","07f6ce6b5c4cb350d286a24f098f3719701635d7fd30450f3fc2111867019340"
"data\raw\res\2DG\2DG05_cell_003\2DG05_cell_003_nadh.tif","15934","ea8720e564e2bb93bdb6f6ecec249461ac5a44e7fcde8eac640d7fec33feb52e"
"data\raw\res\2DG\2DG05_cell_003\2DG05_cell_003_OCT.tif","47306","befbe76ab38264447d9e798ae64e055ed35bb42edbc64908c74f112570b18812"
"data\raw\res\2DG\2DG05_cell_003\2DG05_cell_003_protein.tif","15934","9b0c661c35f9adf329e21af84a2bcf5cf2be59bf656779e3a0dcc3b9901b9757"
"data\raw\res\2DG\2DG05_cell_003\metadata.json","256","484d0e2c57de2b5525707b63ae90a920e92053fd653ca919e81fd923dc8c6551"
"data\raw\res\2DG\2DG05_cell_004\2DG05_cell_004_fad.tif","21466","90bdd511316f33c7e1588274e55e0c5afa55950f4c91a36ea092e12451692492"
"data\raw\res\2DG\2DG05_cell_004\2DG05_cell_004_lipid.tif","21466","2fa9c2773363014b2a311068c7d1900a90fd4df536159e427137c766696012bf"
"data\raw\res\2DG\2DG05_cell_004\2DG05_cell_004_mask.tif","21466","1dd3fb10bb0a15d43e209c39054d49dbb6c3b87dd66c3778555ea15c9031fd07"
"data\raw\res\2DG\2DG05_cell_004\2DG05_cell_004_nadh.tif","21466","999e0640879cf110985ef4a0bf3e96419fd3ea6280578ff3b9bb0cf5e26a52ab"
"data\raw\res\2DG\2DG05_cell_004\2DG05_cell_004_OCT.tif","63902","5bb2d356e9e370725ce178f48bee625e15b953f0cab4f56659f48c1491e7c6d6"
"data\raw\res\2DG\2DG05_cell_004\2DG05_cell_004_protein.tif","21466","e4207432d3b3855106e609011c5e487c1041c0168f940a8a0247f4946429ddd7"
"data\raw\res\2DG\2DG05_cell_004\metadata.json","257","bb777483db441cc0ae53618c8878976d4cd88443383aa0bd10f338a976f42fea"
"data\raw\res\2DG\2DG05_cell_005\2DG05_cell_005_fad.tif","24291","071370d8fc0e3b6a5e6dcc0b36943ae257ea0e5ca60b15c0b69f51835c105c3d"
"data\raw\res\2DG\2DG05_cell_005\2DG05_cell_005_lipid.tif","24291","60c1f4e372cc9d1bcd1052d4a355a5fbfcfc3366f32019c35d5da236615dc8ce"
"data\raw\res\2DG\2DG05_cell_005\2DG05_cell_005_mask.tif","24291","3673bf7dd3ed34c80d659a8ed6a5f1b92af6b48aaca78e8087fa89f7e996d61c"
"data\raw\res\2DG\2DG05_cell_005\2DG05_cell_005_nadh.tif","24291","7ed8c09720afe4f3d6043e70c56eb55d4e5a645a94089b113904dc5a97145213"
"data\raw\res\2DG\2DG05_cell_005\2DG05_cell_005_OCT.tif","72377","6be976d256bdff7f21aa96ddd5a6d78a67d454825de1677525b20e8ca4b5449e"
"data\raw\res\2DG\2DG05_cell_005\2DG05_cell_005_protein.tif","24291","07b9259055f7c6b8866ab99b3aad10990fc83443625e0638f3fbd3cbdf62568f"
"data\raw\res\2DG\2DG05_cell_005\metadata.json","257","3dbf17004e416498a0e0bcaf9dad3aab0af672545da868f70b4e92753cd6ff84"
"data\raw\res\2DG\2DG05_cell_006\2DG05_cell_006_fad.tif","16051","9780c08f207b26a606c58896bc710b0d36f048bd87d29322350c50410d514b46"
"data\raw\res\2DG\2DG05_cell_006\2DG05_cell_006_lipid.tif","16051","547ed4336a5889954cf2774ce8c24adba5f9c07e127be0434b90d8a1812964e7"
"data\raw\res\2DG\2DG05_cell_006\2DG05_cell_006_mask.tif","16051","1ab3e8428cb25ec34d624d1fb2e2140aa443de6eddf66c2949749f0f0dc0df0a"
"data\raw\res\2DG\2DG05_cell_006\2DG05_cell_006_nadh.tif","16051","fe3f8b63983f18377dc7db9edd91be3f10322d9aa52de60ade701d6c7a8577eb"
"data\raw\res\2DG\2DG05_cell_006\2DG05_cell_006_OCT.tif","47657","9fb9c18071c30ed939816487b08d2b52751e034e73f30da138549ea4c9b2b295"
"data\raw\res\2DG\2DG05_cell_006\2DG05_cell_006_protein.tif","16051","3d1cf8fc7e89006e6259bf0116cd37ff2f54ba67fad020679ebf1a1f90514a8a"
"data\raw\res\2DG\2DG05_cell_006\metadata.json","257","8a9972ad27911d5166c8a32dd496514059dd8a6c9239727941f5f3d0cc0d385b"
"data\raw\res\2DG\2DG05_cell_007\2DG05_cell_007_fad.tif","15397","4a6f43652b1c6e3b7e154a2aae71c2a9a00b5554bd7fd12cd6bbab4d96b90a95"
"data\raw\res\2DG\2DG05_cell_007\2DG05_cell_007_lipid.tif","15397","9bc531277bc92b0ace42f2ef9aa6bd19556d94041ee7aa7d1561b678249a9330"
"data\raw\res\2DG\2DG05_cell_007\2DG05_cell_007_mask.tif","15397","adf2261f3595380f4d814b3340646c4ba878e05eb5395172f783e5a454820f18"
"data\raw\res\2DG\2DG05_cell_007\2DG05_cell_007_nadh.tif","15397","586d1fe48bd1a7afdb7595df7c93b831f5cbda1b38d5a3d4a3c397d11d3e614c"
"data\raw\res\2DG\2DG05_cell_007\2DG05_cell_007_OCT.tif","45695","1d9b76931a4789a2149fad19d3b1a6456e98a02e695967476878176a7e9f71c2"
"data\raw\res\2DG\2DG05_cell_007\2DG05_cell_007_protein.tif","15397","50edcb2f08c558a4da636fb072e8d45cff1af9cd4e95733f8608968424f19b29"
"data\raw\res\2DG\2DG05_cell_007\metadata.json","257","36cd41632ab1ec4f3a99e614e8bedb4394e57de1fe1ca6674ecc490de82c259f"
"data\raw\res\2DG\2DG05_cell_008\2DG05_cell_008_fad.tif","18456","acd988128352e4ef3145d06ec05b0d016d32dbab9a397914b58d1e913fa941b9"
"data\raw\res\2DG\2DG05_cell_008\2DG05_cell_008_lipid.tif","18456","6b99743f34ec02540e36ce03cc7c6de5d252d2ee4375dbd2a62dba22c0be3dae"
"data\raw\res\2DG\2DG05_cell_008\2DG05_cell_008_mask.tif","18456","e8a0f6180081195394dca4afed698295022f19dbe08abb9f1bc7c1d22dc0763e"
"data\raw\res\2DG\2DG05_cell_008\2DG05_cell_008_nadh.tif","18456","0b5aa566f3136b7ef379f31b0dafd803d742e6f6e8f71dc00ccf42ff524bd552"
"data\raw\res\2DG\2DG05_cell_008\2DG05_cell_008_OCT.tif","54872","31c9f8a1cc19a70a6f26747f3ca14b8d2860ab35a390d38f98ae32b6fdc2aad4"
"data\raw\res\2DG\2DG05_cell_008\2DG05_cell_008_protein.tif","18456","d955fa3cb8f411f5ac9376800480a2147588c3fe21dee9793cddb22bd7769c80"
"data\raw\res\2DG\2DG05_cell_008\metadata.json","256","d8cafad97b9188a1f40111b7ca07641feff48c2a6424a4e545aa6cfabf733794"
"data\raw\res\2DG\2DG05_cell_009\2DG05_cell_009_fad.tif","13132","a164105973ccf2e149f5f42444a40eceb3bd5be335186f1a7ff4bbb419b7596e"
"data\raw\res\2DG\2DG05_cell_009\2DG05_cell_009_lipid.tif","13132","68ca4799eef3e3f87c4cc1ff5f403b19308146ba3daee3f52d4d06ad1716abe8"
"data\raw\res\2DG\2DG05_cell_009\2DG05_cell_009_mask.tif","13132","2bd99b76992b4ee55275ce0ee6e38efa3ed4a215fe6af3bf11720344f554daa1"
"data\raw\res\2DG\2DG05_cell_009\2DG05_cell_009_nadh.tif","13132","4ed7d8019f1ed0bc449f2c3b51efac88322c56ba67096389045f18c39c48ffde"
"data\raw\res\2DG\2DG05_cell_009\2DG05_cell_009_OCT.tif","38900","30539db3a816ef60d11cfa244231d25c89c43fa0c6876b530bcc6e2d8e959e8e"
"data\raw\res\2DG\2DG05_cell_009\2DG05_cell_009_protein.tif","13132","cfdf38827b72eb2605179194bce7a6196dd3943c7adb96580b33bc60aad69e84"
"data\raw\res\2DG\2DG05_cell_009\metadata.json","258","f137e7796cb7385458edeb5ff0e16951eabf3de3c4e1203c999a8703231b6d38"
"data\raw\res\2DG\2DG05_cell_010\2DG05_cell_010_fad.tif","23202","ddf12da675c9d8092452128f59cb51143c1953bc60be36e9f25e9579010781e7"
"data\raw\res\2DG\2DG05_cell_010\2DG05_cell_010_lipid.tif","23202","ccf8942f3f13960b6ffe5c09f6b1cfa2b4663fc02e65b472cf50999da0cd83d4"
"data\raw\res\2DG\2DG05_cell_010\2DG05_cell_010_mask.tif","23202","3b8706c4d176289b68924431abedb66c9766927e386c57411f9768316350ec4d"
"data\raw\res\2DG\2DG05_cell_010\2DG05_cell_010_nadh.tif","23202","29b9fa59594ae7ff9fd4706ea990ead9175c45b1ed764695a03490434af8a8cd"
"data\raw\res\2DG\2DG05_cell_010\2DG05_cell_010_OCT.tif","69110","8a8192eba15e74df9c0655c989162559a8d1270191f96e77e9506c4d469bddd9"
"data\raw\res\2DG\2DG05_cell_010\2DG05_cell_010_protein.tif","23202","df1680298606b7f54c5217539f3a89659c6bd6b6cab44c70c779f38d335fc359"
"data\raw\res\2DG\2DG05_cell_010\metadata.json","258","92862e0f127371244cee4ea087a83bd99192bc4067b052f1382ba678e7d03e68"
"data\raw\res\2DG\2DG05_cell_011\2DG05_cell_011_fad.tif","20943","8fd4b870702edde6590660004e11737edb8a42427795b56b40822ca296a317ce"
"data\raw\res\2DG\2DG05_cell_011\2DG05_cell_011_lipid.tif","20943","3f51527e2ea09a0d9702e1d8908b27b1e2083519d9a1ba6a1d3e3ada365288cf"
"data\raw\res\2DG\2DG05_cell_011\2DG05_cell_011_mask.tif","20943","f96348fe0cbf048be8045e942b3e1dc5545bf0a949326872d1c1899be813f8a6"
"data\raw\res\2DG\2DG05_cell_011\2DG05_cell_011_nadh.tif","20943","e9e4ffb133b252af0dacd80bbb8701bd883120dad0882359fafc7976a913fc6d"
"data\raw\res\2DG\2DG05_cell_011\2DG05_cell_011_OCT.tif","62333","31864c29c02f49da0b6d8ee57258fae720bfad97427e9b6cb3be303f05dab28e"
"data\raw\res\2DG\2DG05_cell_011\2DG05_cell_011_protein.tif","20943","16e4d73176488705bdc7019846e47d4d3d01cc21d63c595dc970851462c9a460"
"data\raw\res\2DG\2DG05_cell_011\metadata.json","259","4545814014042e2caaebec9db2dca184290f3b6349238968a27073a557d20b70"
"data\raw\res\2DG\2DG05_cell_012\2DG05_cell_012_fad.tif","17140","3e18eb87c5d668f4a1802a0d897e4bc7a583aaf2042a1ef5eba8d5e445f28883"
"data\raw\res\2DG\2DG05_cell_012\2DG05_cell_012_lipid.tif","17140","c1cf2a455bc3708d9f4753bded3224dcb63d156b558a8f49a61f13017fc5d19a"
"data\raw\res\2DG\2DG05_cell_012\2DG05_cell_012_mask.tif","17140","cf9243dcbeeb20d9a5e7ab16cdd1a3723aa7701eb5f9cd25f2c66de641fc668d"
"data\raw\res\2DG\2DG05_cell_012\2DG05_cell_012_nadh.tif","17140","f93d66f25d2c92b9595e64d02dcc81b586ac4e2fa3fb6788e39de9e5f60cb18d"
"data\raw\res\2DG\2DG05_cell_012\2DG05_cell_012_OCT.tif","50924","a3ebf530dec585d87881a8165e3342cfd64dfeaa75e1ad0c06ed942c3e689d95"
"data\raw\res\2DG\2DG05_cell_012\2DG05_cell_012_protein.tif","17140","a976ebb4aa107d0587adef215967982ae69298862774f2e805b0ecde92637a81"
"data\raw\res\2DG\2DG05_cell_012\metadata.json","259","87e365b47737f02a0d962ce77b9c4acf0bbc6ee62d96c606c9688894dde6a05c"
"data\raw\res\2DG\2DG05_cell_013\2DG05_cell_013_fad.tif","19352","4c4459728a61588c3d04c44f731adfb85daf6206e385c0677508632d49b105f5"
"data\raw\res\2DG\2DG05_cell_013\2DG05_cell_013_lipid.tif","19352","23713122a473ff09922df9340bcd8ae07849099a79582ed1d4f95805e00ff221"
"data\raw\res\2DG\2DG05_cell_013\2DG05_cell_013_mask.tif","19352","eeb1fcb7195a373c3e04c3e77e1b242ee123cc384baa696afac1618b81d76a77"
"data\raw\res\2DG\2DG05_cell_013\2DG05_cell_013_nadh.tif","19352","7ef0c2304b4d4e34fd87be3a39a0f95afe12f23e92101ec9851a3e306acc97b8"
"data\raw\res\2DG\2DG05_cell_013\2DG05_cell_013_OCT.tif","57560","15aa71cb174bcae62e3fd970b430529c307ae1cb78ea95f613ce856d7cb87d78"
"data\raw\res\2DG\2DG05_cell_013\2DG05_cell_013_protein.tif","19352","1c1e8fdce5e7bb67b2ed2882bac7d935c23fc4ae5b88e5d365eebc2dce4d3efa"
"data\raw\res\2DG\2DG05_cell_013\metadata.json","259","1565c91c53f16419d951838e719552240221578d6c82de9fe773f7fe674fbc10"
"data\raw\res\2DG\2DG05_cell_014\2DG05_cell_014_fad.tif","18078","bad2814e8cdf1a58a1df0aa76a88cfa446e3dc7cfbfa1385465f0be7772aa9e9"
"data\raw\res\2DG\2DG05_cell_014\2DG05_cell_014_lipid.tif","18078","590a323071f54c5985d5870ec97d560793508e99742b2c323bc3563f709bb2bc"
"data\raw\res\2DG\2DG05_cell_014\2DG05_cell_014_mask.tif","18078","ba7b2da3ed10409285e3466919afdf3b17c299bf21baf93d279361e92d3750c8"
"data\raw\res\2DG\2DG05_cell_014\2DG05_cell_014_nadh.tif","18078","7c4f5a3951b6db76bc27996c4d88277f6e8e4ce739518a36132e8ecdeaba8491"
"data\raw\res\2DG\2DG05_cell_014\2DG05_cell_014_OCT.tif","53738","792ab5b162363d7d2175f9d4eed174b35a3f3445c549dba77e253badd50167bd"
"data\raw\res\2DG\2DG05_cell_014\2DG05_cell_014_protein.tif","18078","dc436dadf6d511e3cf42f440a9a500e2f46246f30ed1c4f791849950ad98157f"
"data\raw\res\2DG\2DG05_cell_014\metadata.json","259","45311fd32e97b58b53669800f19f1bce14932678021c45d5309d62da17a02089"
"data\raw\res\2DG\2DG05_cell_015\2DG05_cell_015_fad.tif","18016","58328a8f2d8e893fadb5bb2ac464f16586c6b11398f353bf5a1ce87c8dde89a5"
"data\raw\res\2DG\2DG05_cell_015\2DG05_cell_015_lipid.tif","18016","ca667901b4774fbbc74e561842dded7ce4a27f4211ebcaea9567692008b374df"
"data\raw\res\2DG\2DG05_cell_015\2DG05_cell_015_mask.tif","18016","0b1f6c25df96d5e3f00da6cda07035efd2c853f16bd9ae26ffc9735c3fc0088f"
"data\raw\res\2DG\2DG05_cell_015\2DG05_cell_015_nadh.tif","18016","fc32cd74dc925eb67eead2c038a37f920f074296ebbad3b2e18271b285e0b0c7"
"data\raw\res\2DG\2DG05_cell_015\2DG05_cell_015_OCT.tif","53552","4baa76cb3a296bd22ec21d11942c49e5cc69d1f8e32e0d13d0384471e44e28bf"
"data\raw\res\2DG\2DG05_cell_015\2DG05_cell_015_protein.tif","18016","7309da9d486b7752f5215c17d702aa19ba079ca1f4ac8e8657cec1dcb4ae2df9"
"data\raw\res\2DG\2DG05_cell_015\metadata.json","259","6eb65701cd3a59d1bce83dd6fb63b7b86282b43f2a0c73507b97f102c7b7e83a"
"data\raw\res\2DG\2DG05_cell_016\2DG05_cell_016_fad.tif","14836","bfb59cbb98bb4f0481dd282038662e29108a862a5587dc79b9b73f39598d6efc"
"data\raw\res\2DG\2DG05_cell_016\2DG05_cell_016_lipid.tif","14836","6b902643cef80319a109662fa9390f27ce9efcb869e5037fb34d9da6a48aac73"
"data\raw\res\2DG\2DG05_cell_016\2DG05_cell_016_mask.tif","14836","7e9c4ca13ea9e7ef940d553e6569d8210f6a8139558d948f7a31c17eab5d76c8"
"data\raw\res\2DG\2DG05_cell_016\2DG05_cell_016_nadh.tif","14836","a6f8cbfc6edd56ff22489c0b27fb34588f51b6f1b53d800bd9734b34e4722d0e"
"data\raw\res\2DG\2DG05_cell_016\2DG05_cell_016_OCT.tif","44012","44209cfbf28251701a9db995fd19b5123e6b07f5e2c573a0810753b6d0c497ed"
"data\raw\res\2DG\2DG05_cell_016\2DG05_cell_016_protein.tif","14836","a88673490d3438c1a2b08c4a04ff054e7eb3046bc5154621e21a70be3bc8d0fc"
"data\raw\res\2DG\2DG05_cell_016\metadata.json","259","c1f6f3b7bdb6194a65d81e80fee634fbd2c13bb7bfaff20dff0ebc76e7d1cd0f"
"data\raw\res\2DG\2DG05_cell_017\2DG05_cell_017_fad.tif","15736","d393574f7844513ad0ce9ef8cf1ed5e52c49219d75a7fbbce9d3856bcbe7c0fa"
"data\raw\res\2DG\2DG05_cell_017\2DG05_cell_017_lipid.tif","15736","73c9a4a80774bc57ed90d069ac36cdc87ec13e6460a8c731d8641e063da906ac"
"data\raw\res\2DG\2DG05_cell_017\2DG05_cell_017_mask.tif","15736","e15d402a22111940d7c77cbcff443f4933ef698ba4b67c7ffd1b14d02809ee7a"
"data\raw\res\2DG\2DG05_cell_017\2DG05_cell_017_nadh.tif","15736","24998d9456aa989b440513e09634ecd1fa97c67af7d9c390a60673836ec1a9b8"
"data\raw\res\2DG\2DG05_cell_017\2DG05_cell_017_OCT.tif","46712","cd06e1d9761f7777024ebf6ab5e811a3027c72d3c8916a5fff3e0c816698592e"
"data\raw\res\2DG\2DG05_cell_017\2DG05_cell_017_protein.tif","15736","f056cd1a766db1dde64440e69c2b8d2e01385bc4291baa9838aca8de54c3dda0"
"data\raw\res\2DG\2DG05_cell_017\metadata.json","259","1b94ee30d81eb7d1acfa427fde3d45e7a6d3a3d3d520abe84e8ddc4ad02019a1"
"data\raw\res\2DG\2DG05_cell_018\2DG05_cell_018_fad.tif","15856","216af9b6481db616f6b6110d7322b017c21ce4db4f1466804e0d9de6aa26cff6"
"data\raw\res\2DG\2DG05_cell_018\2DG05_cell_018_lipid.tif","15856","575d416091e621a284ff6a8da79723520ac37d3096f5d6080c9fbf67af4354c0"
"data\raw\res\2DG\2DG05_cell_018\2DG05_cell_018_mask.tif","15856","794e52953f81c6adc3121016a106a881b806139782672c6d3e9f1cbf82a4d4aa"
"data\raw\res\2DG\2DG05_cell_018\2DG05_cell_018_nadh.tif","15856","bc383880d2dc61256caa2076b6e539391e02526db104714b3e27bc871c54e7ff"
"data\raw\res\2DG\2DG05_cell_018\2DG05_cell_018_OCT.tif","47072","480fc6dd6348b81fc9e4481a2881d496ffec2263ed51bac1577a34c80fb3f14e"
"data\raw\res\2DG\2DG05_cell_018\2DG05_cell_018_protein.tif","15856","80b3bcdc76796c37ad936bedf83ebd7f2f80764850845eef3cc1e91464f3518d"
"data\raw\res\2DG\2DG05_cell_018\metadata.json","259","ceaffadf638a90a05857764c465fab439d90403b5ba48aa148fc655a3845d125"
"data\raw\res\2DG\2DG05_cell_019\2DG05_cell_019_fad.tif","27844","b2eca202a736fe817710a26b4ca8cba860b253ff6d682900ac79b1c87f2ec14c"
"data\raw\res\2DG\2DG05_cell_019\2DG05_cell_019_lipid.tif","27844","eda5f0737fec6b122c14c558cc45011a72afb25141fb1f5a09eb21aba94149ce"
"data\raw\res\2DG\2DG05_cell_019\2DG05_cell_019_mask.tif","27844","84edc4e09645d5ab23d5e13a8bb0d50ef3e50809fd2496175f8ea72c990548cf"
"data\raw\res\2DG\2DG05_cell_019\2DG05_cell_019_nadh.tif","27844","ea3c6f2679446c97922ccd3f7fec91196392b7348265da0ea0e080c049bf477c"
"data\raw\res\2DG\2DG05_cell_019\2DG05_cell_019_OCT.tif","83036","222766974a43a6c9ad7c19c9087053da75aaf5510e8230ea37258edaf75b272a"
"data\raw\res\2DG\2DG05_cell_019\2DG05_cell_019_protein.tif","27844","94cb97cc0d98674157f4761c13959ae86edeb6d89e5d618858f2183d8f6f6069"
"data\raw\res\2DG\2DG05_cell_019\metadata.json","258","175b6b45dab01db606348b245343a4875f02a9795647fed400a9e806ae8b3aa0"
"data\raw\res\2DG\2DG05_cell_020\2DG05_cell_020_fad.tif","37251","2ee6e88577b087fd8a36f9cddb71c2915d89a1946586d62d71392d0cffea002f"
"data\raw\res\2DG\2DG05_cell_020\2DG05_cell_020_lipid.tif","37251","e69ece990248bf1308c7e9327679cf82111fa4f80960b0f20caf9819525fffab"
"data\raw\res\2DG\2DG05_cell_020\2DG05_cell_020_mask.tif","37251","911967d7f2d4b578acec85ef0b12d842ce3c7cec02c5727cdaf2437e84309caf"
"data\raw\res\2DG\2DG05_cell_020\2DG05_cell_020_nadh.tif","37251","8cf1c2adb13a1b177294d74c40a7dc1c54fa61af4d638e566883968931ea7376"
"data\raw\res\2DG\2DG05_cell_020\2DG05_cell_020_OCT.tif","111257","4a9740e925d03f8ae2fee990851c82bc02e8fd12aadc5d7908fcfa877d8e2875"
"data\raw\res\2DG\2DG05_cell_020\2DG05_cell_020_protein.tif","37251","2e7c9222960e00eb780b76f47ebfbd630a40d5a11574bc1fb35cc55a7eceb61e"
"data\raw\res\2DG\2DG05_cell_020\metadata.json","258","57b680493036d374baf8618d62c11a874d4182a1da8f3ae70f4965d8940ab74e"
"data\raw\res\2DG\2DG06_cell_001\2DG06_cell_001_fad.tif","15592","d4efdcaa808f5943bfb54754a5fc90f6ba7cfd9905400458abe28cb77c8730fe"
"data\raw\res\2DG\2DG06_cell_001\2DG06_cell_001_lipid.tif","15592","0912391963788fbb5c6bc59fa5751fd0670a2519fad739fb7e5a4c58cff9dc8e"
"data\raw\res\2DG\2DG06_cell_001\2DG06_cell_001_mask.tif","15592","2689bbc0970dae90b3c1db74508d3b33d3e30cafb257f0806a4fbff9fb8d333c"
"data\raw\res\2DG\2DG06_cell_001\2DG06_cell_001_nadh.tif","15592","e53587c5a606250c6c938ecc169dcaa348e1facaba4e8e383e346be3aec4b7d7"
"data\raw\res\2DG\2DG06_cell_001\2DG06_cell_001_OCT.tif","46280","e92504e240db367fc16a5508704407b2afcdcb907458c46f09745907919679e4"
"data\raw\res\2DG\2DG06_cell_001\2DG06_cell_001_protein.tif","15592","964a331a8d832084ef4b6f93a91aa79d59f0ce391f6fd84da9d9042cece74114"
"data\raw\res\2DG\2DG06_cell_001\metadata.json","257","d9cbfd2da3db9da96e99581f5ee08f19b44190893f05bcd08ef9c6e5738171ae"
"data\raw\res\2DG\2DG06_cell_002\2DG06_cell_002_fad.tif","20088","f7a9a5c747285fe0668b63f66ebaf2e054c951a66099432aaf8f2f4640d3d829"
"data\raw\res\2DG\2DG06_cell_002\2DG06_cell_002_lipid.tif","20088","b4ef62c3e97603054cba132ac4b5efac596305d676112dee4f1988766a7ca159"
"data\raw\res\2DG\2DG06_cell_002\2DG06_cell_002_mask.tif","20088","bb15041de1f71f768060547d63744f268cfd575d22c5250428785cc2be517133"
"data\raw\res\2DG\2DG06_cell_002\2DG06_cell_002_nadh.tif","20088","666cd09bf7dcf31aa4f56007a28959c83720e2e7b41809c3726deaabc09dc73e"
"data\raw\res\2DG\2DG06_cell_002\2DG06_cell_002_OCT.tif","59768","8d0c28f1944563c8fc7e9a1b4842b1d1f9b919083bd237189ce7a3e4f2aa295c"
"data\raw\res\2DG\2DG06_cell_002\2DG06_cell_002_protein.tif","20088","5a0a602aac77b9acb06b88b161357350c5dcf1434809090ad0e2d770201730b3"
"data\raw\res\2DG\2DG06_cell_002\metadata.json","257","2002c58adbecb6adb1056dc65a28de48a0573b70d3283526de4cb944fbc527df"
"data\raw\res\2DG\2DG06_cell_003\2DG06_cell_003_fad.tif","18736","7252c1ff3283472129e7d3bb695c12e1e87fa8b1a37a2d95d5871401484d3367"
"data\raw\res\2DG\2DG06_cell_003\2DG06_cell_003_lipid.tif","18736","2c812046301278a14d3026bca002fc06d66b51bce146aa09837096f250ea8da1"
"data\raw\res\2DG\2DG06_cell_003\2DG06_cell_003_mask.tif","18736","f6f59605a0252dd10d768a73bbbd78ec39fb72e3902417297421c44d48d44f63"
"data\raw\res\2DG\2DG06_cell_003\2DG06_cell_003_nadh.tif","18736","0175408425c7d810024ece6635db670367f7fb7912b4eb5d2e69c327e63a061d"
"data\raw\res\2DG\2DG06_cell_003\2DG06_cell_003_OCT.tif","55712","de977dab6c063632ab9f06185ea8fb961df37e775db96349169d757c00f653b6"
"data\raw\res\2DG\2DG06_cell_003\2DG06_cell_003_protein.tif","18736","6400bb6542bf6028c50b1bee70f4f649c4f3445ba765afaf66e08a240514af06"
"data\raw\res\2DG\2DG06_cell_003\metadata.json","258","9524c547d1ca0c1a74dc6295b712ba78fcadaa944ef4d1f39e367a5c3d7f15c4"
"data\raw\res\2DG\2DG06_cell_004\2DG06_cell_004_fad.tif","13216","d70e9ef6a950172292dd8b86d37e81f79a2bbf3af64ba948e5d425bc4f2f3aef"
"data\raw\res\2DG\2DG06_cell_004\2DG06_cell_004_lipid.tif","13216","4b5a39d88c38e55df6e47809f15225210e91ed8325189298c783c2d5ab6c7d20"
"data\raw\res\2DG\2DG06_cell_004\2DG06_cell_004_mask.tif","13216","59ffb2a80012014e8cf8995798fdfe8ebd233c447f8e25fc95509d8909bfa120"
"data\raw\res\2DG\2DG06_cell_004\2DG06_cell_004_nadh.tif","13216","f346906d79895c31359deb697bde3b415ba24961c1d7f9fefaf23d283a7f5c0b"
"data\raw\res\2DG\2DG06_cell_004\2DG06_cell_004_OCT.tif","39152","73134781757794ed7539fbbd4ce8ad7378d5759cd2158397a2cb74e24b621a88"
"data\raw\res\2DG\2DG06_cell_004\2DG06_cell_004_protein.tif","13216","d1197206111e8c04d1d7a80fbf89343fc8bd1caee8c968cb6156b55eaa0af111"
"data\raw\res\2DG\2DG06_cell_004\metadata.json","258","eb6b107a61222fa94e2edff7ba4d4e19f932a1b1a04ad5b7382e6459faba81fc"
"data\raw\res\2DG\2DG06_cell_005\2DG06_cell_005_fad.tif","13695","97b7d2118194e9a96c096e0b455ba909342b6f278cf2de5eb33c7f7215f36b98"
"data\raw\res\2DG\2DG06_cell_005\2DG06_cell_005_lipid.tif","13695","e1c2b2057e24a19330c78bef54d8e11c4c98ce2977ca15727fb74c79c827b51f"
"data\raw\res\2DG\2DG06_cell_005\2DG06_cell_005_mask.tif","13695","bcb2b29aa19f425555555756bb7d949c65def57211a1249bf11727a6970f1759"
"data\raw\res\2DG\2DG06_cell_005\2DG06_cell_005_nadh.tif","13695","06987963221ef95b6e1916b16d615cc95c765d9f9f2d0a101f08564e33687b4e"
"data\raw\res\2DG\2DG06_cell_005\2DG06_cell_005_OCT.tif","40589","c65226a7133477ea6dcf4ef9bb69a7cb623dfbfd055ff300a9e9e6306add3f26"
"data\raw\res\2DG\2DG06_cell_005\2DG06_cell_005_protein.tif","13695","32d4715c3f1ab070dba638a7ff4443c2e9cbb6d56ccb086bdcfabe307a11967a"
"data\raw\res\2DG\2DG06_cell_005\metadata.json","258","9876063ebd12069dc8a4f2aed906a17b6002044d45bbfbd1d656130cf32a1095"
"data\raw\res\2DG\2DG06_cell_006\2DG06_cell_006_fad.tif","18736","5791cb81b102bc787e76f135e7532771f499a78878c7bb3def6f2d0eed53122a"
"data\raw\res\2DG\2DG06_cell_006\2DG06_cell_006_lipid.tif","18736","6fb122df5ccbcefcd96df358120fc72ed8acbb550eefe08f47041cec3586e224"
"data\raw\res\2DG\2DG06_cell_006\2DG06_cell_006_mask.tif","18736","47ff9d08ed774a0c56e1423712c5bbb329a00a274a26145bff63638a9e8af05b"
"data\raw\res\2DG\2DG06_cell_006\2DG06_cell_006_nadh.tif","18736","e8ae2e6fce2e7e8d705f74e772a86aa14685daa965addbac36dde8f3e76212c2"
"data\raw\res\2DG\2DG06_cell_006\2DG06_cell_006_OCT.tif","55712","e280cc37c060ae3a69faa3d1d62ecc919f13bf85a0f1eb834505db833262cf49"
"data\raw\res\2DG\2DG06_cell_006\2DG06_cell_006_protein.tif","18736","bcf6c7620695fa3593f65a75d1f99093e8acafa42840ce395b3daa4eaacebf68"
"data\raw\res\2DG\2DG06_cell_006\metadata.json","258","6f002e329b203b19540a5697aeb2371ac9d3ab7220cab074a7c3805e91d3c2de"
"data\raw\res\2DG\2DG06_cell_007\2DG06_cell_007_fad.tif","17276","185c2c6581057c6dcfb5a52b3313b70cd154c1607d8a17b046d35f660909c616"
"data\raw\res\2DG\2DG06_cell_007\2DG06_cell_007_lipid.tif","17276","d282ad7c779748290106dd5add8f9266ac6121a28889e2b21fcd19d832021631"
"data\raw\res\2DG\2DG06_cell_007\2DG06_cell_007_mask.tif","17276","412de0ea85e95cf44a2ea7d1049c629aeeb934df7ba4b60c9de1d454d5e3290d"
"data\raw\res\2DG\2DG06_cell_007\2DG06_cell_007_nadh.tif","17276","3dd2a2f69fa58220d516156bf1c4d62976eb2e9b44419f657cda39f0c8020816"
"data\raw\res\2DG\2DG06_cell_007\2DG06_cell_007_OCT.tif","51332","71f70059b361a1e93ca60dc72b146a18f9ae5e3c2e73026fa0c1ba63d3fc2b5e"
"data\raw\res\2DG\2DG06_cell_007\2DG06_cell_007_protein.tif","17276","ea1e1561023eac51c47b2cd3136fdf5a24e70ec018878dfbfb2b0376514903dc"
"data\raw\res\2DG\2DG06_cell_007\metadata.json","258","0500b32551d25f4ad89b573bff66a7eed958873cb73537278335a4685b372608"
"data\raw\res\2DG\2DG06_cell_008\2DG06_cell_008_fad.tif","13738","4d09cd07f0551e3cad1d12c0c0e54efa25d9a1d50d036005e7831fad8b32c616"
"data\raw\res\2DG\2DG06_cell_008\2DG06_cell_008_lipid.tif","13738","92ec240d767d504d42651711f7081b64fd708cca8ab516f454d16d53a55c56a8"
"data\raw\res\2DG\2DG06_cell_008\2DG06_cell_008_mask.tif","13738","2491c076d52f12d2b86c1d7576376ab5c548eb65c4412c34b77bd7bbe7cd0bf2"
"data\raw\res\2DG\2DG06_cell_008\2DG06_cell_008_nadh.tif","13738","7f2bd4befa05d9c0efd7937060f9299d4e91848c486eff32a58e60b3913c2fdd"
"data\raw\res\2DG\2DG06_cell_008\2DG06_cell_008_OCT.tif","40718","5a4c71151980364d7465220af84b5b85dd243b16c146edff2d8ce18dfa53c858"
"data\raw\res\2DG\2DG06_cell_008\2DG06_cell_008_protein.tif","13738","a95b8cd1043f480dcc2956f28dd57461c2df576ca4ce7d5afcb5345d7710989b"
"data\raw\res\2DG\2DG06_cell_008\metadata.json","258","98c0893756cba5fbaf9bc3b8dbde8b6be30586316e6be0441a8d382fd3902d66"
"data\raw\res\2DG\2DG06_cell_009\2DG06_cell_009_fad.tif","18944","1573f08c16f469b8a81898a24222a031b14346af8270c42217cb8b365cd6d37c"
"data\raw\res\2DG\2DG06_cell_009\2DG06_cell_009_lipid.tif","18944","a1df566542f25aa25f9d1456f8304170e07e4d78b198a08033dfccc2622e5227"
"data\raw\res\2DG\2DG06_cell_009\2DG06_cell_009_mask.tif","18944","4ee46f3fc58209a82862bdba0c6028cba07efcadf0eca1d5f7d644c82798253a"
"data\raw\res\2DG\2DG06_cell_009\2DG06_cell_009_nadh.tif","18944","90bc15f7cb14da79c90f47f4433596a0ceb4062aadfb6625150ac91643f3bd21"
"data\raw\res\2DG\2DG06_cell_009\2DG06_cell_009_OCT.tif","56336","c0999b574a6b1bd9bd8721ab257dd547afb373704c2c7d8fe7d3fb1de5e49558"
"data\raw\res\2DG\2DG06_cell_009\2DG06_cell_009_protein.tif","18944","e844608101538eb13b1020259980fad4de601162aebb906bdc41bca9912004ad"
"data\raw\res\2DG\2DG06_cell_009\metadata.json","257","01b65c390218b24f5be0759e4ef0d1dba811e0380f73eea8d6d75e6c1c8c15a9"
"data\raw\res\2DG\2DG06_cell_010\2DG06_cell_010_fad.tif","11217","5e1f9ccff8a715c830ba6d17e236b13f39b8334a0e242550256adfdf4e5306b2"
"data\raw\res\2DG\2DG06_cell_010\2DG06_cell_010_lipid.tif","11217","e555d7f4fda2d93b8f8792d7f6676241b64492f46aace585dc7e266a5070e016"
"data\raw\res\2DG\2DG06_cell_010\2DG06_cell_010_mask.tif","11217","b918e36072f9b742e2ae02a5a9e9c7d2f2a5d9cd46614aecd390b374af06996a"
"data\raw\res\2DG\2DG06_cell_010\2DG06_cell_010_nadh.tif","11217","a515018193cffcea4d66eb891c7692ce8c43039b2c863a732e9dd6314c59320c"
"data\raw\res\2DG\2DG06_cell_010\2DG06_cell_010_OCT.tif","33155","e349f42c63dc79fa1d75f36e7d1c514f50b1bcf907b627eb79d27b5a8d5ca264"
"data\raw\res\2DG\2DG06_cell_010\2DG06_cell_010_protein.tif","11217","d68988fdf1414e69a64c53aef08ddfd7a478abf56c47f03b65cbb3215ef69c74"
"data\raw\res\2DG\2DG06_cell_010\metadata.json","259","6e99787c72170635c6c34ff283811648034b78101685fdb30b7aa02af57956bd"
"data\raw\res\2DG\2DG06_cell_011\2DG06_cell_011_fad.tif","13243","ecac9f2e37e0918f8c7e93cf83d3a6685ea8a98e813913e3dbe1ea8307f7e0ca"
"data\raw\res\2DG\2DG06_cell_011\2DG06_cell_011_lipid.tif","13243","ae494470b8b6df9cce74df746d0c542800fadedff88b179ff78ecb4ffb2f9268"
"data\raw\res\2DG\2DG06_cell_011\2DG06_cell_011_mask.tif","13243","e1513fea763c2a384afc6b008172e63bc16b83f14dde1fb4f0c967a3d8073f3f"
"data\raw\res\2DG\2DG06_cell_011\2DG06_cell_011_nadh.tif","13243","a63515da74a3983bd3a6f874a17d4a6c5660915e0c2fe184df69f2fc927b9355"
"data\raw\res\2DG\2DG06_cell_011\2DG06_cell_011_OCT.tif","39233","6773f9b9ddaa1fd418dce63debbff027c084a61ec1076c482ef705abe16e42da"
"data\raw\res\2DG\2DG06_cell_011\2DG06_cell_011_protein.tif","13243","15991e6a658f4a98c29380054e9325bec56f2b6a7b63443bc4b1772d548ead40"
"data\raw\res\2DG\2DG06_cell_011\metadata.json","259","90c8e30aa1735009e571a45b6c28d846f13e2f678a78e2fe794828ddb07c88f4"
"data\raw\res\2DG\2DG06_cell_012\2DG06_cell_012_fad.tif","12829","47d944793c6c1ab41fb670afc81211a49d1d3a1fae0c2487dc7783d5e6bfab81"
"data\raw\res\2DG\2DG06_cell_012\2DG06_cell_012_lipid.tif","12829","2537010b44307084550e78aecb63fb6f47d138f4af23603ded30b31b13d9563e"
"data\raw\res\2DG\2DG06_cell_012\2DG06_cell_012_mask.tif","12829","2ef1e877b824c074e32176260fa9be53f919930e9ddeb8f51baf912aa1af9482"
"data\raw\res\2DG\2DG06_cell_012\2DG06_cell_012_nadh.tif","12829","c6b5de3f3ba756000bc6f1169bdd57df52b1cd3bf11ddd19c05fdb143570a294"
"data\raw\res\2DG\2DG06_cell_012\2DG06_cell_012_OCT.tif","37991","44b6d94635768905aebc205e71cf80f0d3cf875c2e7c1a14764f11705bc16d37"
"data\raw\res\2DG\2DG06_cell_012\2DG06_cell_012_protein.tif","12829","f0e121b7c7537f0449b2d5f1e462d2dd0279b878f1f36dbdab1759c4eb9da95c"
"data\raw\res\2DG\2DG06_cell_012\metadata.json","259","3e77bd9735974af3211e272b57b00308943299e6e566c24985a084fa62b96183"
"data\raw\res\2DG\2DG06_cell_013\2DG06_cell_013_fad.tif","14556","8eec74e92a85cd72161a09bfad47de2ca10d5be1f132a3c141c0fe00f5802b7b"
"data\raw\res\2DG\2DG06_cell_013\2DG06_cell_013_lipid.tif","14556","b6560c1caeaf2b2c28350f64cfc00be92e9a8ee5e349d42630899269f86d4fc7"
"data\raw\res\2DG\2DG06_cell_013\2DG06_cell_013_mask.tif","14556","226c61d2320e8e98969c77eccf4e219401f63e21f6a487a157e922f786af96e0"
"data\raw\res\2DG\2DG06_cell_013\2DG06_cell_013_nadh.tif","14556","9545918b3449676420c784ceb1d9fc89519e6c79b98c12dc1feae086b5c37e3c"
"data\raw\res\2DG\2DG06_cell_013\2DG06_cell_013_OCT.tif","43172","60f26e117f5833b8d0fe6c4a1927c7d677b880bee01db948d8cfdc9d065adbab"
"data\raw\res\2DG\2DG06_cell_013\2DG06_cell_013_protein.tif","14556","638b6f843547d4df53fb7d4d83ce53de50d9cf10fe5d28ea4792060dc4afa4d1"
"data\raw\res\2DG\2DG06_cell_013\metadata.json","259","87be36f0c323d8ca5258ec5f5c37883e4385c9d61868ce29a300fef36b4a559a"
"data\raw\res\2DG\2DG06_cell_014\2DG06_cell_014_fad.tif","19710","4dd9154e1bfb711113cc1d3bae38341e14dee56ce07fe197f8947132d0303b19"
"data\raw\res\2DG\2DG06_cell_014\2DG06_cell_014_lipid.tif","19710","f5db599112b0d4f62f1efe697871788a2edd9380d7ce7ba6895ab43b968bc35b"
"data\raw\res\2DG\2DG06_cell_014\2DG06_cell_014_mask.tif","19710","cad75c11cf57c99a1c88b1a5624c66c24f74c7bc9c53eb9fd44f5393ecdaac5b"
"data\raw\res\2DG\2DG06_cell_014\2DG06_cell_014_nadh.tif","19710","4fb9e0810506a7b8b2d839ab78a9f8b2b042bb08dbc7517e0f701f8c1eca3cb9"
"data\raw\res\2DG\2DG06_cell_014\2DG06_cell_014_OCT.tif","58634","2ffb25f8768f4dcdada980767d89e11bdafa63ede71456289e480e3284728e07"
"data\raw\res\2DG\2DG06_cell_014\2DG06_cell_014_protein.tif","19710","bd84af20e791bc74371ca4cad0b1df6ebf596ddc3fbac2bdd81c5e09c7b884f9"
"data\raw\res\2DG\2DG06_cell_014\metadata.json","259","40968150c1322dd6735137e1ba6550faf258099727658614a39ffbcc61a96990"
"data\raw\res\2DG\2DG06_cell_015\2DG06_cell_015_fad.tif","13248","ee5fb9e48ffdb0acc1e7f667c897f3a0264762eec43279a1630e9ca426584050"
"data\raw\res\2DG\2DG06_cell_015\2DG06_cell_015_lipid.tif","13248","863fa4646b2e5f7cce61355765d85ecc27435fd386a40689bb51f3f87441a128"
"data\raw\res\2DG\2DG06_cell_015\2DG06_cell_015_mask.tif","13248","3a70370556554b9970d49c7c03e664896fd2d4c97b3128cb9729ee7fafda01ff"
"data\raw\res\2DG\2DG06_cell_015\2DG06_cell_015_nadh.tif","13248","4038f3ab20eb390bf80500249bdd33742e7ff9217ff8068c36982b1c06487420"
"data\raw\res\2DG\2DG06_cell_015\2DG06_cell_015_OCT.tif","39248","e2440deab73d975fc2b510a48957868b80747b3c1a7ed187a24a7396ef0019e0"
"data\raw\res\2DG\2DG06_cell_015\2DG06_cell_015_protein.tif","13248","c7e0c7e9654c57029adf45395b00a3071fe0051b9e7c1e42dfc1f5fc34ab751f"
"data\raw\res\2DG\2DG06_cell_015\metadata.json","259","c8fbfb560660503892b22d24c029a0d1abb62242ea1c971a97f68e9570abb499"
"data\raw\res\2DG\2DG06_cell_016\2DG06_cell_016_fad.tif","29117","e0f4106304347a75ff8e3dba39b5c9dc03381997aacd3d40631671d4b80a9cce"
"data\raw\res\2DG\2DG06_cell_016\2DG06_cell_016_lipid.tif","29117","631cfc195a8f561cd8060665da33e1b06a83833525d0edbde5e8d00104d34ce7"
"data\raw\res\2DG\2DG06_cell_016\2DG06_cell_016_mask.tif","29117","71310d7fcce96a41e9a0845dd78eabcde7cd89461412b9bebe0c0fc61ec0c877"
"data\raw\res\2DG\2DG06_cell_016\2DG06_cell_016_nadh.tif","29117","a506a02697d327245a2b583cce2b57340c5c747e3d4be66ae86931a8f00db381"
"data\raw\res\2DG\2DG06_cell_016\2DG06_cell_016_OCT.tif","86855","8fcc0dd2493a2c93d3f6af31a5375eaa81558718ae23ff1faf60b3c585a04902"
"data\raw\res\2DG\2DG06_cell_016\2DG06_cell_016_protein.tif","29117","fbf1fbae81aae8798b9d5be62ce5f54143a400fb030a72c4de5189e9c5098ad3"
"data\raw\res\2DG\2DG06_cell_016\metadata.json","259","2c8e90bfc7c2f389d515d5a6ebb5101276ab1bb30f2cc03a5efd13fc4846b23d"
"data\raw\res\2DG\2DG06_cell_017\2DG06_cell_017_fad.tif","19021","07ed7940e0adc770b8ceb777b8faedc2e04ba8091822315dc5f5a6d01f79d1b5"
"data\raw\res\2DG\2DG06_cell_017\2DG06_cell_017_lipid.tif","19021","c78137edc912a185de9e398e39cecdf61756e4a27cad661b606a9f82dde2b457"
"data\raw\res\2DG\2DG06_cell_017\2DG06_cell_017_mask.tif","19021","3a4c948217798f5ad6fa113f1054d4270b0a04d950976316d33d1ecccd3027f0"
"data\raw\res\2DG\2DG06_cell_017\2DG06_cell_017_nadh.tif","19021","a4aa13103084ed5c35dca6c4bb2cbe506a4285366937060cff7b7a278c3b3d35"
"data\raw\res\2DG\2DG06_cell_017\2DG06_cell_017_OCT.tif","56567","14e1a94f961fe30b8bcb3c5c1c9542386b8295d14f86cba76af453f5fb9e1e2e"
"data\raw\res\2DG\2DG06_cell_017\2DG06_cell_017_protein.tif","19021","f767217ef8b4d438dab6682d053185d0ef57a4a26f67b4c25365d4fc32073f79"
"data\raw\res\2DG\2DG06_cell_017\metadata.json","259","cc564ea024d6a34e39fd3285faacfed99809a250c72e5a5133842f3312abb2bd"
"data\raw\res\2DG\2DG07_cell_001\2DG07_cell_001_fad.tif","15384","919c0b34a642554bb23c34bc339bea85d521020a48216672e144cd7a313db1af"
"data\raw\res\2DG\2DG07_cell_001\2DG07_cell_001_lipid.tif","15384","4f9f49fde68df8a605804a01f9f369677f754a02fb96040ef4105cda3fbd4335"
"data\raw\res\2DG\2DG07_cell_001\2DG07_cell_001_mask.tif","15384","6db35e3ae7e271d078fac301510b523eba08b8a1a28f2a9233c0011da50aa62b"
"data\raw\res\2DG\2DG07_cell_001\2DG07_cell_001_nadh.tif","15384","88850f4d53dddd146e3f82c82192e16df9c38d78e4b6d6c3181db2d43aeced54"
"data\raw\res\2DG\2DG07_cell_001\2DG07_cell_001_OCT.tif","45656","0a1fa24f9b1b830cc0f968f58b8a5854ba8c6e57006c3d4affc7550e91cb4a33"
"data\raw\res\2DG\2DG07_cell_001\2DG07_cell_001_protein.tif","15384","6a51361dc66eb97c80f047ee8899038bf28d889c776e876e246d62bb7cb048d5"
"data\raw\res\2DG\2DG07_cell_001\metadata.json","256","c41e3eb3d1d494cdf9fae026d47fef1af3dd2779f418e2669cdbba6b271aa9f8"
"data\raw\res\2DG\2DG07_cell_002\2DG07_cell_002_fad.tif","27673","e913de9b62a79834382e04055019ce59faacfae59cfea311c1f7189bac063e1a"
"data\raw\res\2DG\2DG07_cell_002\2DG07_cell_002_lipid.tif","27673","071213285955c21014984897dc169867e702c83bd7ea37f4f7eccb77f839b0c9"
"data\raw\res\2DG\2DG07_cell_002\2DG07_cell_002_mask.tif","27673","213b3fc278f837423991c577e4948e27f8e76759d8afa62a0d30f01c26d35528"
"data\raw\res\2DG\2DG07_cell_002\2DG07_cell_002_nadh.tif","27673","2fc704a6b3381ab963ee3a665331248fb54509a934ee00bb0e95860064f5961b"
"data\raw\res\2DG\2DG07_cell_002\2DG07_cell_002_OCT.tif","82523","e3b37d3e79f80013f02fa8d051ceb8e17587c909b45e4ff58d1808d434db6ce1"
"data\raw\res\2DG\2DG07_cell_002\2DG07_cell_002_protein.tif","27673","a5dbce55219b1ca4078d4bec31d4d28229d8412888da999523328df64afdde11"
"data\raw\res\2DG\2DG07_cell_002\metadata.json","256","85ba508cf3df913653674e0a21e9bda7a27a970ce881237d748ae554fd760d53"
"data\raw\res\2DG\2DG07_cell_003\2DG07_cell_003_fad.tif","16606","ea4c887b6bcbea44e3acc852e8eabd2b30617741ebd1a6c59ff1064b49def5c9"
"data\raw\res\2DG\2DG07_cell_003\2DG07_cell_003_lipid.tif","16606","857c4c31cf1e0172a5a1a1b0cc20ab401d9dc545b49980b1ab608fe1939d2656"
"data\raw\res\2DG\2DG07_cell_003\2DG07_cell_003_mask.tif","16606","ddb89b82ab14c475fc6f69cc1836a68d9dd1c140465d9dc377581ca6e2e66dc5"
"data\raw\res\2DG\2DG07_cell_003\2DG07_cell_003_nadh.tif","16606","de440825d9a3adcb3507399832792f0ed00fc57dd5987a0a594a1924d50e6e34"
"data\raw\res\2DG\2DG07_cell_003\2DG07_cell_003_OCT.tif","49322","2637330c3b3504bb3691b1cfcab17e8651b7593291f4607aa7248009c17e7628"
"data\raw\res\2DG\2DG07_cell_003\2DG07_cell_003_protein.tif","16606","300ec069dce1108c752b5e0f73ad8fe74ade2f2d51c8dc89077a7d6baaaafc88"
"data\raw\res\2DG\2DG07_cell_003\metadata.json","257","d3d3db160fc44ae6026e4b2dbe9df2af14b70dad947b5eac11e16a8505b5f137"
"data\raw\res\2DG\2DG07_cell_004\2DG07_cell_004_fad.tif","13480","8b5a936262d13bf915e57bcba1dd00d711e2a41cc9aa18020ef3a9b3f57170e5"
"data\raw\res\2DG\2DG07_cell_004\2DG07_cell_004_lipid.tif","13480","e26bef0f1ca252e4c632174698226d1b6036386612015fd32b5e9e7070dd0012"
"data\raw\res\2DG\2DG07_cell_004\2DG07_cell_004_mask.tif","13480","63b53cef92d65657b12f0aa616544639ba13330390bce5afdcc9a4af74d57f85"
"data\raw\res\2DG\2DG07_cell_004\2DG07_cell_004_nadh.tif","13480","6b33623042a4550429aaf3fa308c6c8325481693f99c61c1b51829735809170e"
"data\raw\res\2DG\2DG07_cell_004\2DG07_cell_004_OCT.tif","39944","caa8ab0ba5d4d7d2c4d4425564a4dab00f4c4c9142f63ee190fd608a80cc4ac0"
"data\raw\res\2DG\2DG07_cell_004\2DG07_cell_004_protein.tif","13480","c3a6a5398fd7336dcf990221995e79f335d83cba3c6d0359d8658c522241d952"
"data\raw\res\2DG\2DG07_cell_004\metadata.json","257","d01195320f69eda5ec1be58bb6408732db68ed981fe803c16214199a63b74598"
"data\raw\res\2DG\2DG07_cell_005\2DG07_cell_005_fad.tif","15632","a01ea1ddd02ffa08f8310e8500e18682021fb7a4367ece798e736ba2e947d052"
"data\raw\res\2DG\2DG07_cell_005\2DG07_cell_005_lipid.tif","15632","e6ac0529f4091e48d318c17b9859b3503d6422d2ca7eff9d967ab1c4b6a8533d"
"data\raw\res\2DG\2DG07_cell_005\2DG07_cell_005_mask.tif","15632","6caeaf71afb2d68295f5e75208b1facf10fc1e3aa22fc76307e809b156b207a6"
"data\raw\res\2DG\2DG07_cell_005\2DG07_cell_005_nadh.tif","15632","2532b0a81aba670affbd28ad892a18b732b6d7c3babcbeb3721d7b3c3aca82a5"
"data\raw\res\2DG\2DG07_cell_005\2DG07_cell_005_OCT.tif","46400","a4ece835fc2818a5d52f40578dbc66c24b8143c9d6332b525daca831e42968b6"
"data\raw\res\2DG\2DG07_cell_005\2DG07_cell_005_protein.tif","15632","d9faeb0f9e11af17d791c98ff9556b9ad26afc7fbcb3b4e0ae5417b1e7f22b85"
"data\raw\res\2DG\2DG07_cell_005\metadata.json","257","00cedd0f351492b6d8aaf96d3c7bf89da4042bac72e7cae45454bdd82398fbf0"
"data\raw\res\2DG\2DG07_cell_006\2DG07_cell_006_fad.tif","18796","e2c6396c5d07235a7929a3da804edc08de2e5344e0264e5e3d9bff7eb3135d5a"
"data\raw\res\2DG\2DG07_cell_006\2DG07_cell_006_lipid.tif","18796","612b7aa5a9e18d223d2d0b5ea7566c0bea060f6aec9ea3ca66d7f14e566a53f6"
"data\raw\res\2DG\2DG07_cell_006\2DG07_cell_006_mask.tif","18796","8d96b24c2943ebbd86e0b0a124caf19492a22cd47302e1711162e0aaaafe8ecc"
"data\raw\res\2DG\2DG07_cell_006\2DG07_cell_006_nadh.tif","18796","09db763de17163bea90f44b7d2a71c6e8726cbeb77453683037b588e37a34124"
"data\raw\res\2DG\2DG07_cell_006\2DG07_cell_006_OCT.tif","55892","9d4dc9ff3c23e2dc9d335cf80a71bd0eba6cd1dbbdbbf0401293c503925258b3"
"data\raw\res\2DG\2DG07_cell_006\2DG07_cell_006_protein.tif","18796","c43daa53d5d814b2e5c26723d7fc9a13e6066dcffbd2256a629f68331d1f70af"
"data\raw\res\2DG\2DG07_cell_006\metadata.json","257","0110e8dd9457c34dac63925629e0bb0375255b86c626e49db4c1b09c2514af42"
"data\raw\res\2DG\2DG07_cell_007\2DG07_cell_007_fad.tif","12700","68e6ef2381fc889c629eb3001ccdc8f2867455116f592287589723e2dbf9f6e5"
"data\raw\res\2DG\2DG07_cell_007\2DG07_cell_007_lipid.tif","12700","d68a75780910fbc161999088813dc9011c3b6c79f9d1c05f5233ff4cb47f4347"
"data\raw\res\2DG\2DG07_cell_007\2DG07_cell_007_mask.tif","12700","5d6417d75217892809fe1925bcb367cd190be5233683fa9178d26781412ab680"
"data\raw\res\2DG\2DG07_cell_007\2DG07_cell_007_nadh.tif","12700","bcd924ad1abb4b8574fe59677b14d38b20ed61b84805452dc6ba47a2f8b2d301"
"data\raw\res\2DG\2DG07_cell_007\2DG07_cell_007_OCT.tif","37604","761c0917760fee43bf9150b389dbd9e679da6e0ad7e72745e18eccf64badcc2b"
"data\raw\res\2DG\2DG07_cell_007\2DG07_cell_007_protein.tif","12700","71dcf29057608d18733b93ebd226dde460e891e2286d7e7fdd6f9bbdb1234595"
"data\raw\res\2DG\2DG07_cell_007\metadata.json","257","15860dbe58ab632e49dde59ef7029473d73da005992f1e70022cebb7825011c0"
"data\raw\res\2DG\2DG07_cell_008\2DG07_cell_008_fad.tif","16896","aa6e6bd81d6295438870a11363f808d57e17b48fa3886efdcaea733a06dd114e"
"data\raw\res\2DG\2DG07_cell_008\2DG07_cell_008_lipid.tif","16896","34e8b9ec9b4c109e2d13064f139988fc60299cbbfc2147ef1ab4661b949f3aae"
"data\raw\res\2DG\2DG07_cell_008\2DG07_cell_008_mask.tif","16896","da23f1c4b46fca946e0a2077c9c80d28a33b30e628eb10fb3d61cc82472dfb05"
"data\raw\res\2DG\2DG07_cell_008\2DG07_cell_008_nadh.tif","16896","20cee385ac5d0ac1ba873c0e1249b57bfcb95720709d8e275b9cb8d14d8e1b54"
"data\raw\res\2DG\2DG07_cell_008\2DG07_cell_008_OCT.tif","50192","370d36b06ef18fdc237e674897518eb013b719f346003b259078367aefae304e"
"data\raw\res\2DG\2DG07_cell_008\2DG07_cell_008_protein.tif","16896","d49f17fbfb3fc70be360350560400752e66aa274cdabd0888405e3c14b6e0f3b"
"data\raw\res\2DG\2DG07_cell_008\metadata.json","258","1608feb769dc1e8a2ab7bc6f68aaf91e6a65a5883598d87ef87458bdb5368b20"
"data\raw\res\2DG\2DG07_cell_009\2DG07_cell_009_fad.tif","18604","524e83e800c951877a9616462ff0c6bc60bcca78e93a609a9b72690fd2257c95"
"data\raw\res\2DG\2DG07_cell_009\2DG07_cell_009_lipid.tif","18604","faa7dd99657fd4ed5c24a0a188460ddb38c1c00861690bbb547e9253ae3abf52"
"data\raw\res\2DG\2DG07_cell_009\2DG07_cell_009_mask.tif","18604","d6088748218d7150a2a73f6c48b6fa8b5fa5345697807e579c984b952dabdb37"
"data\raw\res\2DG\2DG07_cell_009\2DG07_cell_009_nadh.tif","18604","bf2e00ac904b7e1f2e5b95624614cce8816b516673d2078fe6d92f39b3639848"
"data\raw\res\2DG\2DG07_cell_009\2DG07_cell_009_OCT.tif","55316","74e3d46ed234cd7098b5c537e27524eebd7f89242139036a8f23d2b07f5cb9e0"
"data\raw\res\2DG\2DG07_cell_009\2DG07_cell_009_protein.tif","18604","56097af72ade3db38c76c53ce0116a6d3424c4da1be33658c1086799d9fdded9"
"data\raw\res\2DG\2DG07_cell_009\metadata.json","257","0ddd42db586aec269d4a0e057a9367d7cddd5e032284314e493b6671df0ad3a0"
"data\raw\res\2DG\2DG07_cell_010\2DG07_cell_010_fad.tif","13028","8225e53cab5fd0b6b939bb398c3ccb66099720fb0f605aa514bbf02cff6417a6"
"data\raw\res\2DG\2DG07_cell_010\2DG07_cell_010_lipid.tif","13028","11fc30edb46bb3e308c1d3ceffc71ea71f788275b1ec1be6bbdfa58be38d939d"
"data\raw\res\2DG\2DG07_cell_010\2DG07_cell_010_mask.tif","13028","4db068bccfae2765f645d196b28cfbe089a868ff58544c034d1beacdd38d4884"
"data\raw\res\2DG\2DG07_cell_010\2DG07_cell_010_nadh.tif","13028","17f641e5900f9ca8d4b0832279f98ee3b3c486afcdd582720e037d1af757328d"
"data\raw\res\2DG\2DG07_cell_010\2DG07_cell_010_OCT.tif","38588","ba459ad6f75d6505ca008160841c09a3866b33e10f6b5ee25a29ea4273280d72"
"data\raw\res\2DG\2DG07_cell_010\2DG07_cell_010_protein.tif","13028","6e13c996a4102e91e9438a8403365e5b3ff349b59d30ec40f68d819b56780b5f"
"data\raw\res\2DG\2DG07_cell_010\metadata.json","259","b6d7ba81af38ae53373ce6f66bfd7dc5d1a237f37cfc479cdf9be794b1b0edfe"
"data\raw\res\2DG\2DG07_cell_011\2DG07_cell_011_fad.tif","11756","427f9467fda3f2868364d91d9a962a900f6c61b66d0a2ebf6e63d0ee8e251379"
"data\raw\res\2DG\2DG07_cell_011\2DG07_cell_011_lipid.tif","11756","c1a13cc50a87d3b2d4ecae9081f9800434362bfd5825531ee93f341490a211b8"
"data\raw\res\2DG\2DG07_cell_011\2DG07_cell_011_mask.tif","11756","6e8b85bf64994dd027c3e052d69f96bf7d619556fa536c876497c1d73b64168d"
"data\raw\res\2DG\2DG07_cell_011\2DG07_cell_011_nadh.tif","11756","ce03fa5d0c6aa54adb762e2f161fe99d7eebca2c96ccffc7e19c595431973c68"
"data\raw\res\2DG\2DG07_cell_011\2DG07_cell_011_OCT.tif","34772","f6b1d77d1e37dfd2115475dd8e959da2beee0a426fcb6b752ce9b2ff2ba57719"
"data\raw\res\2DG\2DG07_cell_011\2DG07_cell_011_protein.tif","11756","9011efa923cb49b75bc1202c8491a84e5e5717b47a42165bb35b907779437272"
"data\raw\res\2DG\2DG07_cell_011\metadata.json","259","250cc446b7a28a83b6d52d49c23a4c350e736b8bd0852365434972e9dbc8559b"
"data\raw\res\2DG\2DG07_cell_012\2DG07_cell_012_fad.tif","15446","f79c437c108575f908493f901f48654e33c1f9ca8f6f596a56023f893583b9d7"
"data\raw\res\2DG\2DG07_cell_012\2DG07_cell_012_lipid.tif","15446","4e8325bc5a040b2164f01325d6814e6374653d263f7a2edd159aa7b8becd3c5b"
"data\raw\res\2DG\2DG07_cell_012\2DG07_cell_012_mask.tif","15446","13924fb4292c31bb3b474525cc6465995c71f30d3a012f3437c7cf10e0dabe64"
"data\raw\res\2DG\2DG07_cell_012\2DG07_cell_012_nadh.tif","15446","83327cc463ca586426181a7ab61fa5e81f13b2c764f6d5412981be520b6f7722"
"data\raw\res\2DG\2DG07_cell_012\2DG07_cell_012_OCT.tif","45842","be2f7bd58e4b8ea2ce25757bf60bf39ec7a5addc4a6ed944756c51533e7a771d"
"data\raw\res\2DG\2DG07_cell_012\2DG07_cell_012_protein.tif","15446","6e576fe0fc3ae967de31f7960398358de759fcdd8c18b12fb0b9385538fc4898"
"data\raw\res\2DG\2DG07_cell_012\metadata.json","259","bb352c639a4b553b506967398175d05c9d4d49a3e7bed42f4ad62ea23ca2e7da"
"data\raw\res\2DG\2DG07_cell_013\2DG07_cell_013_fad.tif","24592","50fcb1e119b0b5b27b411e61e3f819c9cedf84eac0bb5628b4ea15469b20aa9e"
"data\raw\res\2DG\2DG07_cell_013\2DG07_cell_013_lipid.tif","24592","e464e7fd62d6af08fc423edd82aeb3def22009aee13ccb073c06bb3d04826ce0"
"data\raw\res\2DG\2DG07_cell_013\2DG07_cell_013_mask.tif","24592","68a3029ab5ea265f0e8606f93cf88d54704ee740e7c0a625a9e4ca7f7b3163e6"
"data\raw\res\2DG\2DG07_cell_013\2DG07_cell_013_nadh.tif","24592","dc8f42e314bbfaec516b50a12b64939ce05ece10911fcf4d5eaeac2c852844ac"
"data\raw\res\2DG\2DG07_cell_013\2DG07_cell_013_OCT.tif","73280","d0a7c26f643ad772175fc275c6ca98f87bc51d23f202e9cf4baf2932bd2115df"
"data\raw\res\2DG\2DG07_cell_013\2DG07_cell_013_protein.tif","24592","3550b954b3bea19f8f21db1f8d470111c1f2f86e3f9b2b869cb024b117cb700f"
"data\raw\res\2DG\2DG07_cell_013\metadata.json","259","5bcf92c1dcb36751a6fb3bb1225d40d50f5681fc085d2b70c78a9e31c9a691ba"
"data\raw\res\2DG\2DG07_cell_014\2DG07_cell_014_fad.tif","19433","3e3ecdde824edc7034cd64f451d55b70d529c2e72764f7b701067c1728c0dab4"
"data\raw\res\2DG\2DG07_cell_014\2DG07_cell_014_lipid.tif","19433","d061909e045edbeb687cc8297483b718fa6c952b344b5f061be88317bfbb9bc8"
"data\raw\res\2DG\2DG07_cell_014\2DG07_cell_014_mask.tif","19433","139c42d0696093025a91ade1ef2e2c7b7cc4095a3f2a4df90091cb7b7311acc4"
"data\raw\res\2DG\2DG07_cell_014\2DG07_cell_014_nadh.tif","19433","8bcddcbd3f2c784597805fefad3c804ea5d3d96056358b33ace4e813211e3aeb"
"data\raw\res\2DG\2DG07_cell_014\2DG07_cell_014_OCT.tif","57803","ff20c0d6732f212e268a1611cdc12e851ceffa287e82d778630b255b8d62f5fb"
"data\raw\res\2DG\2DG07_cell_014\2DG07_cell_014_protein.tif","19433","c789b535d32d927ab0f253cead6b49f7d29f74791feff09c3cf64b33612bd7ee"
"data\raw\res\2DG\2DG07_cell_014\metadata.json","259","e864b4c42b6848fabfb36173913ec044b2c50267b8ce1e166d7f716dcbf087a4"
"data\raw\res\2DG\2DG07_cell_015\2DG07_cell_015_fad.tif","19284","4256b02aded6f354dc2f865e17bd938c9e7f8c523d3e847e565e58a123bced64"
"data\raw\res\2DG\2DG07_cell_015\2DG07_cell_015_lipid.tif","19284","7275fdaa2156f24cc59857b447ab7dc048c272107b52a62f672f899107ea07df"
"data\raw\res\2DG\2DG07_cell_015\2DG07_cell_015_mask.tif","19284","2a479a0de7382be2111033bb2aeabf251f30ecb1affe6853a2fcc8829b2f8376"
"data\raw\res\2DG\2DG07_cell_015\2DG07_cell_015_nadh.tif","19284","3ddd07e20fb1f44175c2439b7992432307ab268a46be74e1514a2dc58f998c80"
"data\raw\res\2DG\2DG07_cell_015\2DG07_cell_015_OCT.tif","57356","17cb6f79e03ea9096807d9ce57c3a051546e0b4048071edf1b4bad84cba6be49"
"data\raw\res\2DG\2DG07_cell_015\2DG07_cell_015_protein.tif","19284","fe1e85b6bc8b8e11af17e347d6ee7a6d9a40176f5759d7fd7ad5d712b87cbf3b"
"data\raw\res\2DG\2DG07_cell_015\metadata.json","259","148c7f25f28523cb8bd8110c7d0120560afb06e2e8850d4f94ce7ea72ab0b20f"
"data\raw\res\2DG\2DG07_cell_016\2DG07_cell_016_fad.tif","17336","72d54f2932535a69a9de686eeb6446bedab1a54a7ce49a78d18367035ce8759c"
"data\raw\res\2DG\2DG07_cell_016\2DG07_cell_016_lipid.tif","17336","54d472130e2ab0602120eed68eb136668408be35265843223a3fb1f335be6c8d"
"data\raw\res\2DG\2DG07_cell_016\2DG07_cell_016_mask.tif","17336","b61a103d18d6f5e85cfce54ca4877a4da818aa124e62f78716db88006e234792"
"data\raw\res\2DG\2DG07_cell_016\2DG07_cell_016_nadh.tif","17336","3e06d4bc9605694f7020e18e60ab1c7287a5947adbf72590adabfd7d398bc816"
"data\raw\res\2DG\2DG07_cell_016\2DG07_cell_016_OCT.tif","51512","dd74b48ad17b664f0684a5e94bd5cbe2943061c7209a4e7b6e5151f3e3f2dd1c"
"data\raw\res\2DG\2DG07_cell_016\2DG07_cell_016_protein.tif","17336","5429f3998cbd9a88c82054f153d2d3287598f4b917a8efc973affb9df0044bab"
"data\raw\res\2DG\2DG07_cell_016\metadata.json","259","2261d8f96b3fca412521a7850a0321be8e54cfd38f733670dc31a5aaed157ec9"
"data\raw\res\2DG\2DG07_cell_017\2DG07_cell_017_fad.tif","25211","2f4c6f9ac3e6d35bec7e27874ecddfeb498e477a332f13e1932c0ea90bca4878"
"data\raw\res\2DG\2DG07_cell_017\2DG07_cell_017_lipid.tif","25211","8de6e79993a61d4c88fffc600e69198e2fcb1f635159d5eb010031cf2a895747"
"data\raw\res\2DG\2DG07_cell_017\2DG07_cell_017_mask.tif","25211","ac0e37fd7d697cbb6142d76d3a34fec66699c8ce2c033c7d369ca0f5ae0ef8fc"
"data\raw\res\2DG\2DG07_cell_017\2DG07_cell_017_nadh.tif","25211","57ebf5b784c1a5a9bc72e1988baa757bdf8c4b20933957e1876c1658d0317a41"
"data\raw\res\2DG\2DG07_cell_017\2DG07_cell_017_OCT.tif","75137","2b17984ffedb1081203c767fdef5d4aa6c6475998b2b9a495034bcba065fa866"
"data\raw\res\2DG\2DG07_cell_017\2DG07_cell_017_protein.tif","25211","386f50914a7452809fcde760292c16003688a2f30aab74ed6dd5820674cdf7d9"
"data\raw\res\2DG\2DG07_cell_017\metadata.json","259","53265b6b3643420f8e97760cded8ce27bbb4d8c511fe91a8d58aaecac6258720"
"data\raw\res\2DG\2DG07_cell_018\2DG07_cell_018_fad.tif","16083","b924282acdecb7461b4118d1bc9c7b737078055d77a365b1b0bbe9a5edcd8357"
"data\raw\res\2DG\2DG07_cell_018\2DG07_cell_018_lipid.tif","16083","7191d03f1b3f1c5a9f9578d0a6c994ad893a61d4b5b104390c606678232cd6c7"
"data\raw\res\2DG\2DG07_cell_018\2DG07_cell_018_mask.tif","16083","ab6659b2eb133d581c08d3af417ef76ddcfdb23fd0e5bab52198eccb64f155bd"
"data\raw\res\2DG\2DG07_cell_018\2DG07_cell_018_nadh.tif","16083","45a7b0ab4eb65913c0fb06852ebd9f5f2b6e92f544a098742ba8530f4819ad2b"
"data\raw\res\2DG\2DG07_cell_018\2DG07_cell_018_OCT.tif","47753","e8a873e7668e4fa645e00dcefeeb81aa3c6a334e804b3e14bcb919a2aa3ef391"
"data\raw\res\2DG\2DG07_cell_018\2DG07_cell_018_protein.tif","16083","c8ef4fe5a639c1c13f11bf2d1d004471f057a27224ebacc52b42f706ea525ae0"
"data\raw\res\2DG\2DG07_cell_018\metadata.json","259","7daf682489c8fd3009898a67cb01508542c7589eb65943cd74aa7ded54b6e99b"
"data\raw\res\2DG\2DG07_cell_019\2DG07_cell_019_fad.tif","14179","6cae2b73a88d144871ab37b2bb22bb36b57af9208dc8702767d19d4104edd19e"
"data\raw\res\2DG\2DG07_cell_019\2DG07_cell_019_lipid.tif","14179","e3ba7e2597e00659743efc8e0d1951510accf42dbd5194a7aaa455d7ca27e1c2"
"data\raw\res\2DG\2DG07_cell_019\2DG07_cell_019_mask.tif","14179","0004bf3b20158b938cfe7facc8ac670ea22320e425bbfdb72cf62549051e2087"
"data\raw\res\2DG\2DG07_cell_019\2DG07_cell_019_nadh.tif","14179","b57900192e8bb9464bdae03700cfac79aa57b60c9c24464c79e17f90883f9188"
"data\raw\res\2DG\2DG07_cell_019\2DG07_cell_019_OCT.tif","42041","d0625907ec18aa31c5b945bff41db55ca13d2f5996ae60bee0da3dcb6455e13d"
"data\raw\res\2DG\2DG07_cell_019\2DG07_cell_019_protein.tif","14179","74a34731a27e97f69bf31f3fe2584683060ca92e20fac239333b2941248ddd38"
"data\raw\res\2DG\2DG07_cell_019\metadata.json","259","67393decfff289c3f06a3a003245f32613c879d0d95cf66d4112d289e7f4cc46"
"data\raw\res\2DG\2DG07_cell_020\2DG07_cell_020_fad.tif","6988","c269da03dfb5935ea3beed2b114df95546a63f87139ee8229f20c0f4ca4c960e"
"data\raw\res\2DG\2DG07_cell_020\2DG07_cell_020_lipid.tif","6988","80d6e700c329bd5363de7bae5059681583e0c813c6f5f44c2b517afdbc5f54bd"
"data\raw\res\2DG\2DG07_cell_020\2DG07_cell_020_mask.tif","6988","30ac9197da343f9b43e8af349fcdce1d31380ec755ad4d07ebb0503633a31629"
"data\raw\res\2DG\2DG07_cell_020\2DG07_cell_020_nadh.tif","6988","fe572fae397e4f34ce59351891bac875ec97eee82cd91e655ae1a3020e0f2b09"
"data\raw\res\2DG\2DG07_cell_020\2DG07_cell_020_OCT.tif","20468","9436b7595b5168fc1eff57b406636815da336c373405714533436c64a8369d60"
"data\raw\res\2DG\2DG07_cell_020\2DG07_cell_020_protein.tif","6988","f94e92e2a370cfb268a7a72c00498ef67db4a7acdbc1d228f0cae2b0c441ec30"
"data\raw\res\2DG\2DG07_cell_020\metadata.json","259","cd83ea3956316522f5afdfb9194a1edae7d780195444698b67ec01e137530d7a"
"data\raw\res\2DG\2DG07_cell_021\2DG07_cell_021_fad.tif","13566","71b7ea3a79e24fd03ba814d0b47d37cbf598d7676a74bbc43c5f286b24b6c1b4"
"data\raw\res\2DG\2DG07_cell_021\2DG07_cell_021_lipid.tif","13566","7465e21fc71b0864fe5111f7e97d55af34547060cfc7d7b5d1fde7185add1d4a"
"data\raw\res\2DG\2DG07_cell_021\2DG07_cell_021_mask.tif","13566","ff6fcbe7aba821633b3da4879c2365f4cc5f031fee9ee468a810276f211f93c8"
"data\raw\res\2DG\2DG07_cell_021\2DG07_cell_021_nadh.tif","13566","cbf4c5d196e3dbf71406d3c53375d48308b65ce57a2842c73dd55a8f687af19d"
"data\raw\res\2DG\2DG07_cell_021\2DG07_cell_021_OCT.tif","40202","59a18505106ffc9ada86ac5ba498150affcf8578d8063563b30d89a2871cf6c5"
"data\raw\res\2DG\2DG07_cell_021\2DG07_cell_021_protein.tif","13566","655a5e13d32836c9bd293071f55564e8b3015c3e608fcf32878bb16f2ac0633a"
"data\raw\res\2DG\2DG07_cell_021\metadata.json","259","868ea01d6c289f2fc2c31104b713ef57891d07059daad55c2f432bc2b230c195"
"data\raw\res\2DG\2DG07_cell_022\2DG07_cell_022_fad.tif","23021","c91a5a4af94218a496794656e6694832fa6ecf7554efa3f242a8a04fea1e9ab7"
"data\raw\res\2DG\2DG07_cell_022\2DG07_cell_022_lipid.tif","23021","6f242a19ddea10ed3d98d40f92e4b6bae9875b199e6aaf3143667ffa54a8dd5f"
"data\raw\res\2DG\2DG07_cell_022\2DG07_cell_022_mask.tif","23021","d8379c1686b783a100121be00510e2fd77fc6e807d052fb0013483150a40f238"
"data\raw\res\2DG\2DG07_cell_022\2DG07_cell_022_nadh.tif","23021","539c717613f6e7b6cd63167c61f2f419aa09ae514e2e3f2a1323f4b391039bd9"
"data\raw\res\2DG\2DG07_cell_022\2DG07_cell_022_OCT.tif","68567","c009289f6c9f8e3dd4878f4cb4845c8648ef9bc9416ff72fe9f7c5226d3d71b7"
"data\raw\res\2DG\2DG07_cell_022\2DG07_cell_022_protein.tif","23021","c122291766f6134afebb5bd97804fd6fab6e835f221e0e7c7547c14c791f1867"
"data\raw\res\2DG\2DG07_cell_022\metadata.json","258","a9e1731fc7d3177df01c9c001fcb5d10e7063de059f52cfbcd70849897f7a89b"
"data\raw\res\2DG\2DG08_cell_001\2DG08_cell_001_fad.tif","10126","12d97314a6b53ee3b8e36219ce8c2309c67b40672c113476903e60e2336ea78f"
"data\raw\res\2DG\2DG08_cell_001\2DG08_cell_001_lipid.tif","10126","6aecc659fb0466b676771c6247e8db4f72fc09f99cf7808278628d5a52801586"
"data\raw\res\2DG\2DG08_cell_001\2DG08_cell_001_mask.tif","10126","e67b65c1e8c4683097239acac0c8eb8e4cfae5e6a2444181980cd0b2e7964ab3"
"data\raw\res\2DG\2DG08_cell_001\2DG08_cell_001_nadh.tif","10126","21edfb09d913e5851916f15bc97dab063b62008f4af92a7dd3436f4d97bdafab"
"data\raw\res\2DG\2DG08_cell_001\2DG08_cell_001_OCT.tif","29882","705c2baaae2fa33435f4e9096423dc549bcd909d25b09055e1143f47d7a64183"
"data\raw\res\2DG\2DG08_cell_001\2DG08_cell_001_protein.tif","10126","ff63316003e58c64ee7a02f7ba14ea40804ee0431b7f6934ff73a6283ac42436"
"data\raw\res\2DG\2DG08_cell_001\metadata.json","255","55e047fece92887c638fbbb3ff50b30f33bcfd555372db31079c8a05effc7146"
"data\raw\res\2DG\2DG08_cell_002\2DG08_cell_002_fad.tif","12764","cf667dbe5e64c91fa69c4a9c441deaaaa1595369efd373d8eb2bcb8b724bc379"
"data\raw\res\2DG\2DG08_cell_002\2DG08_cell_002_lipid.tif","12764","e3a249dac9a7e1e13357a355648aae9c62f126804c38c6f5b04934092ccc7dd7"
"data\raw\res\2DG\2DG08_cell_002\2DG08_cell_002_mask.tif","12764","76eaa3baf5a6e8ddd4eb03cea7f0ef021ffccf1342a96490b110350b83800b0a"
"data\raw\res\2DG\2DG08_cell_002\2DG08_cell_002_nadh.tif","12764","53c4057bead969c040c74be4b80af7211c0777aa61e2283502f26b7bd99d6422"
"data\raw\res\2DG\2DG08_cell_002\2DG08_cell_002_OCT.tif","37796","1c79d045ed4aeedebcddd40e89de80b5ead6f8900ead29003e16b9d3d6886137"
"data\raw\res\2DG\2DG08_cell_002\2DG08_cell_002_protein.tif","12764","b353ef942b4a61a03aab92ac5c3736950398640172a1a7985d69977ca425baae"
"data\raw\res\2DG\2DG08_cell_002\metadata.json","257","69579eb514ebba367ae9bafc8fe0476ec202462f70798489063b891865cce518"
"data\raw\res\2DG\2DG08_cell_003\2DG08_cell_003_fad.tif","15262","f5ed83f9f7d2c080ae2fe78c181ac0c15bcb58501f70847a9680e722ef1a5d38"
"data\raw\res\2DG\2DG08_cell_003\2DG08_cell_003_lipid.tif","15262","8641e5ad463b71fc2cb6b937416a93341d63fb2083b7ddc978af488b311fa30a"
"data\raw\res\2DG\2DG08_cell_003\2DG08_cell_003_mask.tif","15262","3c481b31bcb569fb1d9b83f54f304b8960e70fe80118060ff20f0b6858a1c823"
"data\raw\res\2DG\2DG08_cell_003\2DG08_cell_003_nadh.tif","15262","82e4c56b4c4ceaf42b9fdd118b5237221266f58670f7e19121aa1ec7caf048f9"
"data\raw\res\2DG\2DG08_cell_003\2DG08_cell_003_OCT.tif","45290","334cb08331014938ee134fcd13fc70282a2e54debcad20dd3105b870a61dda70"
"data\raw\res\2DG\2DG08_cell_003\2DG08_cell_003_protein.tif","15262","ffbadf82f8e49c445cd7760c1045ab5068af21417ebb824889b783a24014139d"
"data\raw\res\2DG\2DG08_cell_003\metadata.json","256","03aa85998836ea354cdfe137f6ae5e587c49cd65046fea5e85eea2e125ab4c94"
"data\raw\res\2DG\2DG08_cell_004\2DG08_cell_004_fad.tif","13786","93b7a84e7d5e420874c59d75022df41edd5e86ed23f5eac3b9e51d70b44b7869"
"data\raw\res\2DG\2DG08_cell_004\2DG08_cell_004_lipid.tif","13786","6c59a7624492ea13fe106d3e1b763214bc786580f151bae6c2426372b76b5b01"
"data\raw\res\2DG\2DG08_cell_004\2DG08_cell_004_mask.tif","13786","84ef4b59aa26d5ea3d140133221953a849ce71739d20ab9b6d964029be0c069f"
"data\raw\res\2DG\2DG08_cell_004\2DG08_cell_004_nadh.tif","13786","470b2df8e9ef690f60898c58e9e23aa687d2554079d3672e6cecc4e8b8f7d069"
"data\raw\res\2DG\2DG08_cell_004\2DG08_cell_004_OCT.tif","40862","d6c98fa1aff3b1626793d96e519d2400e02661eb6604ac19f35bfa27584ea13a"
"data\raw\res\2DG\2DG08_cell_004\2DG08_cell_004_protein.tif","13786","cc3e787d0bc7922bf3df87610030de03226d403a0628199f1ae8c0113b3b9bbc"
"data\raw\res\2DG\2DG08_cell_004\metadata.json","257","bb140b6778377aadb39b35df7b7f98a5688f5dd6c20c76db4860f1ad0ac2173e"
"data\raw\res\2DG\2DG08_cell_005\2DG08_cell_005_fad.tif","13749","8c0166c48c9c29b8fe5c47552c1d52e7792dda1ada316ff1b04e34cbe7456047"
"data\raw\res\2DG\2DG08_cell_005\2DG08_cell_005_lipid.tif","13749","7aaada4d576ef1b0b7239e285a0a76fe85035c4b7650209889311393e0d07cee"
"data\raw\res\2DG\2DG08_cell_005\2DG08_cell_005_mask.tif","13749","efdf78e184247a4614082d1981494dc7807ffa1c3e16c9427c7d3db1d580c93c"
"data\raw\res\2DG\2DG08_cell_005\2DG08_cell_005_nadh.tif","13749","a5451140f5170c4d2da4f8147ff7098151557365305bee6dd2ba74cd20dc9c0e"
"data\raw\res\2DG\2DG08_cell_005\2DG08_cell_005_OCT.tif","40751","c682b8d9599fad611c664b400f2a7a8d786200cc0c89f75a9e78bd3d302be577"
"data\raw\res\2DG\2DG08_cell_005\2DG08_cell_005_protein.tif","13749","240abd65255aa0a69c37c53c90324c371c527fa7f6d2d5160bf28bde275929d9"
"data\raw\res\2DG\2DG08_cell_005\metadata.json","257","70aea04f66a68546d5565501a74a9715a38b5e1f5b992a4e7f0ac89ab594a460"
"data\raw\res\2DG\2DG08_cell_006\2DG08_cell_006_fad.tif","14506","c43ea12da356886ced08ce5a3ae69cc5fcc5a08fd73fa53c63207a19d4a1a4c5"
"data\raw\res\2DG\2DG08_cell_006\2DG08_cell_006_lipid.tif","14506","b03851df84f251990c59cb14ebd5c3944e77e4f334fb7b02aa0efdd88d064bc7"
"data\raw\res\2DG\2DG08_cell_006\2DG08_cell_006_mask.tif","14506","fdf7908c8ce515318cc953b72cf1a08d877e8c95d577750159fdd1b15680e85f"
"data\raw\res\2DG\2DG08_cell_006\2DG08_cell_006_nadh.tif","14506","fb2bef4c46ba36f87849fa713b07560da1d862f3b6e9f021c7645036f174b384"
"data\raw\res\2DG\2DG08_cell_006\2DG08_cell_006_OCT.tif","43022","6e64a58b2926bed4f8c60a30857de924bdf1ebe95864afcd62d4f94a2822cdb0"
"data\raw\res\2DG\2DG08_cell_006\2DG08_cell_006_protein.tif","14506","1047e346f71115daff70e2aa5acb9a7f033c3b03b4eaff861e6cdbf90890a412"
"data\raw\res\2DG\2DG08_cell_006\metadata.json","256","d4628b99dc69c792eb53e6789666a51e44df2b57360dc4af187470f81bedf490"
"data\raw\res\2DG\2DG08_cell_007\2DG08_cell_007_fad.tif","18187","4e79b6ac1509a05faabe4c5a4c52e4b90c39b1b7648571849ada353e14288e01"
"data\raw\res\2DG\2DG08_cell_007\2DG08_cell_007_lipid.tif","18187","da23b2c6e806b9cb3552b5dd6dd1d804ef712c6e4878b19edd81eb5ed6f12a6d"
"data\raw\res\2DG\2DG08_cell_007\2DG08_cell_007_mask.tif","18187","cc8c4a34d6a31d2a8e7cfb718f6174413b2da739a23f0c052f7c616d3b4d3c68"
"data\raw\res\2DG\2DG08_cell_007\2DG08_cell_007_nadh.tif","18187","d5bfeb5294545a69f749f80ada87781f21d0efc91dfcb13d632c5bd3cce71ef5"
"data\raw\res\2DG\2DG08_cell_007\2DG08_cell_007_OCT.tif","54065","85361c95ce6c84e032def67718663b88c7ed8b9d50866ebff6fa71f95384eeaa"
"data\raw\res\2DG\2DG08_cell_007\2DG08_cell_007_protein.tif","18187","586f16f6d9aaea41bb4dd13da9c4f8c4e78cf86f95e6fca9efb6d9135ece4d6c"
"data\raw\res\2DG\2DG08_cell_007\metadata.json","257","34149f6b4aaecd213c19a566812127892de2f9e93d415f46d389d43c42d4f643"
"data\raw\res\2DG\2DG08_cell_008\2DG08_cell_008_fad.tif","12464","f958c5771b0bef8359056949efe5417588b9f714878db2ce09530e4a8cee746e"
"data\raw\res\2DG\2DG08_cell_008\2DG08_cell_008_lipid.tif","12464","a46cd8d62c5251319a1d6b64e6f8de55b2a7c6ecf73ab39fdfa3e018a0b7a3b0"
"data\raw\res\2DG\2DG08_cell_008\2DG08_cell_008_mask.tif","12464","334f951d1f55a32a7e0245d21154f240eed0391a1a4c4cdbbe039ce1e8f09d7f"
"data\raw\res\2DG\2DG08_cell_008\2DG08_cell_008_nadh.tif","12464","5f007251a2d1a83cfac210308b197ce3b293dfae7b894d12d15746ddf2ab0dd3"
"data\raw\res\2DG\2DG08_cell_008\2DG08_cell_008_OCT.tif","36896","9a2036b57e32727fe13d66741668f65686d22111275504fa5025f4d06a5c4ea2"
"data\raw\res\2DG\2DG08_cell_008\2DG08_cell_008_protein.tif","12464","5ac57d10c87436ba9ea3445bb398db3669c151f3be8ae1cb01763a009152dfc5"
"data\raw\res\2DG\2DG08_cell_008\metadata.json","257","68ddab902d63e085264176d790aa17952f49f79865da37f39d187079181ad16c"
"data\raw\res\2DG\2DG08_cell_009\2DG08_cell_009_fad.tif","16444","ceb73cc9dd17c63ac062059524cc98c461b670e4d76fe1c467f4eb9c1a702040"
"data\raw\res\2DG\2DG08_cell_009\2DG08_cell_009_lipid.tif","16444","7463ce630a6afe0e2e8fc0ba378784d108fa480c043c476b6bc981edb8ed6107"
"data\raw\res\2DG\2DG08_cell_009\2DG08_cell_009_mask.tif","16444","f635c2b54c0ca1d2aa6e7732574a6dd22b6955541314da196c0e83160cd117a5"
"data\raw\res\2DG\2DG08_cell_009\2DG08_cell_009_nadh.tif","16444","bbf5c09702dcd5a0bbbb8232326e62922c9a8128110612fd1c1cebc069566489"
"data\raw\res\2DG\2DG08_cell_009\2DG08_cell_009_OCT.tif","48836","37cbdc6f1667dbc7530b9e1e5ad8d57d3130a06a888542ede433b421bc6facdf"
"data\raw\res\2DG\2DG08_cell_009\2DG08_cell_009_protein.tif","16444","1c14ac60762efd7c260ac4b27a778b696a505d69b76b7089f1e434603b22f023"
"data\raw\res\2DG\2DG08_cell_009\metadata.json","258","4a3a8696db8f249cdbf7016234e4e12720c8b1430fd70c51797baab3e1ae315d"
"data\raw\res\2DG\2DG08_cell_010\2DG08_cell_010_fad.tif","13236","706955028f90b878446e70ed44b56e7bd4a335d3d321618ea7f4ea4a7ae81e04"
"data\raw\res\2DG\2DG08_cell_010\2DG08_cell_010_lipid.tif","13236","47d339ccf3bac0798b548ea7b90c962cfcbf674375cbc72b52f3018c59d12ac5"
"data\raw\res\2DG\2DG08_cell_010\2DG08_cell_010_mask.tif","13236","435188dd16927455a13dfa8c7e17c353cfb896a5fa08ef29f3f2c9c2c1e84fa8"
"data\raw\res\2DG\2DG08_cell_010\2DG08_cell_010_nadh.tif","13236","0845330030f08b0595e54cfb00e76c6b2a5afd559ed5cc82e3676369694fed5a"
"data\raw\res\2DG\2DG08_cell_010\2DG08_cell_010_OCT.tif","39212","1f5bd81bb8ae2c25cbe324121c6bf225aad4d7121a49c0257b20015798b7b77a"
"data\raw\res\2DG\2DG08_cell_010\2DG08_cell_010_protein.tif","13236","5509a93bc2507df3c356f2b4d62fc554ed233dd8556ae0b10a300d8e112c08a2"
"data\raw\res\2DG\2DG08_cell_010\metadata.json","259","db0ebcba251b50af6abfbf87c38258c363091828f30212a1a9f42516076e26e3"
"data\raw\res\2DG\2DG08_cell_011\2DG08_cell_011_fad.tif","11596","4d65ba5e36a0818272de4c0c6e06bc5316d0ada70c5ba0ea2f10bd15ea40a3e0"
"data\raw\res\2DG\2DG08_cell_011\2DG08_cell_011_lipid.tif","11596","d22fea2671b46574840e02c30c1f28628e3d286a007f62b9f22866f767bb4ea9"
"data\raw\res\2DG\2DG08_cell_011\2DG08_cell_011_mask.tif","11596","f60665955ac4378d32c355478a7211c3b875a70fa74e802fe05164dfa06648f7"
"data\raw\res\2DG\2DG08_cell_011\2DG08_cell_011_nadh.tif","11596","3bb387eeeb76fab41cb27d4aa36cbab5b2baeddffa235ce1aeda4c67e0f57c41"
"data\raw\res\2DG\2DG08_cell_011\2DG08_cell_011_OCT.tif","34292","4a4368b07c0f518b6fed7b41f96403e42def1a7b741b85ef32ec3473bdcce7cc"
"data\raw\res\2DG\2DG08_cell_011\2DG08_cell_011_protein.tif","11596","e2647736bbfdd1951427ad8382b0b3e089a47319fb7b6fc1bd72e1bdcfad574d"
"data\raw\res\2DG\2DG08_cell_011\metadata.json","259","0fdfa0a80b13a8168bc64d374503c2cb7567d764955c9583e9c6fde70e354038"
"data\raw\res\2DG\2DG08_cell_012\2DG08_cell_012_fad.tif","13952","f27f45af5f588f98a9108a7f3bb700914d728dc178363f33a5ea7c96ab11b533"
"data\raw\res\2DG\2DG08_cell_012\2DG08_cell_012_lipid.tif","13952","8b71160eed09c938b86e0b23716699a172985f2b16da0fbf44e0e459dab1de94"
"data\raw\res\2DG\2DG08_cell_012\2DG08_cell_012_mask.tif","13952","7f12cc458fe505585109a83ac18b16c73ee5e87cd9a755e821e6aa63d69be0bd"
"data\raw\res\2DG\2DG08_cell_012\2DG08_cell_012_nadh.tif","13952","e68845e7bda912876e58342650e60f65cdf3b48b0a576b8e51ff63fbfacfbcd1"
"data\raw\res\2DG\2DG08_cell_012\2DG08_cell_012_OCT.tif","41360","94eec33acbe64479b4abf14e568f4b15aa1bad3f8457cb4f32ab5566c41126a3"
"data\raw\res\2DG\2DG08_cell_012\2DG08_cell_012_protein.tif","13952","1d11b23daff45e90434777e48673f2356d0d4dc2d4caa2fc132498762fcf2cb5"
"data\raw\res\2DG\2DG08_cell_012\metadata.json","259","8a385b618dd9b046555538e54a7ea61524866dbe5858b674f46b62e6ded7aba4"
"data\raw\res\2DG\2DG08_cell_013\2DG08_cell_013_fad.tif","12008","b920cba4b9fbae480f589c95d4ab8d90412eee3ada63344813833d13fff82d00"
"data\raw\res\2DG\2DG08_cell_013\2DG08_cell_013_lipid.tif","12008","e1350da7ae4dbd294a9cd21192f00b123e307b880fa950f8e9c04d7cebdf9c33"
"data\raw\res\2DG\2DG08_cell_013\2DG08_cell_013_mask.tif","12008","98462d199141d731fda519a484fa233738db1873d390371492a2541062ed03c1"
"data\raw\res\2DG\2DG08_cell_013\2DG08_cell_013_nadh.tif","12008","7c98b128ecc4c369d21f29ab3e509eab95c6b02bd184c3dec72c34a64f72822a"
"data\raw\res\2DG\2DG08_cell_013\2DG08_cell_013_OCT.tif","35528","55284070058373f036ca953e07618181ef62315552d5d3a7dd38e23a7bb73d66"
"data\raw\res\2DG\2DG08_cell_013\2DG08_cell_013_protein.tif","12008","86eab7d419b61515f2d4245fd4249aac6ca6b0ccf8f26b69d7ddca71429cc6b9"
"data\raw\res\2DG\2DG08_cell_013\metadata.json","259","234b4facb52a11cd32a3c8cd4ec986c7e3df2c2400cd8f12c27b93d81060c75a"
"data\raw\res\2DG\2DG08_cell_014\2DG08_cell_014_fad.tif","16916","52b59321e1d92715103117203571121824759c6235b680aa9978d3bd55a6e1d6"
"data\raw\res\2DG\2DG08_cell_014\2DG08_cell_014_lipid.tif","16916","f19b1f953d38231d2279ced08e8db429433d46f4cc185e88a28554f83057292b"
"data\raw\res\2DG\2DG08_cell_014\2DG08_cell_014_mask.tif","16916","21d9517d0bd447ee928d6405310c51c3442abc1a9909255b628b987fff860235"
"data\raw\res\2DG\2DG08_cell_014\2DG08_cell_014_nadh.tif","16916","f549884ae1ac4809dab06a1eccfaf83e1c497d68c0797d9509f074304db01dc5"
"data\raw\res\2DG\2DG08_cell_014\2DG08_cell_014_OCT.tif","50252","266000faee8b3824f444a2d4e9edec4bc5d416f1044cfd1d0a2414c8c5cacc01"
"data\raw\res\2DG\2DG08_cell_014\2DG08_cell_014_protein.tif","16916","565366cb3c606eecd7c9c0264ea960fc0b545285412a3677b6384a934199e963"
"data\raw\res\2DG\2DG08_cell_014\metadata.json","259","cd6b3d7d303b18d33c3011c404ff59883090c104aeb422744e69ae466b695bc9"
"data\raw\res\2DG\2DG08_cell_015\2DG08_cell_015_fad.tif","17679","057d9f9ed9d0adc80436c49aa104bdf663f54bf0a9e4e798a4a4c71d326de62c"
"data\raw\res\2DG\2DG08_cell_015\2DG08_cell_015_lipid.tif","17679","bf0f589280d891a08ac0d0dcaa943b9b2cda5366ec5accbb5833dc1fa02ce08b"
"data\raw\res\2DG\2DG08_cell_015\2DG08_cell_015_mask.tif","17679","aacfcee216b0e360e1ee5f44bee1d7e52271962d319dcf93f737f9a03855197a"
"data\raw\res\2DG\2DG08_cell_015\2DG08_cell_015_nadh.tif","17679","4de94359d39251e715f21060afcc8753c686c5e0d79493144447aabc089225dd"
"data\raw\res\2DG\2DG08_cell_015\2DG08_cell_015_OCT.tif","52541","aee7a1818ee96cab40209c694f77ea814324a994822033e7be61de9d1e3dd9f0"
"data\raw\res\2DG\2DG08_cell_015\2DG08_cell_015_protein.tif","17679","47215bd4532c8303d5f94ff0a5148f787e525a6472842de5284cbd2a9c3930d4"
"data\raw\res\2DG\2DG08_cell_015\metadata.json","259","3df2791238943dbe3e5765dc037aecc8f9bf744ea4b9b96e8a95ec0d863db06d"
"data\raw\res\2DG\2DG08_cell_016\2DG08_cell_016_fad.tif","17424","93a7f0f53f7bbc4f73958fd2a48334ab4d5d63848a01c204679737ed67f0e8c0"
"data\raw\res\2DG\2DG08_cell_016\2DG08_cell_016_lipid.tif","17424","485965d75cf9887460a2ba8d48712d01656402287453cb70275d30cc4e66f9b5"
"data\raw\res\2DG\2DG08_cell_016\2DG08_cell_016_mask.tif","17424","10385adf2a1c42b6d049d08ef37cd72eec77ffa0df93343cac3cf4fb26835420"
"data\raw\res\2DG\2DG08_cell_016\2DG08_cell_016_nadh.tif","17424","6d58cbf9ef0bd312f1bef080d10aba8a369f19e7ef11851ebbbb2462dbc40ba0"
"data\raw\res\2DG\2DG08_cell_016\2DG08_cell_016_OCT.tif","51776","ae00781a273e795f4b8c91e484396d37677bc5a9dabe36729fb6ac795114e6bb"
"data\raw\res\2DG\2DG08_cell_016\2DG08_cell_016_protein.tif","17424","7f122adb15350721eca780c4ba0a70a4a4677c646ba91db2ad76f661de4339e2"
"data\raw\res\2DG\2DG08_cell_016\metadata.json","259","c8a0753130d7877a997830524a701b4150b73bee22f6ade9ee788a5cdf9084c3"
"data\raw\res\2DG\2DG08_cell_017\2DG08_cell_017_fad.tif","11598","62ab6cd51d3619cd918d6b3f91cd7735df0fbee6345f0b8a22f8842b0e794421"
"data\raw\res\2DG\2DG08_cell_017\2DG08_cell_017_lipid.tif","11598","d85a54a481ae8886e58a9b546203267e1ce41d909ac823862aa43a9929b11b0c"
"data\raw\res\2DG\2DG08_cell_017\2DG08_cell_017_mask.tif","11598","8cfd54b335e26d254e0979f34cd4efebf2633d4d32e6bb7a43b43487c6ac57d9"
"data\raw\res\2DG\2DG08_cell_017\2DG08_cell_017_nadh.tif","11598","90ed5f179a0058602757380aa16127e7efcdd7bcb4808a7d83d8428c64ead502"
"data\raw\res\2DG\2DG08_cell_017\2DG08_cell_017_OCT.tif","34298","4a354a7f87df8690cef3dd1a39465409469559baea84f6f69412a14141952da7"
"data\raw\res\2DG\2DG08_cell_017\2DG08_cell_017_protein.tif","11598","8d36559c485ee1b583e6bb6e1d29d0d45b3c8d0ec8cdffab00ca332dec7f9680"
"data\raw\res\2DG\2DG08_cell_017\metadata.json","259","c1b4cd070cbbc6d455f8327caf6476416dd8903a3e3072726d0071f5d0db7f37"
"data\raw\res\2DG\2DG08_cell_018\2DG08_cell_018_fad.tif","12460","7dcb85865901f84e21c97c006e84405cf6b9fe2159db5b5f77c44ad551ade0f4"
"data\raw\res\2DG\2DG08_cell_018\2DG08_cell_018_lipid.tif","12460","6a82a61aaffb800dc25f43fcb90f8bcce4315032d3c6265ebb6c7b8169d7e2dd"
"data\raw\res\2DG\2DG08_cell_018\2DG08_cell_018_mask.tif","12460","e633f58c1f58ec1805daa48a7fab2ba3e68aa37dec821d3d67d597578559753f"
"data\raw\res\2DG\2DG08_cell_018\2DG08_cell_018_nadh.tif","12460","eff3ec51094a56c10f9ec4b36cfa076d51d3c211d2417719ec58dd00d7b6e800"
"data\raw\res\2DG\2DG08_cell_018\2DG08_cell_018_OCT.tif","36884","fdf7d2507b88cee598d0b1afb609dd0f93928627a9c0cf401868ced3d773457c"
"data\raw\res\2DG\2DG08_cell_018\2DG08_cell_018_protein.tif","12460","107438aa0ac7e84c7f1676f26f90a1c13a78359b034fd3f2e07acd178949135d"
"data\raw\res\2DG\2DG08_cell_018\metadata.json","259","587747b0a2bef3553ad7336c43927bd50a510bca4093410a72887d3a1220e1b6"
"data\raw\res\2DG\2DG08_cell_019\2DG08_cell_019_fad.tif","13504","0ae91ba7bd6270b2efa41759cff39da3aba9f8e666fd96f908ad5a39b3592643"
"data\raw\res\2DG\2DG08_cell_019\2DG08_cell_019_lipid.tif","13504","ff21ef51eea3e53e30e798ee09e6d10d66ab15d529b05a15657a13537a117b9b"
"data\raw\res\2DG\2DG08_cell_019\2DG08_cell_019_mask.tif","13504","c44ecdb193482d7d264397cef04390df31c8a0a6e1e982e2409196e6269af21a"
"data\raw\res\2DG\2DG08_cell_019\2DG08_cell_019_nadh.tif","13504","5ddcd351aa97e11958327eb80e063bbad5d99382a9b632547276651b9cf12189"
"data\raw\res\2DG\2DG08_cell_019\2DG08_cell_019_OCT.tif","40016","2007de850e689bc0a5d25e653ba7e665d1f8fcc0d6b05cbd1cb86c6c942552db"
"data\raw\res\2DG\2DG08_cell_019\2DG08_cell_019_protein.tif","13504","3f940596148c251c178d7aa3289e59135064e146b97c97e40aade4852da0d289"
"data\raw\res\2DG\2DG08_cell_019\metadata.json","259","dee2dabe6f5a479180851766178c073d2b5fc97ac03903976631d7aa01f0da42"
"data\raw\res\2DG\2DG08_cell_020\2DG08_cell_020_fad.tif","16470","b1af83e1360c4c6726e5fde47aa7d1f43ed72f1e4fcd9cf9c04b742b3e77ae98"
"data\raw\res\2DG\2DG08_cell_020\2DG08_cell_020_lipid.tif","16470","a39c7726e91fef70b7074dd91a491130e04426dd8ee17271decda843edcc5ca7"
"data\raw\res\2DG\2DG08_cell_020\2DG08_cell_020_mask.tif","16470","6778fdd21815e713e4c2d33093d688c8b2aa8a1c9feed0c063d011c4c422e548"
"data\raw\res\2DG\2DG08_cell_020\2DG08_cell_020_nadh.tif","16470","4a30b1df050584c3484f9c124ee9bdb10a596eb9b527004214ce062a3e38b928"
"data\raw\res\2DG\2DG08_cell_020\2DG08_cell_020_OCT.tif","48914","9c8499ec9f24e0615972ed811ada821ed878130b81cc3d4b554146126414aeed"
"data\raw\res\2DG\2DG08_cell_020\2DG08_cell_020_protein.tif","16470","99f8bf39531c00f567079b05ec30d0e62956099e852e90572ddc2404c2bb02e1"
"data\raw\res\2DG\2DG08_cell_020\metadata.json","259","626ddb85d32112e2d8c5b390e9cdd8e2ae0039610c28be8eaaab9cad4ed817e9"
"data\raw\res\2DG\2DG08_cell_021\2DG08_cell_021_fad.tif","19856","c5ba6b98f38bab0d7cc4098ef6bbca3975ec33840a17285cbdb172e30e7cf205"
"data\raw\res\2DG\2DG08_cell_021\2DG08_cell_021_lipid.tif","19856","f9cb3c6b09b478dbd72035da86244bd22ace6e75144d248ea913fae8dac850c4"
"data\raw\res\2DG\2DG08_cell_021\2DG08_cell_021_mask.tif","19856","9ed42dbf1d68c61f8ccbda0bfbcb39dada72be50278571d8f221947aa23ca165"
"data\raw\res\2DG\2DG08_cell_021\2DG08_cell_021_nadh.tif","19856","3c1bce4857d6cb9b63486680ae4af38fe1e518317d2b11493971cb12f9c77b80"
"data\raw\res\2DG\2DG08_cell_021\2DG08_cell_021_OCT.tif","59072","70381fa2512d9b7a711cc8a22fdc1b1713408c3283972ea0820a0beb3e387a6c"
"data\raw\res\2DG\2DG08_cell_021\2DG08_cell_021_protein.tif","19856","328211fdf9506327bac126389d52440ea28f86a7b1d3dbd5aec103c06c9a0761"
"data\raw\res\2DG\2DG08_cell_021\metadata.json","259","010835c704d09d873434b0e5d5dd0592e39834e61067025a4cd930f8f8c819a8"
"data\raw\res\2DG\2DG08_cell_022\2DG08_cell_022_fad.tif","13000","7532f8f7845ccea169b95584b085dac59c65bb52a59f95001c2167482fc97652"
"data\raw\res\2DG\2DG08_cell_022\2DG08_cell_022_lipid.tif","13000","323e06c46ec937c0b14a0a8a485d491a6c895700554cdc297dae6d54180c463b"
"data\raw\res\2DG\2DG08_cell_022\2DG08_cell_022_mask.tif","13000","94a9a61f344e321f242dc95a625738ac494fb5c8695d32c6abdb2596d8832617"
"data\raw\res\2DG\2DG08_cell_022\2DG08_cell_022_nadh.tif","13000","3c14c6f64bb1c9e5fc62889d25635db18a6327baf61f029d2e26d91c2b516db6"
"data\raw\res\2DG\2DG08_cell_022\2DG08_cell_022_OCT.tif","38504","e6d8a7d3b4d220636fbe918e3e44cd6b65bb41288ebdfc1db4d1aed1aeb0a828"
"data\raw\res\2DG\2DG08_cell_022\2DG08_cell_022_protein.tif","13000","25f6030cf20cc7c0300354d3962b49eac2f763c56cca592d82f6db71c1a48884"
"data\raw\res\2DG\2DG08_cell_022\metadata.json","259","cb8c2833e085a7cbefec7104c15283aa80393343107c3c7c4b59179a43766462"
"data\raw\res\2DG\2DG08_cell_023\2DG08_cell_023_fad.tif","12410","e5c4af06998e819d7c4d3503eb49870493bb5d41ca968d5b644be4261ebd011e"
"data\raw\res\2DG\2DG08_cell_023\2DG08_cell_023_lipid.tif","12410","3a395f8c7be423e4864e08ea2c2b8a12cbb20a1519eaa0def90237015f2527b5"
"data\raw\res\2DG\2DG08_cell_023\2DG08_cell_023_mask.tif","12410","3f167e015cf34cd731b42a250dd75e7410ca743f4d6986b983cc260a5e13bba6"
"data\raw\res\2DG\2DG08_cell_023\2DG08_cell_023_nadh.tif","12410","e5e30327a97f6495a4310e81294b695f01797f129be391ca8ab77b1fcc78c9a2"
"data\raw\res\2DG\2DG08_cell_023\2DG08_cell_023_OCT.tif","36734","2e6840daceef0587d91c878e97964d6370222e26c713f3e2ba512b4593fc7492"
"data\raw\res\2DG\2DG08_cell_023\2DG08_cell_023_protein.tif","12410","1463d5c8c71989e97c3e25297f60aa4582517bc4350c8a0601c3a371b3b9cc81"
"data\raw\res\2DG\2DG08_cell_023\metadata.json","259","4c6629b94254b8f50723afd2dc6a47e608ade5a2ef1451149894f71436335b56"
"data\raw\res\2DG\2DG08_cell_024\2DG08_cell_024_fad.tif","10906","3c3b17276e3bbecdd6425af121221550c3137df2f18f3d17312f2712924ee7a3"
"data\raw\res\2DG\2DG08_cell_024\2DG08_cell_024_lipid.tif","10906","5eb6f47f3972aca7acddc4c0821c2a1d0da3758f242ba2f34057e656d48333ed"
"data\raw\res\2DG\2DG08_cell_024\2DG08_cell_024_mask.tif","10906","732d848f08e62d08183a4e05682f5b9de74637c58e6d6ab4220ce54502914907"
"data\raw\res\2DG\2DG08_cell_024\2DG08_cell_024_nadh.tif","10906","df43404b7e71035d1c32be7000747ae71897f079409ccad82bdfae5298361d67"
"data\raw\res\2DG\2DG08_cell_024\2DG08_cell_024_OCT.tif","32222","bfd106feb5b23b2acf4e50edf98331200226ce498d6c470391478f69d7193dbe"
"data\raw\res\2DG\2DG08_cell_024\2DG08_cell_024_protein.tif","10906","e884df21ffce5d3a0ba7b981d47afbbf8889e314dcb4af17f909354b5e3a0ad1"
"data\raw\res\2DG\2DG08_cell_024\metadata.json","259","49a255b1e87fae203a5bdbe798ea3902925738497cf3b89f3afd1cb988248e1a"
"data\raw\res\2DG\2DG09_cell_001\2DG09_cell_001_fad.tif","18541","4952140020cd14339c3e9ffbc1408cd9c26ff7e09a7da2e9a42fd36be1d7f219"
"data\raw\res\2DG\2DG09_cell_001\2DG09_cell_001_lipid.tif","18541","317c9b6620cec124a28a3dfe97891cdacb320558606ac9f9f28388e7c88b419c"
"data\raw\res\2DG\2DG09_cell_001\2DG09_cell_001_mask.tif","18541","91856ca143d0e69b0b89e5fafca7542edcb221342ecc99e0550539a27390f9f9"
"data\raw\res\2DG\2DG09_cell_001\2DG09_cell_001_nadh.tif","18541","47c87cb7b6d168d9d81ff73370475c85d5b167e781d1d4f2bf7632b7b878dd98"
"data\raw\res\2DG\2DG09_cell_001\2DG09_cell_001_OCT.tif","55127","446f57139cff3d880b485376114b8e17db47b718923c9db1d9b496c8372624c8"
"data\raw\res\2DG\2DG09_cell_001\2DG09_cell_001_protein.tif","18541","bdb85acf0cb2ddc9c246974eabd5d3b2c0b764c28397eca666cea7c46a9fe4fd"
"data\raw\res\2DG\2DG09_cell_001\metadata.json","256","60a71ae902162d17c296212690fd2663045f5023066616e58b57164aae114382"
"data\raw\res\2DG\2DG09_cell_002\2DG09_cell_002_fad.tif","37636","498a1a5059734be3225cc7d60928f91bb053eb33d123ac8ddffe0533945a2a98"
"data\raw\res\2DG\2DG09_cell_002\2DG09_cell_002_lipid.tif","37636","fa721ad70bfb8315708fd7f154644b34a097ca21899547d8a2b552f6e7537fb7"
"data\raw\res\2DG\2DG09_cell_002\2DG09_cell_002_mask.tif","37636","d0f16edd0185efee5307850a545f2f3e01f5556c187570844bb6a59a19b582be"
"data\raw\res\2DG\2DG09_cell_002\2DG09_cell_002_nadh.tif","37636","d91bac0622de15cc09be907ed6c190dcb38222134bc8126c9482b0dc8f59d2ae"
"data\raw\res\2DG\2DG09_cell_002\2DG09_cell_002_OCT.tif","112412","1f9b9e34ee04c8e94e5c5f2f16472c6439050843e9ff02f8bbd0dd25676f2dfa"
"data\raw\res\2DG\2DG09_cell_002\2DG09_cell_002_protein.tif","37636","a54f2e33eb59e1f3404f71591f5c395e2d9a20e7a52548f3d4d2075cdb194c64"
"data\raw\res\2DG\2DG09_cell_002\metadata.json","257","c694fe3f5326c20517dac53e17e2a6c2fdd8dd0e895828c401fd7f6218fee040"
"data\raw\res\2DG\2DG09_cell_003\2DG09_cell_003_fad.tif","16116","8a14a63954ff49db0419408117601c0eab48db9124f7031f2aa6059fe187e3e9"
"data\raw\res\2DG\2DG09_cell_003\2DG09_cell_003_lipid.tif","16116","12bb33704d3a720308a6b7ec9648030abfe79c34f096df39fbd5239654b9dd60"
"data\raw\res\2DG\2DG09_cell_003\2DG09_cell_003_mask.tif","16116","d1ea84536678c68abfb5863924f6be80ab55d866137a21daff1281f73b68a9a6"
"data\raw\res\2DG\2DG09_cell_003\2DG09_cell_003_nadh.tif","16116","42426e32011671478983ce2c45a7c74e8886005dfd14e675406fd81f29a9e018"
"data\raw\res\2DG\2DG09_cell_003\2DG09_cell_003_OCT.tif","47852","1bb10d7db8f8fbc16d05946dfe142d1ffbe82116dd36c3066bee1bf0b4ce5ab0"
"data\raw\res\2DG\2DG09_cell_003\2DG09_cell_003_protein.tif","16116","ab0797b179db94ffaed27a1b3dea55ba1262fd8a6e054651da3b7d56b08aece5"
"data\raw\res\2DG\2DG09_cell_003\metadata.json","257","e982a4aa0486098c6ff388a17bef10ce47e893717e3245d12b1ea1115d7ef884"
"data\raw\res\2DG\2DG09_cell_004\2DG09_cell_004_fad.tif","15592","98e96717e1157d123e372f8d72f1d1c13f47584bf54d7d1fa37f2922bd839048"
"data\raw\res\2DG\2DG09_cell_004\2DG09_cell_004_lipid.tif","15592","cf77fe47acb92775b4156d04ab4cdfb59716e8493472005c029a4f8142322bd3"
"data\raw\res\2DG\2DG09_cell_004\2DG09_cell_004_mask.tif","15592","b72f5c3be1306f6a83c5b1b6c3e15e91cdc3ffe8617874ab4145e731a52796b1"
"data\raw\res\2DG\2DG09_cell_004\2DG09_cell_004_nadh.tif","15592","c547ca10bc0c516f8ec3e72718fa288f28a45a05d13c3747f940da68024a7079"
"data\raw\res\2DG\2DG09_cell_004\2DG09_cell_004_OCT.tif","46280","4b64f9b66b2a6db78e34c70364ee7b82d38ead9245f061052a001e18e31da9d5"
"data\raw\res\2DG\2DG09_cell_004\2DG09_cell_004_protein.tif","15592","1dc443a8e0562ab27a17606e6177e2054c6524ef03adbb4f801c81b171b478c0"
"data\raw\res\2DG\2DG09_cell_004\metadata.json","258","804ae7343e2fa456a9e5f70770bdd0fdf71d570fb35bb7ca9ba43eb53d50de7f"
"data\raw\res\2DG\2DG09_cell_005\2DG09_cell_005_fad.tif","25378","5b6b825b7eb029692229284b078a37bc02918db252cdf13c4b0fdd4a5cd39aba"
"data\raw\res\2DG\2DG09_cell_005\2DG09_cell_005_lipid.tif","25378","aeb85f87638ba83d812543f3892d142af270c3d27b273664c4b759bbf1c19da8"
"data\raw\res\2DG\2DG09_cell_005\2DG09_cell_005_mask.tif","25378","5da30496dd199ae0be2d58eea4d4f8ff5dd9bc07221ad73baec0a203e2efcd55"
"data\raw\res\2DG\2DG09_cell_005\2DG09_cell_005_nadh.tif","25378","8347f749c22204f5d4f470816582c4711c13439c80f3202325c7e480ddf4baef"
"data\raw\res\2DG\2DG09_cell_005\2DG09_cell_005_OCT.tif","75638","532865e6acd35e6effdb572a3f71f1468a2cae2db682b0c23425d78fe6756fc3"
"data\raw\res\2DG\2DG09_cell_005\2DG09_cell_005_protein.tif","25378","2d187994913dfbb709467ae8797856196fb7ecf466bc4798a20a6e92c42fc229"
"data\raw\res\2DG\2DG09_cell_005\metadata.json","257","cba74fb37c19fa279fdba37c2dc68ff01f695a3d209d01c57b7cd78c8601f7eb"
"data\raw\res\2DG\2DG09_cell_006\2DG09_cell_006_fad.tif","21025","4f5bcd0ebf1155afaffb9366ac4124c1b0eb1b57d32740b10b009a8ba459cf03"
"data\raw\res\2DG\2DG09_cell_006\2DG09_cell_006_lipid.tif","21025","81bcadb7519d743220bf617a3c6f24c2f41c56893239c2975c089e2e9237aae2"
"data\raw\res\2DG\2DG09_cell_006\2DG09_cell_006_mask.tif","21025","a77f05c241c4557b7b83af7d2c4315d1732b7c951411831dc88fed315ce9839b"
"data\raw\res\2DG\2DG09_cell_006\2DG09_cell_006_nadh.tif","21025","fc430e122b4b9f2382e5f11b8c35457cbf83c8d6aa5a027b8bd4c2d64ab1d1a1"
"data\raw\res\2DG\2DG09_cell_006\2DG09_cell_006_OCT.tif","62579","65c08118726699d2f39cfeacf217b36f017560dc9fad4b3414186cefbcc8d177"
"data\raw\res\2DG\2DG09_cell_006\2DG09_cell_006_protein.tif","21025","5e4ab3bce6d7687c1579035a6e08a5203b0160a80e6cf01b3da9cdc619377429"
"data\raw\res\2DG\2DG09_cell_006\metadata.json","258","7755fddb76285ccbbd039da4fa511f323410d6d9bff9e86b9920d31a22390a62"
"data\raw\res\2DG\2DG09_cell_007\2DG09_cell_007_fad.tif","15220","bc26d4df3a1763d339226c303a68e741b6ac9a86c2db7b066ec1911776302717"
"data\raw\res\2DG\2DG09_cell_007\2DG09_cell_007_lipid.tif","15220","bdd0f1f3d82856ec266232131c9b3ec91b0eda203c15e354c9f939e9c82119af"
"data\raw\res\2DG\2DG09_cell_007\2DG09_cell_007_mask.tif","15220","0899e146cdf3d5fddeb40395f671718c3de1cc00028d6fa5f757a35c4cbf415d"
"data\raw\res\2DG\2DG09_cell_007\2DG09_cell_007_nadh.tif","15220","d75a383014cce1f25914c8b9a4f2906b5a7a9a86b8dcb68fb943737102ab7bc0"
"data\raw\res\2DG\2DG09_cell_007\2DG09_cell_007_OCT.tif","45164","f905f57ae691c7a9ae84f1c7fe89a4d88b8a501670c9933f0e5c521b24771219"
"data\raw\res\2DG\2DG09_cell_007\2DG09_cell_007_protein.tif","15220","9d1a2644e0bdd354f0d7f7e910523d5d61a015600ce96cae0454e46c748c915f"
"data\raw\res\2DG\2DG09_cell_007\metadata.json","258","10c1f625ba825e6a5ec45cd3294f06884c00c795aee74366dc8021c18bb0d7fe"
"data\raw\res\2DG\2DG09_cell_008\2DG09_cell_008_fad.tif","40060","6cc5578b7f2b1577e4c9f67b96ef46fadd518e04d2d017e5f2555e1935b23597"
"data\raw\res\2DG\2DG09_cell_008\2DG09_cell_008_lipid.tif","40060","d8ef085ca16576214be71367c2559d30c01e9fe51c0c26ff638455de26e541f9"
"data\raw\res\2DG\2DG09_cell_008\2DG09_cell_008_mask.tif","40060","4b0bcf89d71f2dbc77eab090696e183657358c26ed7efddc7c41da1b74331d97"
"data\raw\res\2DG\2DG09_cell_008\2DG09_cell_008_nadh.tif","40060","707a21c22a232efe5bf87cf67603f793f030b14e08eb149cf7cd97336a57caba"
"data\raw\res\2DG\2DG09_cell_008\2DG09_cell_008_OCT.tif","119684","aa36f79543021773e07184fd62087f91cf117606143f28b320f76e87af7ff4eb"
"data\raw\res\2DG\2DG09_cell_008\2DG09_cell_008_protein.tif","40060","fd20c5b71d0961b9172edd5eaddc62de839b9cad46684d3b2a85aa02ce6e07d2"
"data\raw\res\2DG\2DG09_cell_008\metadata.json","258","05b233eb7caac2ca41dc0b0f9a8ca46619ead4ce1edb744d8c69005289359508"
"data\raw\res\2DG\2DG09_cell_009\2DG09_cell_009_fad.tif","23136","038d5f48af6a137014143961a4e12139d78109f5694a719aa9f210fca1bd470d"
"data\raw\res\2DG\2DG09_cell_009\2DG09_cell_009_lipid.tif","23136","03da2c849246f1ee576231eff15776a01ffd143de4d3ac8b6c0fee0d95a5e7c0"
"data\raw\res\2DG\2DG09_cell_009\2DG09_cell_009_mask.tif","23136","0e688d4e0922ea5774cb75963a126c1ab9eb96d3502b0085f3364f96bab0fa84"
"data\raw\res\2DG\2DG09_cell_009\2DG09_cell_009_nadh.tif","23136","aa2d50f4c1f61bfeb33a51e423ad339718c374716ea6eef3d8bb1792387dc27b"
"data\raw\res\2DG\2DG09_cell_009\2DG09_cell_009_OCT.tif","68912","8f7c0b75cdd43c8b129757505c3aeb4e1ca7826912a3e55df17c0ab7208b0b1e"
"data\raw\res\2DG\2DG09_cell_009\2DG09_cell_009_protein.tif","23136","3242313a02349c3447e159932949425e5283fe0e5048bad2e52775df0658dbee"
"data\raw\res\2DG\2DG09_cell_009\metadata.json","258","4214417a17ed8499cc192e50f90be6484e6528cd49efcea01e206a22f9baab0b"
"data\raw\res\2DG\2DG09_cell_010\2DG09_cell_010_fad.tif","26810","efea9fb48244510a843de209b1377befa20e989541389d4bfa2505e178a3010b"
"data\raw\res\2DG\2DG09_cell_010\2DG09_cell_010_lipid.tif","26810","221fbc624d5f341d7657465525c487c30c26f0fc5ddafe9a82acb5825f10f181"
"data\raw\res\2DG\2DG09_cell_010\2DG09_cell_010_mask.tif","26810","1903ff5185413ae73bdcefbe92b8e139ef131d9a7d7e983d27b74a9d31329710"
"data\raw\res\2DG\2DG09_cell_010\2DG09_cell_010_nadh.tif","26810","8accf0122e0361918b3e58ee21152cb36dcfaef817bd017f9c506bf51e03a3c7"
"data\raw\res\2DG\2DG09_cell_010\2DG09_cell_010_OCT.tif","79934","25cbfe0ab80729c24a7f4c744959f01a8b4651798d1918051c0e1e6152b5421f"
"data\raw\res\2DG\2DG09_cell_010\2DG09_cell_010_protein.tif","26810","ab214f3d7e1fdf94ddfe0e9aad7ec1fc62197aaac897f982fd30e0f8c313be3b"
"data\raw\res\2DG\2DG09_cell_010\metadata.json","259","4378b02d1b96de94cef8e1b43de2d004ea44f43cd2ec1501f547b154df110f3a"
"data\raw\res\2DG\2DG09_cell_011\2DG09_cell_011_fad.tif","10156","a903aae5f599fed58e82bef45cc9d4ea6f48c41e93bd6838242566aa03e27cc6"
"data\raw\res\2DG\2DG09_cell_011\2DG09_cell_011_lipid.tif","10156","8fa5517ac9b839ad718e27a930d66101fda5e2cf19db9508c3c3e14af8f77c22"
"data\raw\res\2DG\2DG09_cell_011\2DG09_cell_011_mask.tif","10156","279b7812b9d695c80fd2a387d451de6469635872d65279df6142dba9d0983c1d"
"data\raw\res\2DG\2DG09_cell_011\2DG09_cell_011_nadh.tif","10156","088f01a9410648b9d09e23b7de1eeb1f44f2826771bca713cd7f09554a8e7833"
"data\raw\res\2DG\2DG09_cell_011\2DG09_cell_011_OCT.tif","29972","e31c008c496ca954bdabd3dcc9654eafdc7acda5caf2547a71c566027ed09004"
"data\raw\res\2DG\2DG09_cell_011\2DG09_cell_011_protein.tif","10156","a67737a8f1ad16b5febd6aded0c310333452be68ea1c7db531e2d9f578de65ea"
"data\raw\res\2DG\2DG09_cell_011\metadata.json","259","29b00e6a9a549b4094f924afc520fb22ce3e7ed35a405a67f7a77aeca2b546e3"
"data\raw\res\2DG\2DG09_cell_012\2DG09_cell_012_fad.tif","11245","7a81387ac7fd7cd446dce67bf4c9501e71cdd8e7f5da54d29a482f9682ad84c3"
"data\raw\res\2DG\2DG09_cell_012\2DG09_cell_012_lipid.tif","11245","71a2768a2130f0359557a14527fb96d39dd0a34ddd9e1e551e404ac1b08674ae"
"data\raw\res\2DG\2DG09_cell_012\2DG09_cell_012_mask.tif","11245","1d51a690d08fb04f91b7497bb1995f11d820c9f3f8b237104e57aa5dec528422"
"data\raw\res\2DG\2DG09_cell_012\2DG09_cell_012_nadh.tif","11245","648f1ee84fdd03cb5de65a01a652140c4b518837bfc2fbb3c73565582da4c527"
"data\raw\res\2DG\2DG09_cell_012\2DG09_cell_012_OCT.tif","33239","bcd9681ed4891604a77b3cb7ae636156e321d924a1f614221ea928d1a9e9316e"
"data\raw\res\2DG\2DG09_cell_012\2DG09_cell_012_protein.tif","11245","0abcfc1987f1d7e4066a666cacb30a07ccdd5acecb909c10cba6407644d8c493"
"data\raw\res\2DG\2DG09_cell_012\metadata.json","259","6d3e6c926ef21f26d8911f87c87b1d2fdfc8c1a372565faf327ff966bc597b4c"
"data\raw\res\2DG\2DG10_cell_001\2DG10_cell_001_fad.tif","10448","cdbeb3a5b542475ff5ef2bcb8427f0edc0c14f8f8319e7beefbdd47015b7a61e"
"data\raw\res\2DG\2DG10_cell_001\2DG10_cell_001_lipid.tif","10448","bb27f613ec6ef40d9fa43c11cc4db6d17e9fd3e99f54d93ed3afa58c432553ef"
"data\raw\res\2DG\2DG10_cell_001\2DG10_cell_001_mask.tif","10448","a956825aad7b738a5b2beb23c22e0a6990f8835ff743f0adcdfbd015227310c8"
"data\raw\res\2DG\2DG10_cell_001\2DG10_cell_001_nadh.tif","10448","1fb46aba501853ed0475e4a490a5d05d1cbdf8232e3e6ef02d23ced5bfbf263a"
"data\raw\res\2DG\2DG10_cell_001\2DG10_cell_001_OCT.tif","30848","3b8af34fb889f8ddd4bcc90208bd6d7f28d0c13a1965739d4dca23a38fa0fda7"
"data\raw\res\2DG\2DG10_cell_001\2DG10_cell_001_protein.tif","10448","f50a340f3dfc312f5fce9fe1fd8345015af3cf9e021bddf5d49c8312d20f3c40"
"data\raw\res\2DG\2DG10_cell_001\metadata.json","257","9fee7563b74411e2da5caa7ab8fb49aeeba6c1422adf16864876722fc23125e9"
"data\raw\res\2DG\2DG10_cell_002\2DG10_cell_002_fad.tif","18456","a7838e388188a3d9d45d4415780f67a55e2436568c7f01d4751eda210fe679c0"
"data\raw\res\2DG\2DG10_cell_002\2DG10_cell_002_lipid.tif","18456","33cc8145fdd223d0bcd688c45742cd9a91b8be3855e9ee0e1c3676c5dc285bfe"
"data\raw\res\2DG\2DG10_cell_002\2DG10_cell_002_mask.tif","18456","ee042d487047cc25b626f1d2418284300a2050c5fabf47a8bc41f65d3d9fb66b"
"data\raw\res\2DG\2DG10_cell_002\2DG10_cell_002_nadh.tif","18456","7d2e234a341ccb28e20e082aa5f11553254f15613225c02f409545c4a4a0e48e"
"data\raw\res\2DG\2DG10_cell_002\2DG10_cell_002_OCT.tif","54872","b1daa32ccb1471c5948456f5e4274c5ff7214f177a397367cbafe8a96203cf05"
"data\raw\res\2DG\2DG10_cell_002\2DG10_cell_002_protein.tif","18456","14e8dc5fbfe589dd9cc94162f53b11b03369eebdd4b2c3e1345ccd1569d133f7"
"data\raw\res\2DG\2DG10_cell_002\metadata.json","257","fcdfb3adc35191c5d4362aa0fba7bcd33f7f77c4b5359d01c79ae70f260d1f35"
"data\raw\res\2DG\2DG10_cell_003\2DG10_cell_003_fad.tif","13596","ed055eee48c0eab7b92b91932f65383b46ae79ebd9dbc2ad405ec0e4afd0ebe5"
"data\raw\res\2DG\2DG10_cell_003\2DG10_cell_003_lipid.tif","13596","65f17b72b074347732642061ac8c44fa677c713d3fcbbd14d22526312d183004"
"data\raw\res\2DG\2DG10_cell_003\2DG10_cell_003_mask.tif","13596","d7be80151403d105803f5bf7cae43d12e4d433a1394388fbf58f95701064af80"
"data\raw\res\2DG\2DG10_cell_003\2DG10_cell_003_nadh.tif","13596","402cc5eb7fc6a4a652c17788ad59739cd4d7fab1cbef76974cb5800bcdb97c15"
"data\raw\res\2DG\2DG10_cell_003\2DG10_cell_003_OCT.tif","40292","e26d664878bc61d3eab4d8e560471617c5083f8dbbf60f8924e7c559f670864f"
"data\raw\res\2DG\2DG10_cell_003\2DG10_cell_003_protein.tif","13596","46914da63c2484243f7345b6f1870363a0b0ec36f229d4c076644c95d3e5b852"
"data\raw\res\2DG\2DG10_cell_003\metadata.json","257","3849082b8b3983e4182ed1124b094aa6ca08870deedefb68131ad214f0b67b49"
"data\raw\res\2DG\2DG10_cell_004\2DG10_cell_004_fad.tif","11146","490276a4d7dc97a04df346ec3a24a9bb6512e25505b5bffe8f2702b784a98b91"
"data\raw\res\2DG\2DG10_cell_004\2DG10_cell_004_lipid.tif","11146","a5c27325230ae8bc46972bfe7a984a93ed35334b37ba830659c24ec372a67f4d"
"data\raw\res\2DG\2DG10_cell_004\2DG10_cell_004_mask.tif","11146","449e6713746227ecb58cc2c2d198b3adeb66ac930bed6f894bbe88f8d5f799ef"
"data\raw\res\2DG\2DG10_cell_004\2DG10_cell_004_nadh.tif","11146","0608b165c13d6e2ad1593d24284ab6c0b608e7f4eabeed598184f061a4f8713e"
"data\raw\res\2DG\2DG10_cell_004\2DG10_cell_004_OCT.tif","32942","f31a4673d91d2de8a1ca648a6572246c51eb9cd28ef885e898821e077ca8645d"
"data\raw\res\2DG\2DG10_cell_004\2DG10_cell_004_protein.tif","11146","af1d22bd2f16f9059c44362787174897e4889b882fb8a81ee3ae4ad41b65c796"
"data\raw\res\2DG\2DG10_cell_004\metadata.json","256","8b96d6b882c10c68e0c5ea07b2c3b3fd8b1dd54e4c39e4d3c40fb862a317bb1a"
"data\raw\res\2DG\2DG10_cell_005\2DG10_cell_005_fad.tif","10966","df7e7617602f0c8b2afbfe7ced1bfec86ab95ef64681aa671b9b0087825a2b9b"
"data\raw\res\2DG\2DG10_cell_005\2DG10_cell_005_lipid.tif","10966","c18318617852a6d68e3b8acfd7005047b98234e536b4ef3320406fa1391865d3"
"data\raw\res\2DG\2DG10_cell_005\2DG10_cell_005_mask.tif","10966","add9b6bc2f2baabb20761113df17d50126585e1c1d0e3dcd960b6918b03686ba"
"data\raw\res\2DG\2DG10_cell_005\2DG10_cell_005_nadh.tif","10966","d9b6288a755106d26f449a7ff04f6651d3b029b4174270feca8540497df7fea9"
"data\raw\res\2DG\2DG10_cell_005\2DG10_cell_005_OCT.tif","32402","cb818c0a087afc0b38a11cc462ae1f6c24f07fe09d940b23224b34090a120248"
"data\raw\res\2DG\2DG10_cell_005\2DG10_cell_005_protein.tif","10966","fd7a8b0aa49c873c2c47912415d4b51067bf5934edd2ad69295700a597f069f4"
"data\raw\res\2DG\2DG10_cell_005\metadata.json","257","84654a4d1c4382233a2cd83349ed32e91744481fd706563f4732b232e05f9206"
"data\raw\res\2DG\2DG10_cell_006\2DG10_cell_006_fad.tif","12679","e12b0c6ae7de0654e295578a1e6b25e4f4b588270da49b301107b09e17357217"
"data\raw\res\2DG\2DG10_cell_006\2DG10_cell_006_lipid.tif","12679","494944547f1270a013fd20a8b7c4ee08454f36d8f5fec8676a6f77bb7f98d475"
"data\raw\res\2DG\2DG10_cell_006\2DG10_cell_006_mask.tif","12679","ae03262b1f4eafdd1ce3e4c5ae0eaf5bb868b2039c36777a01f6d90d320fedcc"
"data\raw\res\2DG\2DG10_cell_006\2DG10_cell_006_nadh.tif","12679","579e741fb57d0983f6b6b07f758e70b55b62f3888ff1718992653e37a11978ea"
"data\raw\res\2DG\2DG10_cell_006\2DG10_cell_006_OCT.tif","37541","9dcc2d274fa99bff0000854bef672f9fa0ea01444d89339e22fbeb5fdbd66842"
"data\raw\res\2DG\2DG10_cell_006\2DG10_cell_006_protein.tif","12679","8287cc13343e810514fa658b79b9046e8f722918cdc5df2f886be071cd005136"
"data\raw\res\2DG\2DG10_cell_006\metadata.json","258","77af14151c6cc23925a11358fbc480c49893012342b0c14a2d43a022e64fa916"
"data\raw\res\2DG\2DG10_cell_007\2DG10_cell_007_fad.tif","19006","637642acef376eb9872054373956676d416b465f5e05eb6ad762d6b7012371a3"
"data\raw\res\2DG\2DG10_cell_007\2DG10_cell_007_lipid.tif","19006","d761d644637d25bf5f11248da40c01d44075cbcfd40166864308c785224b6768"
"data\raw\res\2DG\2DG10_cell_007\2DG10_cell_007_mask.tif","19006","84070ceb9230569417ca75c314c7c504698b01081e4575d58d5dfbe531ac18c9"
"data\raw\res\2DG\2DG10_cell_007\2DG10_cell_007_nadh.tif","19006","cbf1dcefbd74641bc4af8099c1b62435cda14264dfdb1326b678f1f5804d514b"
"data\raw\res\2DG\2DG10_cell_007\2DG10_cell_007_OCT.tif","56522","1682d423d5c3207e6460e6319f59f24b806b39c1afc4f120eacd2239b5d19680"
"data\raw\res\2DG\2DG10_cell_007\2DG10_cell_007_protein.tif","19006","645d535fc62d2f17b56f881b38e36c6a7c66b4885127a60771f4913111cec83c"
"data\raw\res\2DG\2DG10_cell_007\metadata.json","258","f20b43158b82574629b373489c15b7c485c52ae5dd1bc258f0b44bd5c40af0c6"
"data\raw\res\2DG\2DG10_cell_008\2DG10_cell_008_fad.tif","23806","44e31bbb0bdee1bc540ec5add91fe4254cfbff0633e39ada80216ce594a4d586"
"data\raw\res\2DG\2DG10_cell_008\2DG10_cell_008_lipid.tif","23806","92421315da1fb69bc973c76c3620d92dcc74ef07b472cd642f27ddebccfcac01"
"data\raw\res\2DG\2DG10_cell_008\2DG10_cell_008_mask.tif","23806","ecda55fdbd76a4ee0c635b9557e13a22fec33000ef75b696fe3e5841a0e3b381"
"data\raw\res\2DG\2DG10_cell_008\2DG10_cell_008_nadh.tif","23806","d5e2db3977d4f861d9aa5c23b61986215d98fb056b56e5077726ed8f27373865"
"data\raw\res\2DG\2DG10_cell_008\2DG10_cell_008_OCT.tif","70922","402d3c444de1ead60c89089f3b3e2140cd972b4d9cb738526bc88f310f723405"
"data\raw\res\2DG\2DG10_cell_008\2DG10_cell_008_protein.tif","23806","024de22a4923ff74a9b6d363a6ebe1d34bbe3031397eedb4f8bde149f3dd2bd8"
"data\raw\res\2DG\2DG10_cell_008\metadata.json","258","277b70345e22af5b5951fd2dbe3cc62b0206e7c7f1370c9604f724f3e0c37458"
"data\raw\res\2DG\2DG10_cell_009\2DG10_cell_009_fad.tif","18829","0a2c7dff638722db4570eb1462386b7da6a2695aa4b8e36003ccc177d9578198"
"data\raw\res\2DG\2DG10_cell_009\2DG10_cell_009_lipid.tif","18829","3c2cf67f9d4cf8d9f48a473049f3e6169d7261d85332fa66154e94816c9d100e"
"data\raw\res\2DG\2DG10_cell_009\2DG10_cell_009_mask.tif","18829","55bb9f46c4a0b53b55da8ea141a387cd6caa798fd4ee8fe3ff6bb39daba97ce8"
"data\raw\res\2DG\2DG10_cell_009\2DG10_cell_009_nadh.tif","18829","e3789a011dbe2e00b7a625d054cc33150b23a383b3ac5f5b7201bd3caff2f50d"
"data\raw\res\2DG\2DG10_cell_009\2DG10_cell_009_OCT.tif","55991","189e6bb20ae068426c920674b2a3b735d672a685a2142f8ed207ec3c62179baa"
"data\raw\res\2DG\2DG10_cell_009\2DG10_cell_009_protein.tif","18829","d29db3ec199f3e878b1cae1a0952d8922c9462ec2d45a728d4e038bef437ee1b"
"data\raw\res\2DG\2DG10_cell_009\metadata.json","258","e444587c9ed068c5d055318a28c048def52d914c8163609fe5cd74ac59e09adf"
"data\raw\res\2DG\2DG10_cell_010\2DG10_cell_010_fad.tif","24277","35726813b70c952dfb7db94523f40df15c407acd89aade892e2592c13eedf6b8"
"data\raw\res\2DG\2DG10_cell_010\2DG10_cell_010_lipid.tif","24277","1dd10afa90ee567dfdf7ee54aa057932ccfa07715decdbe7e48979b892c1a2f1"
"data\raw\res\2DG\2DG10_cell_010\2DG10_cell_010_mask.tif","24277","e99526ca5ea1a16c509a6c1724bd76c2f8a6133a9f75660b8d0eec9f73812bfd"
"data\raw\res\2DG\2DG10_cell_010\2DG10_cell_010_nadh.tif","24277","7571744658c4b858146e8bc9a02bfb767c09e78b0cf5a71f92beb1e8e3d9b720"
"data\raw\res\2DG\2DG10_cell_010\2DG10_cell_010_OCT.tif","72335","b07b4e13efff488ad297a32e0ca47313e79c85f6f6437b160f58c618002e5ac1"
"data\raw\res\2DG\2DG10_cell_010\2DG10_cell_010_protein.tif","24277","7bffddaaf518dda2a69ce620624f6fbb57e7f6c5819138f966baf598da65be1a"
"data\raw\res\2DG\2DG10_cell_010\metadata.json","258","9d4cf9edfcd502ddd2fc6dd4b71c975b5a182166efc1dfa943a33f92998327f8"
"data\raw\res\2DG\2DG10_cell_011\2DG10_cell_011_fad.tif","20367","da2bdc8958b79612766b6c1dbbb5d3c9a2bb186506826d1e10f975928beff640"
"data\raw\res\2DG\2DG10_cell_011\2DG10_cell_011_lipid.tif","20367","0b9c497e036367f060a0be0b89151de5b0928542dbe2cdffdf96183dc8f7c4c3"
"data\raw\res\2DG\2DG10_cell_011\2DG10_cell_011_mask.tif","20367","a8096ec844fa7074700cf5df2ba741a4c5fc0cd1ce01a422b45f1e347ad94909"
"data\raw\res\2DG\2DG10_cell_011\2DG10_cell_011_nadh.tif","20367","c5d54f192d0e0a0225e5192e30b745778cbbff8c6bb5e62215e873a196769433"
"data\raw\res\2DG\2DG10_cell_011\2DG10_cell_011_OCT.tif","60605","0008c1184b46bdef069548c3808ffa6660fc81431cfbc56cf2fa8509c24a29fa"
"data\raw\res\2DG\2DG10_cell_011\2DG10_cell_011_protein.tif","20367","04492c8535259c3dafe402aee47a58c6952dbec81939aab3a69083ac3ce7eff7"
"data\raw\res\2DG\2DG10_cell_011\metadata.json","259","c48aa1017f017cd0bb4ad269f556da57bca004d78531c874062c80daa4127eb6"
"data\raw\res\2DG\2DG10_cell_012\2DG10_cell_012_fad.tif","16615","bd994a33c381d1bd2c5cadaf04f494c32bde754b902d85c0dc6504b3f0427e89"
"data\raw\res\2DG\2DG10_cell_012\2DG10_cell_012_lipid.tif","16615","c5bd7607bb81a1e55a5df17e87c5b87684e27f67d7be070fc12ed3d6e2118b85"
"data\raw\res\2DG\2DG10_cell_012\2DG10_cell_012_mask.tif","16615","cef00e9ca5f18a7f8778f92151df2646b5b0a3e4fd71f62241544876b63ec437"
"data\raw\res\2DG\2DG10_cell_012\2DG10_cell_012_nadh.tif","16615","85633702017364be7ca36f00e4a548547a72a661d04ea56110d788ca17d2aa25"
"data\raw\res\2DG\2DG10_cell_012\2DG10_cell_012_OCT.tif","49349","2fa885d8517a0b23ea0792428da1cc4da7634554ed24c861725ac2279553f5d6"
"data\raw\res\2DG\2DG10_cell_012\2DG10_cell_012_protein.tif","16615","51212a649c4148e8b0a9c59bc0fdfefc6204f4ce4852ccca0bb5f15bdeb09df3"
"data\raw\res\2DG\2DG10_cell_012\metadata.json","258","fd43a4c7d923e2dea949c73ea29ae0bcf8e8e995062a6821717bef58a378558b"
"data\raw\res\2DG\2DG10_cell_013\2DG10_cell_013_fad.tif","18480","52f049e22e2550d4ffcb11e6116faa3351bbf255ccd3f7400077dce20f5f2acb"
"data\raw\res\2DG\2DG10_cell_013\2DG10_cell_013_lipid.tif","18480","483c251e367856a52470370b31a35581e3ba965f1f16d23435dcdc06c8aee14c"
"data\raw\res\2DG\2DG10_cell_013\2DG10_cell_013_mask.tif","18480","9956fa04453f16a6ac45b105c429a84ef9d201d8b3c572871365eddd4e5f6fd1"
"data\raw\res\2DG\2DG10_cell_013\2DG10_cell_013_nadh.tif","18480","0a56c1a767ed840885cf352c3af88afb3324ec2106aacceca6e49486eeee2ff7"
"data\raw\res\2DG\2DG10_cell_013\2DG10_cell_013_OCT.tif","54944","163d838ffcd018ca4e7a2347426d0db16fb34291cac15e30632f1e38455c0282"
"data\raw\res\2DG\2DG10_cell_013\2DG10_cell_013_protein.tif","18480","985189d17abb4bbaf4b78860df580526404b002cd73b3a22b9fd7a0bd63c6701"
"data\raw\res\2DG\2DG10_cell_013\metadata.json","259","5517f0248ffd666be67b7d0748b7f764f94d2bd68b6b41c674465ad27d1c83e5"
"data\raw\res\2DG\2DG10_cell_014\2DG10_cell_014_fad.tif","19160","2ba29d691ae7e2632fc16d8704f6f59cb5e696e685251ba40f79728f5e667546"
"data\raw\res\2DG\2DG10_cell_014\2DG10_cell_014_lipid.tif","19160","d3ff0f1ac0cf0657501c93eaa3807a447c90e2240614f5081f422e5293ec8132"
"data\raw\res\2DG\2DG10_cell_014\2DG10_cell_014_mask.tif","19160","db64a47c21990e73a7935bdc174f39392e03f48ccecc21ceaec263c983db7cdf"
"data\raw\res\2DG\2DG10_cell_014\2DG10_cell_014_nadh.tif","19160","a8b08f765ccfe0b7dc08f44e49e7208143432cb2f2b0dc9429966ec96d19d41d"
"data\raw\res\2DG\2DG10_cell_014\2DG10_cell_014_OCT.tif","56984","426e6b07cd8ae52fe7439bdbaa5c12267013536c10e7f86130fe49e999348733"
"data\raw\res\2DG\2DG10_cell_014\2DG10_cell_014_protein.tif","19160","7195067b7f63bf480fc127aeb1c4f8a7eee3cca61f3e0bd3f8a2ea037d91d2e7"
"data\raw\res\2DG\2DG10_cell_014\metadata.json","258","1a456b112fe2abe3c92767f12559760a6ad04e7004712327aa53fb379a7f5a86"
"data\raw\res\2DG\2DG10_cell_015\2DG10_cell_015_fad.tif","13816","bb7888fea4fd6c554bbd5cf4e2c8cbedb07b863672611c9bc471c846db687edc"
"data\raw\res\2DG\2DG10_cell_015\2DG10_cell_015_lipid.tif","13816","98513f94f2df39f3106f2cae3fa3394621e211d87d598b04385c76420e5d6772"
"data\raw\res\2DG\2DG10_cell_015\2DG10_cell_015_mask.tif","13816","776a82cb5492a176eb446219a56dc8c387973e45623e4ae62135d93af375faac"
"data\raw\res\2DG\2DG10_cell_015\2DG10_cell_015_nadh.tif","13816","9a09c61551db3b51a7301609d16f500895d8e321efd30e337da90321adb97167"
"data\raw\res\2DG\2DG10_cell_015\2DG10_cell_015_OCT.tif","40952","a6916527b5651d22b34900b3d102987681b0e265c8b6d7582a3be71be09d2eca"
"data\raw\res\2DG\2DG10_cell_015\2DG10_cell_015_protein.tif","13816","921fc052ebb14d3819d77495e6a83e990e6c995978b5cd1a78a0686f21f0416c"
"data\raw\res\2DG\2DG10_cell_015\metadata.json","259","b3bfdb7922cf6a45dc975450ce75ef29d5f26e6d24e3c099210d46e885033f13"
"data\raw\res\2DG\2DG10_cell_016\2DG10_cell_016_fad.tif","17306","8f07a7089b5b2a258bd650680d88155cd2f0e37cae39e73162313fa52b70493f"
"data\raw\res\2DG\2DG10_cell_016\2DG10_cell_016_lipid.tif","17306","4b457de1a78cf4d88ad6249a79bae72f199db0c20e1f238e81fa433d4da305ec"
"data\raw\res\2DG\2DG10_cell_016\2DG10_cell_016_mask.tif","17306","85289e1c9d04f46ad936eb75e69527ac97d82ae60a58be082560a226780525b7"
"data\raw\res\2DG\2DG10_cell_016\2DG10_cell_016_nadh.tif","17306","8ad2023eb3d5ad4f1668167932a9bff82915005f3471ecac6accb29ba3227ccc"
"data\raw\res\2DG\2DG10_cell_016\2DG10_cell_016_OCT.tif","51422","11bb70060b2f7e9286b895190b122da7ea93af6e80c4d14d34725b1cc908eaee"
"data\raw\res\2DG\2DG10_cell_016\2DG10_cell_016_protein.tif","17306","70e8bb788daecba2398d1e0264caced6fe9b0664468f42687842e5075394409d"
"data\raw\res\2DG\2DG10_cell_016\metadata.json","258","136491ad1f14768d0e0797ba6fc14533ab722afe22d4e52fd14e17f2ada5ad23"
"data\raw\res\2DG\2DG10_cell_017\2DG10_cell_017_fad.tif","10538","2f93119115ef5cbd098754df19fece0d9bf77365489dc53fca02c98b1a3c991a"
"data\raw\res\2DG\2DG10_cell_017\2DG10_cell_017_lipid.tif","10538","39c9f78dc581699cc2a0224eba6d39a0f0933843bd7820a7b48b112095909b98"
"data\raw\res\2DG\2DG10_cell_017\2DG10_cell_017_mask.tif","10538","468f4042c3b9942f3e7f63babd918fa41df7db47ede34d4ff03a3c6a9071f4d4"
"data\raw\res\2DG\2DG10_cell_017\2DG10_cell_017_nadh.tif","10538","0148259c4b03e0b51d8f8f08a10356afae58b255808e522aa2566c067abff164"
"data\raw\res\2DG\2DG10_cell_017\2DG10_cell_017_OCT.tif","31118","7fb7c603e191421e5094b4d1d50577dd7806608bb1bbea2a773106ee9a588c3f"
"data\raw\res\2DG\2DG10_cell_017\2DG10_cell_017_protein.tif","10538","c5e465e8c50e07a3407ad747baf1c8f95737d1225cc11dfc6b6b1fa0ab748e9e"
"data\raw\res\2DG\2DG10_cell_017\metadata.json","259","d82e16bafa7f478a6992e55eb167051628d3c1b1dc6828940bd4faa3ad8eb4fa"
"data\raw\res\2DG\2DG11_cell_001\2DG11_cell_001_fad.tif","12137","a003459a408c23aeca9d2d83706e6e4f8ce225f01578ec2c665884cc8d346a21"
"data\raw\res\2DG\2DG11_cell_001\2DG11_cell_001_lipid.tif","12137","1d519578eec699dcac9ab29a6ed5c6158e280ccc249886698c1d6b2c73e51124"
"data\raw\res\2DG\2DG11_cell_001\2DG11_cell_001_mask.tif","12137","3f9c18ac482c44f7f1615ed89898d2a2cd4d9902604922e9c52534002a377e50"
"data\raw\res\2DG\2DG11_cell_001\2DG11_cell_001_nadh.tif","12137","c755363279b5e46e3d3dfbc0633bca7de98c2632b2771d01df7e0b951cddfda8"
"data\raw\res\2DG\2DG11_cell_001\2DG11_cell_001_OCT.tif","35915","8042dc483c7457f607566cf6ba47e7c530d605fd28cf72c243925c99378c8c6d"
"data\raw\res\2DG\2DG11_cell_001\2DG11_cell_001_protein.tif","12137","e0f8df9dfdbffe1a337b315cc9afec8c1cc10876d6690777c6c01f8e53078c3d"
"data\raw\res\2DG\2DG11_cell_001\metadata.json","257","a858a41b9f056ce31b7522cce1ffbf52313f69ce1532ef738b4bb1422df84013"
"data\raw\res\2DG\2DG11_cell_002\2DG11_cell_002_fad.tif","31908","cebe2be9c6b800fb7eb732ba07c369e8743570a795249a5816de57201661524d"
"data\raw\res\2DG\2DG11_cell_002\2DG11_cell_002_lipid.tif","31908","37def3c7a6e4e453c5b6530d1f9bfa07f0e0b629e220f38030602f617e8d98cc"
"data\raw\res\2DG\2DG11_cell_002\2DG11_cell_002_mask.tif","31908","474add8798433edc7064a125c61e025bbf1e07ee6b5b05457dab6305884f3703"
"data\raw\res\2DG\2DG11_cell_002\2DG11_cell_002_nadh.tif","31908","d22ba3961c945e26fe8477b978f2ee7972b9372849aa56d9eb51090462f98879"
"data\raw\res\2DG\2DG11_cell_002\2DG11_cell_002_OCT.tif","95228","d47fb7f58bab865ab8d1780a158ed02e19cb725a445f2b8767958cc4f4148c40"
"data\raw\res\2DG\2DG11_cell_002\2DG11_cell_002_protein.tif","31908","71ae6947a455b1c7575a25cd4c04e333efa01b12ec43047319914aedd109ebbd"
"data\raw\res\2DG\2DG11_cell_002\metadata.json","257","3340a4b0cc4c64f1ac16f89aae8bfcfd7f3714cd2972ffd08910a898899909c3"
"data\raw\res\2DG\2DG11_cell_003\2DG11_cell_003_fad.tif","31196","f19619cc7258d12d7d94aa765bc6878a0c6b90fcd4a730f8cedb34138cac982e"
"data\raw\res\2DG\2DG11_cell_003\2DG11_cell_003_lipid.tif","31196","0c76c49216287fd28f4240284d572c02e15193b0ef768eb4adaf92fe9f50f5b8"
"data\raw\res\2DG\2DG11_cell_003\2DG11_cell_003_mask.tif","31196","f8e4d33b3e2a2f35670f9c492131aefe3efd5de86cdbfe70562e53eac03a8601"
"data\raw\res\2DG\2DG11_cell_003\2DG11_cell_003_nadh.tif","31196","b78769cd9996f191c99b0cf80a9b96b34021ebe3f2227349103cd962dbed59d3"
"data\raw\res\2DG\2DG11_cell_003\2DG11_cell_003_OCT.tif","93092","458c9a12b41aae275fb41567010635903b155b2056a43c39ddac4113043998a7"
"data\raw\res\2DG\2DG11_cell_003\2DG11_cell_003_protein.tif","31196","6d09add28858b67c0ac76693106ba1d7c6d59929f1cc05cd77c90a72768e3413"
"data\raw\res\2DG\2DG11_cell_003\metadata.json","258","c2dbb6f05529d08453de4e6011c09e3273b85d589d82b55b9e2916ee91640e24"
"data\raw\res\2DG\2DG11_cell_004\2DG11_cell_004_fad.tif","17317","c4d87a2c436a37911192b924664fcd292389a06e66e3842c5db59ec903aa0a95"
"data\raw\res\2DG\2DG11_cell_004\2DG11_cell_004_lipid.tif","17317","e5c38d5f0b7d4fdee487ccb89e01b03342ac465fecf9f7a7e68f1607d56ae1bd"
"data\raw\res\2DG\2DG11_cell_004\2DG11_cell_004_mask.tif","17317","7358797632d72ccc667283196542648c746b671e8f15492a97cf858e852d3950"
"data\raw\res\2DG\2DG11_cell_004\2DG11_cell_004_nadh.tif","17317","b801e034982bc766131602e0eef38d7f7ce87424684a97dbde9573de37bcface"
"data\raw\res\2DG\2DG11_cell_004\2DG11_cell_004_OCT.tif","51455","4e9edda50e6d3c3ba623d570556742b6bde68d2a120b5077cd0957003e17d57d"
"data\raw\res\2DG\2DG11_cell_004\2DG11_cell_004_protein.tif","17317","5040b0b8de9dc2d4a8328f9591027964de95b12a05dfa1a0b798aa6519771cd8"
"data\raw\res\2DG\2DG11_cell_004\metadata.json","258","6a6a457213f8eb84f4a9a7f78e9c554b69866772f4858ef14a5a3dc6c70fbc21"
"data\raw\res\2DG\2DG11_cell_005\2DG11_cell_005_fad.tif","17354","9d50de3af3ae258837488fea160bdbd3fc6c6d51cc00cda259ca93c66c034f27"
"data\raw\res\2DG\2DG11_cell_005\2DG11_cell_005_lipid.tif","17354","6bf7fab052eb6ad68a8c4c2609e88cb96c7e9e94dcf619d6f91d3cf198f61c22"
"data\raw\res\2DG\2DG11_cell_005\2DG11_cell_005_mask.tif","17354","30cbd9afc8a223ca5df913c5d15553480c7814105bc61605b6529bc146bcfcc2"
"data\raw\res\2DG\2DG11_cell_005\2DG11_cell_005_nadh.tif","17354","b76a1659feb6a163c9c61f55d1bf3b3f3777b71ea6a6c7641a431ed15681ef5e"
"data\raw\res\2DG\2DG11_cell_005\2DG11_cell_005_OCT.tif","51566","682ea9e6d62dc9e2a8ee2b566c46150d7ff5da813ad3d287c8676e0160234f3c"
"data\raw\res\2DG\2DG11_cell_005\2DG11_cell_005_protein.tif","17354","0f09308da1a94edb350501cdf3d919ef5e7125e273983199ed21d96f10157d45"
"data\raw\res\2DG\2DG11_cell_005\metadata.json","258","6bc66e47189c5fb3e4e9c4b10eb2b11bb5dcd2d5177274f7a56fb16438a2e361"
"data\raw\res\2DG\2DG11_cell_006\2DG11_cell_006_fad.tif","10864","0181913965716e5f532fbcebd54096df3429016421653ffca88bd720a5cb4a15"
"data\raw\res\2DG\2DG11_cell_006\2DG11_cell_006_lipid.tif","10864","7648bc277575235587e60d4ce348dae1ece9b33bf0096be04e735179f2f13955"
"data\raw\res\2DG\2DG11_cell_006\2DG11_cell_006_mask.tif","10864","66ce2241e7fa0efe6b881301faea35f738ffba1d0921db78507644aee180ac65"
"data\raw\res\2DG\2DG11_cell_006\2DG11_cell_006_nadh.tif","10864","eae1c5e02df2d1e0f3598b2720d979b300a1efe32e6fc542f66ced5ca24618e8"
"data\raw\res\2DG\2DG11_cell_006\2DG11_cell_006_OCT.tif","32096","d324d3bfc95063c9e3b99304a74b7ec0ba21ffa2c15201eadfd86d28b272d8ed"
"data\raw\res\2DG\2DG11_cell_006\2DG11_cell_006_protein.tif","10864","9a7162c3a320ed360f7cba112bbf5838abf02b01b00525866c492ba86b92e0f2"
"data\raw\res\2DG\2DG11_cell_006\metadata.json","257","9a3640700be8d5b8735356284f5db3f0d7efcc10b9152700cee77ff44b139c84"
"data\raw\res\2DG\2DG11_cell_007\2DG11_cell_007_fad.tif","24462","6fd3357c89ec964ec68b2f9f8eead0ab031cbd3e25b47ad4d176f6207e9e69a2"
"data\raw\res\2DG\2DG11_cell_007\2DG11_cell_007_lipid.tif","24462","209cc91e396d7171599275947ba275ff218e38248690e87542a32c6141714675"
"data\raw\res\2DG\2DG11_cell_007\2DG11_cell_007_mask.tif","24462","eb9dd1239785c0befabda5a802795306217eb0fac6fe30fdcdcd1d20f58c3807"
"data\raw\res\2DG\2DG11_cell_007\2DG11_cell_007_nadh.tif","24462","2cf8f33797819ae869d8c34b4e8b6d3a38ddea39416bc5983706e7941ac96a88"
"data\raw\res\2DG\2DG11_cell_007\2DG11_cell_007_OCT.tif","72890","8b1feecac9efc32cb02f6d7655b6494238b51ea129eb91ad9cdead3d9613c9b3"
"data\raw\res\2DG\2DG11_cell_007\2DG11_cell_007_protein.tif","24462","0714a0bd28dfb4d9d445f5f358ef7d175f281b2f50068f6f64abfc679b54c744"
"data\raw\res\2DG\2DG11_cell_007\metadata.json","258","dbbbee81b3ef7195ba2fbe614db7b3b89ee707c64cd9ce3e625abdc6c2a67189"
"data\raw\res\2DG\2DG11_cell_008\2DG11_cell_008_fad.tif","7425","10ecfb4b8915e88b82393e55a162ebe38ce4fdf4b540bb659c18d3c0b460daf6"
"data\raw\res\2DG\2DG11_cell_008\2DG11_cell_008_lipid.tif","7425","94782f64050e3f88bfb472be16ed859a011930347bd190d95ed026a537ace251"
"data\raw\res\2DG\2DG11_cell_008\2DG11_cell_008_mask.tif","7425","fba8fcc98261b8477a9327fd25aed7562e3767d0c61cce8aa1556b9fcf5bacf5"
"data\raw\res\2DG\2DG11_cell_008\2DG11_cell_008_nadh.tif","7425","f778c667b4addb8551bc05e98a97b7d91b5d8aa3a552748288a511a2b4edd136"
"data\raw\res\2DG\2DG11_cell_008\2DG11_cell_008_OCT.tif","21779","244f1e08d60a8ce1a6aff2e2d21dc10e517bb19c6f35e527c8489d3289ef314f"
"data\raw\res\2DG\2DG11_cell_008\2DG11_cell_008_protein.tif","7425","dadbbc6fb86b91ef33f96a771719ad8afa85e62dfc7212814e3c3f2f7739d591"
"data\raw\res\2DG\2DG11_cell_008\metadata.json","255","afb67026d413c8166c95067a4b37def75a0d8d8aba9a0905f61c0c2a86c5b3ff"
"data\raw\res\2DG\2DG11_cell_009\2DG11_cell_009_fad.tif","21696","c2eb3c523dcf10a8dbfceda2ab5beabd3e47cd56fbffcd257f008aa3463b680b"
"data\raw\res\2DG\2DG11_cell_009\2DG11_cell_009_lipid.tif","21696","63bf70d854bde1b3258294e35dd0c681cdb597cfb257063bb2c4b9c91a344174"
"data\raw\res\2DG\2DG11_cell_009\2DG11_cell_009_mask.tif","21696","75fd4f136a628e29f483889c6e74a00557ac406a332389d093aee297d7b2f6f9"
"data\raw\res\2DG\2DG11_cell_009\2DG11_cell_009_nadh.tif","21696","52b8929b659891e262f70ce2bfad4a0a565d5a1101182ebc824f479b48e9e6da"
"data\raw\res\2DG\2DG11_cell_009\2DG11_cell_009_OCT.tif","64592","03ed31de6f0732f5061157bcabf73d6d22014e8041f5977658f42cc453f1a2ce"
"data\raw\res\2DG\2DG11_cell_009\2DG11_cell_009_protein.tif","21696","8a78e1c48e13a1f8c153b7db5ea28dfa46fc09ac226aa36f98bfad2f4ba4d98b"
"data\raw\res\2DG\2DG11_cell_009\metadata.json","258","8b3a111d2daf9de0feb300a1255906c620090369ea88c937affbb4a49e53f64b"
"data\raw\res\2DG\2DG11_cell_010\2DG11_cell_010_fad.tif","20666","d6d6984c1096dd25dc85fedfc7b455f291582e7e0271eeded70e5c1ad121ecfe"
"data\raw\res\2DG\2DG11_cell_010\2DG11_cell_010_lipid.tif","20666","452943ad2e990383dcb46bb6db59a2727e5a4468aa8a6c64578e4a115ccd86cd"
"data\raw\res\2DG\2DG11_cell_010\2DG11_cell_010_mask.tif","20666","007f88b23394306ce68b4f65f6735d0109e701a59c17f69f4667871791307c12"
"data\raw\res\2DG\2DG11_cell_010\2DG11_cell_010_nadh.tif","20666","5046156b6651bd013b0fbdd1945bae95704a561ea151f98842e479fca7f75b3a"
"data\raw\res\2DG\2DG11_cell_010\2DG11_cell_010_OCT.tif","61502","0f91fbf4e0f0890644231d96e143e890fd7e8379e75e363afbeaf89ac8550fbb"
"data\raw\res\2DG\2DG11_cell_010\2DG11_cell_010_protein.tif","20666","62e9e339977fab55403fb5e050fe3ed17b1a182d62c6426bf9aa2db7489a7b36"
"data\raw\res\2DG\2DG11_cell_010\metadata.json","258","84507ec5eb21cdb3c78d380ed6c222eab91ad3363f8c0cf2d1908b213ab908e5"
"data\raw\res\2DG\2DG11_cell_011\2DG11_cell_011_fad.tif","9130","792945ff0fa46ce285f7dff09abb6ed0630e7a2892791e3da3def2398750dc60"
"data\raw\res\2DG\2DG11_cell_011\2DG11_cell_011_lipid.tif","9130","20f457bc59a018fa307e092ca63780ce4b2bcfd7daf76c817c4b987f23266a58"
"data\raw\res\2DG\2DG11_cell_011\2DG11_cell_011_mask.tif","9130","3c5b1a512f81b6632b7f6f58cd6065079703edb97472dff7e9b5553faa1c9a9a"
"data\raw\res\2DG\2DG11_cell_011\2DG11_cell_011_nadh.tif","9130","a8b7d376ba6f7e771a0283e2c2f395f78818941d8c3ec8a2e620649549374150"
"data\raw\res\2DG\2DG11_cell_011\2DG11_cell_011_OCT.tif","26894","3f8005b45d3566fffca2ca3af9ae91d51c5e0b334b9c7eec971d21629427beb5"
"data\raw\res\2DG\2DG11_cell_011\2DG11_cell_011_protein.tif","9130","8d0655069e45d063a4315e5e1f7462d8e8fc1092124d44830101a733bbfa2f54"
"data\raw\res\2DG\2DG11_cell_011\metadata.json","259","d50084e8f1054c9bec607e3e342f91b2fbcea164b88d35f15144e6aaaf1847b2"
"data\raw\res\2DG\2DG11_cell_012\2DG11_cell_012_fad.tif","23506","37880f6a71620db6e84767046c16a5359aeee0907b2424140149f49a8733c664"
"data\raw\res\2DG\2DG11_cell_012\2DG11_cell_012_lipid.tif","23506","7314e6109d3521a8fa800232e584c58e4275f15f40538d8f8cf3ad1bc6337826"
"data\raw\res\2DG\2DG11_cell_012\2DG11_cell_012_mask.tif","23506","e3159a53e72816fe36941a0548926ff937873d3f41760af1c31b50253b62f474"
"data\raw\res\2DG\2DG11_cell_012\2DG11_cell_012_nadh.tif","23506","17503fee3a4baac8003e1b3ae04c3f39cb7867ae14db6da15196eb66fe0935e3"
"data\raw\res\2DG\2DG11_cell_012\2DG11_cell_012_OCT.tif","70022","c4d2cbda92ae70e658c93d6cdfc6cbc6ea02fdce9f4179b19e95e0a159696275"
"data\raw\res\2DG\2DG11_cell_012\2DG11_cell_012_protein.tif","23506","9886d7dcf2e3af720ba214a5e7b53a7870f8f8a1e25024890e9ca9af05fc83ce"
"data\raw\res\2DG\2DG11_cell_012\metadata.json","259","bafdc611ba9d60c0934894b3b1eae253cceb26411089d60a091fdf7756e94dfc"
"data\raw\res\2DG\2DG11_cell_013\2DG11_cell_013_fad.tif","16753","0705f31924759183d48a829f87a2aabb0fb42acc29ba2c8695757dc69dfc8e48"
"data\raw\res\2DG\2DG11_cell_013\2DG11_cell_013_lipid.tif","16753","cc0684fe8042165a3d4a2cb22e12d8ad8534fbae68bd72afed36aef538cf67cd"
"data\raw\res\2DG\2DG11_cell_013\2DG11_cell_013_mask.tif","16753","63afeb03df9ad5c457c08374d255d1e35ea131eacc0638a51f087b9157f6117e"
"data\raw\res\2DG\2DG11_cell_013\2DG11_cell_013_nadh.tif","16753","49a51620b00fd3698e2aab8dbe4ccb39a9c43a391c3ea34dfb773145e83888ce"
"data\raw\res\2DG\2DG11_cell_013\2DG11_cell_013_OCT.tif","49763","79d6c071a617bf1b1cb198bcdbdab65389db361314e7652b2f442a1567a7afda"
"data\raw\res\2DG\2DG11_cell_013\2DG11_cell_013_protein.tif","16753","524f20522403474dc805a5746c521236b345dd4368bacad4b76282450c9bb5bb"
"data\raw\res\2DG\2DG11_cell_013\metadata.json","259","f304e8846eb192c5feb2f1f236498b5c9490084731d43dfc7ba93adb17f141ca"
"data\raw\res\2DG\2DG11_cell_014\2DG11_cell_014_fad.tif","14644","5ed5bde012bb9f9d86d0c95c21abb2305c67f70003248aaf1d5fe8ed28440ff8"
"data\raw\res\2DG\2DG11_cell_014\2DG11_cell_014_lipid.tif","14644","c4b2397b61fa07e3ee90d76da83ed5b29c019e0158a07f7115985e10e90e1aeb"
"data\raw\res\2DG\2DG11_cell_014\2DG11_cell_014_mask.tif","14644","810fca2ab353e6c357a03ea6920f52ce4735264d87be5572444f63f75535459b"
"data\raw\res\2DG\2DG11_cell_014\2DG11_cell_014_nadh.tif","14644","db4b4abd78de91fa46072e4dd5056a5fbacebba7be144dce79353c3eff7589ae"
"data\raw\res\2DG\2DG11_cell_014\2DG11_cell_014_OCT.tif","43436","af96a1d53c6d5af8314345da55d4047dfbb4384f7c59546df3a1c0b02b16ee1c"
"data\raw\res\2DG\2DG11_cell_014\2DG11_cell_014_protein.tif","14644","02db8110c2b1025eae9e324dad1a5ae8914dbd51090b115df1a3044983f3d4b3"
"data\raw\res\2DG\2DG11_cell_014\metadata.json","257","48d686179a14375e00450390b5fc96d7d035e8c7a6fd86fa6824f15789c0eade"
"data\raw\res\2DG\2DG11_cell_015\2DG11_cell_015_fad.tif","20296","a3f63d06a38feabe1c347034251c0057e207400235e8685d645b3d58285fb53a"
"data\raw\res\2DG\2DG11_cell_015\2DG11_cell_015_lipid.tif","20296","6db643d04a48a0ad26d813da561915c48ad2f268f723f2a76efccb26b6d735ce"
"data\raw\res\2DG\2DG11_cell_015\2DG11_cell_015_mask.tif","20296","5c0fb168771088472b8ad6175e5c008930e8eb698854fd8b75de64a393585720"
"data\raw\res\2DG\2DG11_cell_015\2DG11_cell_015_nadh.tif","20296","4e00b82a00a47705de6e99dd90036915f2c7b84203106bb4336ea73dbe94cee4"
"data\raw\res\2DG\2DG11_cell_015\2DG11_cell_015_OCT.tif","60392","4a5ab8e19b100d8510046bf8f197e40d25e982dd32ebb7b6c06378940b79637c"
"data\raw\res\2DG\2DG11_cell_015\2DG11_cell_015_protein.tif","20296","8098751aa8b7fb6e2d335795ba93f394e285cc57eadd1e6531b15f213c82f395"
"data\raw\res\2DG\2DG11_cell_015\metadata.json","258","ed16c3b264995534ed7b8a17ad4cd56a1e16aa68969c004a015ff38770e26d48"
"data\raw\res\HeLa\Hela_01_cell_001\Hela_01_cell_001_fad.tif","45136","7b9655db70f2c5afb7caf60ad82e2ec2832edb75048505f5406d57d7ccedf604"
"data\raw\res\HeLa\Hela_01_cell_001\Hela_01_cell_001_lipid.tif","45136","10ce65e01fe9e6876f2f8285feff97bbda19c7758b376f9f8856f73f9ad3c489"
"data\raw\res\HeLa\Hela_01_cell_001\Hela_01_cell_001_mask.tif","45136","114f54e8362551074cf92290b9080891928a99f14ae061b07fa6360766fae1eb"
"data\raw\res\HeLa\Hela_01_cell_001\Hela_01_cell_001_nadh.tif","45136","89356e50c6bb4b1d71a559941a53467c81698ca6f4611b0c7dbc70708ba4ed10"
"data\raw\res\HeLa\Hela_01_cell_001\Hela_01_cell_001_OCT.tif","134912","538ca56aa6bbe8441dc2a8bf2aed9b19aee79015063409c05b1ccefe06e7d87b"
"data\raw\res\HeLa\Hela_01_cell_001\Hela_01_cell_001_protein.tif","45136","7f48d1979063e51c4cf2f2651384aa74757d32b64767be7147f64f06f4cc1377"
"data\raw\res\HeLa\Hela_01_cell_001\metadata.json","259","35f09f30850e9376c443aed38414a11c96c553406700c06bc0e747882185128e"
"data\raw\res\HeLa\Hela_01_cell_002\Hela_01_cell_002_fad.tif","47560","405d4eb006e9e2ee22a4d7420f4c33d08ccb6f1691ff2a7849ebfaae8e8e6f23"
"data\raw\res\HeLa\Hela_01_cell_002\Hela_01_cell_002_lipid.tif","47560","e317374d917b6528a30ec533cf7c6a30322fe26a1b8f929c39c7d0e2ec47ec2c"
"data\raw\res\HeLa\Hela_01_cell_002\Hela_01_cell_002_mask.tif","47560","7d148c8d7ae1c82fee9a0b40d1aea11b7a364411b3e29c474c8d83f91273eeb2"
"data\raw\res\HeLa\Hela_01_cell_002\Hela_01_cell_002_nadh.tif","47560","bb027622a00f62cb68edcec41c77e6d0e8c2f1d19385f07aa4c5d7e5498725d0"
"data\raw\res\HeLa\Hela_01_cell_002\Hela_01_cell_002_OCT.tif","142184","3abd304f33e3b80a6d4894113d3b37a43ccdce0249a58879ae90da16942781c6"
"data\raw\res\HeLa\Hela_01_cell_002\Hela_01_cell_002_protein.tif","47560","52b99492ab4b21e59cce98c0d0ef9d525953c558aa7193e55e2908958d0fa914"
"data\raw\res\HeLa\Hela_01_cell_002\metadata.json","260","ee8ef612b2ec1ae9a1f0ac86f976701ed81bee28d2841b6c8ca47ed90f6e895a"
"data\raw\res\HeLa\Hela_01_cell_003\Hela_01_cell_003_fad.tif","35029","5c655a6aa804b244467208c57a0997e66f45763fa2136b142292d670a2171196"
"data\raw\res\HeLa\Hela_01_cell_003\Hela_01_cell_003_lipid.tif","35029","6ac4edcce485b3ecab4de8071efdf58070718393a0ace030f99d9b1f780bf771"
"data\raw\res\HeLa\Hela_01_cell_003\Hela_01_cell_003_mask.tif","35029","ae0252f8dc55e4b6109dad5a5e0d4570270eb8a48a3084938ed2ce5dbf71f8f8"
"data\raw\res\HeLa\Hela_01_cell_003\Hela_01_cell_003_nadh.tif","35029","b1b9cd8a09085455ed487b2a11e7cc632f82569334894fc16cbf9500976fa1ba"
"data\raw\res\HeLa\Hela_01_cell_003\Hela_01_cell_003_OCT.tif","104591","6857df380baa9b8d27c30762a4557285554bbcd6673a048335bfb897001c7ecb"
"data\raw\res\HeLa\Hela_01_cell_003\Hela_01_cell_003_protein.tif","35029","949159e9a77f99e6f321d353eb689dc3fe734682066a06bd30d914d9fc7db48c"
"data\raw\res\HeLa\Hela_01_cell_003\metadata.json","261","b5c8c81d3fb7045d4c36199631fec3b5a4a177ff174fbbd9c435ac2cc08f03a9"
"data\raw\res\HeLa\Hela_01_cell_004\Hela_01_cell_004_fad.tif","36544","ac71d6114493d0454715a423d73a9408d95bbe83175385adabdf5177e08ea9bc"
"data\raw\res\HeLa\Hela_01_cell_004\Hela_01_cell_004_lipid.tif","36544","c065d9e245b2183714d29b49db60467d3feb3c0b8fc341a8a2cd505c09a4fe43"
"data\raw\res\HeLa\Hela_01_cell_004\Hela_01_cell_004_mask.tif","36544","022e7a4190e631df77979fdf87391f1af69c7af673d7cd17860b3b610041e8fe"
"data\raw\res\HeLa\Hela_01_cell_004\Hela_01_cell_004_nadh.tif","36544","0c5f1ee33b2d90d82589bc1e4e6ce0b69951f4977996eba853e52f9eebad5f29"
"data\raw\res\HeLa\Hela_01_cell_004\Hela_01_cell_004_OCT.tif","109136","edd62d6dda088e3747777f2a350aa68833dbea7e1242719709664a151e8512a3"
"data\raw\res\HeLa\Hela_01_cell_004\Hela_01_cell_004_protein.tif","36544","fb3325f789c516f9a91fe6976bfb22af843ce8a761609e83fca0208d3f5c0534"
"data\raw\res\HeLa\Hela_01_cell_004\metadata.json","261","78f31c1342a1980da65994e5616df792f2cb4bd06bc46dc417c00a16595ce769"
"data\raw\res\HeLa\Hela_01_cell_005\Hela_01_cell_005_fad.tif","38442","7251ab4c32d570bf455a6f3189b73f4fab7274a7acc559cafa2a045e66eb8a6c"
"data\raw\res\HeLa\Hela_01_cell_005\Hela_01_cell_005_lipid.tif","38442","436ea916c91cde926f2739f7783596e81a594e382f80a9dc4fff31d49f52065b"
"data\raw\res\HeLa\Hela_01_cell_005\Hela_01_cell_005_mask.tif","38442","51777f9e113963a9a4177e80f106d98f5e0cfd3b244e2c0b05d77a154e6caccd"
"data\raw\res\HeLa\Hela_01_cell_005\Hela_01_cell_005_nadh.tif","38442","eb458a2bd991d8e988c714953dfe7495f7a35f215a671e8b8f4ed19a5d715b7d"
"data\raw\res\HeLa\Hela_01_cell_005\Hela_01_cell_005_OCT.tif","114830","d3827420d522554daa0d1dac50f6eb1d4d932f7ce0ffacf510a476b71ef07dfb"
"data\raw\res\HeLa\Hela_01_cell_005\Hela_01_cell_005_protein.tif","38442","134d83219c1ab5b7f5202e83d06a5fa3c7d2261daace8c3c342479529b8a9009"
"data\raw\res\HeLa\Hela_01_cell_005\metadata.json","261","bb88a0168251d8639d8e9a80fcc0f5e9b6dbc42100ea06c0057daa425d4c41e6"
"data\raw\res\HeLa\Hela_02_cell_001\Hela_02_cell_001_fad.tif","44420","aa723d7dc6ad986452ea43667cd8f3f44d760d584b19a1167d83d834f3bc196d"
"data\raw\res\HeLa\Hela_02_cell_001\Hela_02_cell_001_lipid.tif","44420","42a1781e2f2566f43d601a13ed745ce9628e5b093957a0c1dc168ecd29e36d4b"
"data\raw\res\HeLa\Hela_02_cell_001\Hela_02_cell_001_mask.tif","44420","47baf269b9dc46915d4357fd96e7a226cd6425b6ec2de5d94a64cb30be1ac08d"
"data\raw\res\HeLa\Hela_02_cell_001\Hela_02_cell_001_nadh.tif","44420","e35751ebc74a2b833c1a1ae8840a6e160e83807bb6c76e14dcb180ba3edf95a0"
"data\raw\res\HeLa\Hela_02_cell_001\Hela_02_cell_001_OCT.tif","132764","b138580cb5c5e83ac88e9cc0839736d25617dea509a4e39b038e69045cad1320"
"data\raw\res\HeLa\Hela_02_cell_001\Hela_02_cell_001_protein.tif","44420","b568ef90dae7b14ba3946c4de3e984e379c4b8c633c346a8b435892095898505"
"data\raw\res\HeLa\Hela_02_cell_001\metadata.json","260","58b734a37aeb8a3dfb3a955ebc8596fbb8951fbe991c73124d2319d6fe95ce84"
"data\raw\res\HeLa\Hela_02_cell_002\Hela_02_cell_002_fad.tif","42160","989664091088e1cd756892a2ca5bd39ae4f8eab2d0c2dfe6601a7e0548d08dbe"
"data\raw\res\HeLa\Hela_02_cell_002\Hela_02_cell_002_lipid.tif","42160","03081011449df51ca05974c7cefeb08be1a523895e50c10647a58ae19df02eb0"
"data\raw\res\HeLa\Hela_02_cell_002\Hela_02_cell_002_mask.tif","42160","dbedbcd8635d05b719179734303f99347b6b1e1c963f6231b3ad3150e7db260f"
"data\raw\res\HeLa\Hela_02_cell_002\Hela_02_cell_002_nadh.tif","42160","e3f82c5369dfd3bdeb7b50db7978337269d4220286c103764e2e6c851cacd3c5"
"data\raw\res\HeLa\Hela_02_cell_002\Hela_02_cell_002_OCT.tif","125984","f50e72589f2a32ccc0bf095d3522fa16892243b8ab70d14cc046df8cb87349aa"
"data\raw\res\HeLa\Hela_02_cell_002\Hela_02_cell_002_protein.tif","42160","e06319739cd3c5b9d9c04aeec58bec9059cf1e65df76d01d1a1087e950d22950"
"data\raw\res\HeLa\Hela_02_cell_002\metadata.json","261","77016611e17017851476d31ca0d237bd742d865488331e8dcb5ce043ab0efd96"
"data\raw\res\HeLa\Hela_02_cell_003\Hela_02_cell_003_fad.tif","26368","e7b4a7a912d5fd8dcc9d55c736c08e7710fc6c35c9365ee4041507a28b669fca"
"data\raw\res\HeLa\Hela_02_cell_003\Hela_02_cell_003_lipid.tif","26368","8b42f6260b2208e4eb5c2e3332e25ebff132015dd9179a89cbbbc2a2fbdd9e36"
"data\raw\res\HeLa\Hela_02_cell_003\Hela_02_cell_003_mask.tif","26368","95bce0e036971eaa947c6b18e0378fa053aecfac5abc2729569f37e76df177b4"
"data\raw\res\HeLa\Hela_02_cell_003\Hela_02_cell_003_nadh.tif","26368","6574963e2b97f9ab39a31558aa2a37b03f7348c710e877f00331ddb6a6c5e84c"
"data\raw\res\HeLa\Hela_02_cell_003\Hela_02_cell_003_OCT.tif","78608","75fe71421cfc842483071ded111596e9c7cee0ef8310fec3187c88cd0a992f00"
"data\raw\res\HeLa\Hela_02_cell_003\Hela_02_cell_003_protein.tif","26368","83bb75d087d0d99bd5c7ea7c41b9e01c262fc1a8e366c8290aed9a0be2bc5c48"
"data\raw\res\HeLa\Hela_02_cell_003\metadata.json","259","8f4e9dbd385f878266109b25f24b6da73551514fd2de4c8cc0977e7a4bb71264"
"data\raw\res\HeLa\Hela_02_cell_004\Hela_02_cell_004_fad.tif","29372","ea2135531b8a22e0a457683d9b97be9aaba25c7095da387928fefc1769307579"
"data\raw\res\HeLa\Hela_02_cell_004\Hela_02_cell_004_lipid.tif","29372","ce948c1ae08ed28b251e723d0a8c6b7dd0c136b93fae09e491f6d79bb1be87bf"
"data\raw\res\HeLa\Hela_02_cell_004\Hela_02_cell_004_mask.tif","29372","4eb6df750f9bc619c9c7d5a8d35142d530db30b26387f4ea47d1f431deb2c494"
"data\raw\res\HeLa\Hela_02_cell_004\Hela_02_cell_004_nadh.tif","29372","04f64cf68c12f0e07e46caea80f739414dc2a234fa4cdf322bf5d43400638a05"
"data\raw\res\HeLa\Hela_02_cell_004\Hela_02_cell_004_OCT.tif","87620","59a2a90a9d1b5a6c48b3bddcbe3177c56b39227b4054d9768c9665938cb514e3"
"data\raw\res\HeLa\Hela_02_cell_004\Hela_02_cell_004_protein.tif","29372","e7c25dc9c0a065ef135d3185e2ef1b471099c7a34f80a8e5c54abb2149d23408"
"data\raw\res\HeLa\Hela_02_cell_004\metadata.json","261","0d1b8b0cfcd7af8ea88cab1d265d296bf6b221aa87b145372eb2a7310b90e95e"
"data\raw\res\HeLa\Hela_02_cell_005\Hela_02_cell_005_fad.tif","29026","9f8855bc068255c6d28ee0e3c46dcb1c328e8b06f58cb65c2530e9966dfaa84c"
"data\raw\res\HeLa\Hela_02_cell_005\Hela_02_cell_005_lipid.tif","29026","5cddc27b8f7c67c46fe2f03953f9f9becba144adbc49bbce02b159cc5cd7a2ca"
"data\raw\res\HeLa\Hela_02_cell_005\Hela_02_cell_005_mask.tif","29026","b15f68c5e9e67cd7f19646e3f6f077ba1584fc566a056b89f1ab1cf05f8aaab1"
"data\raw\res\HeLa\Hela_02_cell_005\Hela_02_cell_005_nadh.tif","29026","d170db3e436e768de0c05c7a84132088e923aec0131d3f9453b14710305fdd1c"
"data\raw\res\HeLa\Hela_02_cell_005\Hela_02_cell_005_OCT.tif","86582","26045b7e0e66bdb6201671c75abbc3e2455aee98da21a552628ff68070eba1f5"
"data\raw\res\HeLa\Hela_02_cell_005\Hela_02_cell_005_protein.tif","29026","96b78c564a4ecddd83df4d1c0c588614c1ce9aea791c9520130214d1c4d4ecad"
"data\raw\res\HeLa\Hela_02_cell_005\metadata.json","261","6aba0dc465f2cc793ee3551a59e46a1901ea307ff1ad91968c4b8dc33a89fc29"
"data\raw\res\HeLa\Hela_02_cell_006\Hela_02_cell_006_fad.tif","32281","2af0480701112813e52df9328ec61fd941e0b829220fba886ca54d3978bbc0e4"
"data\raw\res\HeLa\Hela_02_cell_006\Hela_02_cell_006_lipid.tif","32281","35b9907f4f17c82666a5b22f52ff07f2771a53d91115661827d83fd380ace446"
"data\raw\res\HeLa\Hela_02_cell_006\Hela_02_cell_006_mask.tif","32281","8c6a5570051f621c7f8037ab4c275b85f22dcd682c00908ee6dffd857e9e65b2"
"data\raw\res\HeLa\Hela_02_cell_006\Hela_02_cell_006_nadh.tif","32281","ce33479e531f049881dc97965b868ad3be179c5f1175b972aeb048315898d322"
"data\raw\res\HeLa\Hela_02_cell_006\Hela_02_cell_006_OCT.tif","96347","4394418a6aac9cc81645b9a96a02bb4f546cb7bba78ab303489c2549a2c409d3"
"data\raw\res\HeLa\Hela_02_cell_006\Hela_02_cell_006_protein.tif","32281","f475bfc3a765d22992f3da1fa68ccafbe36c684e804e06b5ac0a98fbfa6dca5f"
"data\raw\res\HeLa\Hela_02_cell_006\metadata.json","261","557fd060e4cd676ab2c2ec48fe77f669eba4faf7914d3d994cb1c88cf801ded8"
"data\raw\res\HeLa\Hela_02_cell_007\Hela_02_cell_007_fad.tif","41130","4f59ff30222232b78f401692f9ba889ad8c1b9b76faa41c92b94b1f6d0456537"
"data\raw\res\HeLa\Hela_02_cell_007\Hela_02_cell_007_lipid.tif","41130","a1922971fd073cba2aba85ca596d1c38f326918d29833ba8ca6537a1e6679da7"
"data\raw\res\HeLa\Hela_02_cell_007\Hela_02_cell_007_mask.tif","41130","69c2476da01660e73161f291a1c4f2d704e7553439d6e47e36509342d34c98ae"
"data\raw\res\HeLa\Hela_02_cell_007\Hela_02_cell_007_nadh.tif","41130","64159313074fc68ba90b2a4f939e882492cb36eb96b32169371bf18473deddd9"
"data\raw\res\HeLa\Hela_02_cell_007\Hela_02_cell_007_OCT.tif","122894","a402d210feb264ffe0e57c457f6b453a32431e577a220f0ee45b3abb54a5c3f1"
"data\raw\res\HeLa\Hela_02_cell_007\Hela_02_cell_007_protein.tif","41130","f5136da10053fe1679b5a29cab64e99519344121dd33891d130229d95d211280"
"data\raw\res\HeLa\Hela_02_cell_007\metadata.json","261","b5a7a42c31b92d86e2af8b41e6f27940047f6c6e546b925eabf6e6477657a5fe"
"data\raw\res\HeLa\Hela_03_cell_001\Hela_03_cell_001_fad.tif","26338","df101098be4002c327b6838d7bea1b7b94912e6fb4cb2dc5bc4e182432f1e5f1"
"data\raw\res\HeLa\Hela_03_cell_001\Hela_03_cell_001_lipid.tif","26338","c45f5044135ccdb0c03df507147286025fad2cb9f96cafea0d17bea76630e28b"
"data\raw\res\HeLa\Hela_03_cell_001\Hela_03_cell_001_mask.tif","26338","952f47c46f4ae4528c15820bf7f1c0e6aa5a67256205ac009873b8a0e9f96694"
"data\raw\res\HeLa\Hela_03_cell_001\Hela_03_cell_001_nadh.tif","26338","d60197afca73ab949a521a1f31952c673337ed43097195aab452bfcd9f51c0ce"
"data\raw\res\HeLa\Hela_03_cell_001\Hela_03_cell_001_OCT.tif","78518","a6d29fba60f6a6fad6f98528223955172c271204f336a45d43d0c9e90fad03c7"
"data\raw\res\HeLa\Hela_03_cell_001\Hela_03_cell_001_protein.tif","26338","0b15fb3680faf02829f5cd5f18c2b07c1b1f5aca4acfc3927d03d175a090e67d"
"data\raw\res\HeLa\Hela_03_cell_001\metadata.json","258","f8e2037e6849a3e183029040d012d8e2a3be0f52993f7220cb0224f584cf6c61"
"data\raw\res\HeLa\Hela_03_cell_002\Hela_03_cell_002_fad.tif","13622","733ec9156aeb654e9d61d4d74298e4680de2194ca5419daae36a3ef36b8a8fab"
"data\raw\res\HeLa\Hela_03_cell_002\Hela_03_cell_002_lipid.tif","13622","ad2ae080b987ff97d847f5a7f94104265fd9c6f02915f120bd418ac531a41eb4"
"data\raw\res\HeLa\Hela_03_cell_002\Hela_03_cell_002_mask.tif","13622","784b0d0c9a4c001a3fe9616183ff654a6631e67d380a7f4a7b6a38444d1da99d"
"data\raw\res\HeLa\Hela_03_cell_002\Hela_03_cell_002_nadh.tif","13622","4cf9f8907539f190565f67b11bc5fd08f756e3a5f45c1725c9c7747e547c871a"
"data\raw\res\HeLa\Hela_03_cell_002\Hela_03_cell_002_OCT.tif","40370","a4730a174dadb5e3ffb09cebcb11a0e838bf32d4f3ce7a2665cb78a89b85889f"
"data\raw\res\HeLa\Hela_03_cell_002\Hela_03_cell_002_protein.tif","13622","12f3050391665e309293c528444efaa9e30b02b3e241ee3a1ec980c0bb56f5f9"
"data\raw\res\HeLa\Hela_03_cell_002\metadata.json","258","aaf640006dcfec2b81b9b4e1f8e877aef9aff03f937434f430a3d081def7cab8"
"data\raw\res\HeLa\Hela_03_cell_003\Hela_03_cell_003_fad.tif","22030","6803dec57232ecbc1dd2178b22dbcbb181ab87c9361660b2b5982c8d5f8bc9df"
"data\raw\res\HeLa\Hela_03_cell_003\Hela_03_cell_003_lipid.tif","22030","0754ead316f45f2aa5c48b86ba10d7e2e2be83097497033ed308a621d834d448"
"data\raw\res\HeLa\Hela_03_cell_003\Hela_03_cell_003_mask.tif","22030","6f0faa22412b191953c974a6704857be019370125245e6c2599df4009ed8f47a"
"data\raw\res\HeLa\Hela_03_cell_003\Hela_03_cell_003_nadh.tif","22030","3dcfaead3ee8fc4e1e22a990d4a1c2b7243238052c9fae870ae952e163bfa1e8"
"data\raw\res\HeLa\Hela_03_cell_003\Hela_03_cell_003_OCT.tif","65594","87af2e09d8cf4c43925c5137ca25c1e2beb0a6711e36f31b85bf6fabd355ff39"
"data\raw\res\HeLa\Hela_03_cell_003\Hela_03_cell_003_protein.tif","22030","0d477dc90cfb6330fe3d44aa32340d306af6fb59b2ffb42536edbd5b51ddbe3e"
"data\raw\res\HeLa\Hela_03_cell_003\metadata.json","260","eac927e65c8867d85c03968841afd90f3096f0997c574a16fa1f96dd776d948f"
"data\raw\res\HeLa\Hela_03_cell_004\Hela_03_cell_004_fad.tif","29496","ec90c799e08eddb9cb3bb0d1a4d386ddf8dc822130ddcc263c46d98c908e2132"
"data\raw\res\HeLa\Hela_03_cell_004\Hela_03_cell_004_lipid.tif","29496","78412573334c9450ec31527cf63fdd0937f7b4b0bb80f7a6e8c86ae7d83702f7"
"data\raw\res\HeLa\Hela_03_cell_004\Hela_03_cell_004_mask.tif","29496","0acda645c0d645dd70ca27f3d28d5f78a4df9140f4e9189411f590a81b1c8b92"
"data\raw\res\HeLa\Hela_03_cell_004\Hela_03_cell_004_nadh.tif","29496","e9100f53c31f66ed5e2659132c5d90fbded9984116b9cbb330bcd932cb281dcc"
"data\raw\res\HeLa\Hela_03_cell_004\Hela_03_cell_004_OCT.tif","87992","c10a7d086f34dd7c2e0fce8cdc3e1c278c481ebf63538cb43e7352c8c15364e1"
"data\raw\res\HeLa\Hela_03_cell_004\Hela_03_cell_004_protein.tif","29496","58afe6cfc3e547269e4f9725de52df8d340df0472966f2166eaa2ad1af8ec18b"
"data\raw\res\HeLa\Hela_03_cell_004\metadata.json","261","8e6c536d2d404585e693559ceb87663e0facff3dedcff15926384a660d6d4586"
"data\raw\res\HeLa\Hela_03_cell_005\Hela_03_cell_005_fad.tif","38756","a156b8d9bb6346d4ee45a60a219573bce468ce0c89db757cf809f01c21a0906c"
"data\raw\res\HeLa\Hela_03_cell_005\Hela_03_cell_005_lipid.tif","38756","5b3092f0c77c3917cf5fd2af1f3fc7f6343bcd05d8090851b289aad6b2fb385b"
"data\raw\res\HeLa\Hela_03_cell_005\Hela_03_cell_005_mask.tif","38756","d78b3b2cdf4535409d2d2451da63835b0021131c984265033bfb5822fcee1998"
"data\raw\res\HeLa\Hela_03_cell_005\Hela_03_cell_005_nadh.tif","38756","d045a1280b62dbe3c376a9950d3cc7c0d5669b3637c5d761714932f75ee11639"
"data\raw\res\HeLa\Hela_03_cell_005\Hela_03_cell_005_OCT.tif","115772","8398f86e573c9aa26189da52413ab6985d1eecbe6d4eb2cc2ff2c77b87cfa2a0"
"data\raw\res\HeLa\Hela_03_cell_005\Hela_03_cell_005_protein.tif","38756","d17a125c80b3bd7a27f4b68660041c9dd0bde8976c67468e5b9c0e196e1c6616"
"data\raw\res\HeLa\Hela_03_cell_005\metadata.json","259","8263b06be87f5bd0eaccd9d8f8f909063e71147106c78c1e403de4fcb3da9ab4"
"data\raw\res\HeLa\Hela_03_cell_006\Hela_03_cell_006_fad.tif","8901","e5b94601ca6869c492f9caee047516bc07e3035741ad74dfa3c5bc191879dd17"
"data\raw\res\HeLa\Hela_03_cell_006\Hela_03_cell_006_lipid.tif","8901","13edabdb844e1d08996220b18ae19419f2453a9b07abf8d9ce429afb33a7a0a6"
"data\raw\res\HeLa\Hela_03_cell_006\Hela_03_cell_006_mask.tif","8901","d81b557b6454eb678e9b2d6ef9fe3667ff4cbabf5eac79c9d86f9ca02d494ce6"
"data\raw\res\HeLa\Hela_03_cell_006\Hela_03_cell_006_nadh.tif","8901","e2974900f05b73722315b87490d0b95bcb26335415761cf3fb4cf8f503cd9f86"
"data\raw\res\HeLa\Hela_03_cell_006\Hela_03_cell_006_OCT.tif","26207","305bb2128e69720e959cbefba6928ff342ed98150df68b0f48659d4a1cd1b165"
"data\raw\res\HeLa\Hela_03_cell_006\Hela_03_cell_006_protein.tif","8901","50224ab62e8d4a17367d237b7c4e51f0d09266277f644ed416caf848c77098a4"
"data\raw\res\HeLa\Hela_03_cell_006\metadata.json","261","992e2242d8aa5a77aec4c1b2f843452c03fe3f3ea6961a6f1aa886080a88e486"
"data\raw\res\HeLa\Hela_03_cell_007\Hela_03_cell_007_fad.tif","18016","934f0723e8c813f080819329d17f5bbbfaf80b31de73367100efdef81a07eb66"
"data\raw\res\HeLa\Hela_03_cell_007\Hela_03_cell_007_lipid.tif","18016","37ed0201b7b6a27d1821f149be24115e4cdf6d29cd18eb022bf42bd587aafc7f"
"data\raw\res\HeLa\Hela_03_cell_007\Hela_03_cell_007_mask.tif","18016","d878d0bac3938164235146044899d5409baceff6d2e664b0a67b4753dd8e5ed7"
"data\raw\res\HeLa\Hela_03_cell_007\Hela_03_cell_007_nadh.tif","18016","16857a66cec0f6ef55930d423c2c95d54ac8de8cbdc855aef873f6fcd6e3cd00"
"data\raw\res\HeLa\Hela_03_cell_007\Hela_03_cell_007_OCT.tif","53552","c0a04766508e4acd09df04780fd56b2bb115be38610db09370ac06fe6a237a2d"
"data\raw\res\HeLa\Hela_03_cell_007\Hela_03_cell_007_protein.tif","18016","b7c5398b42e170608dfa56497af427eb707dc8e197abfb536f78d7fccbe751d0"
"data\raw\res\HeLa\Hela_03_cell_007\metadata.json","259","641b6b5703a078403a92b9c8bf03b92e9e36a65053760dd5c524533539ed60ef"
"data\raw\res\HeLa\Hela_03_cell_008\Hela_03_cell_008_fad.tif","23486","69a06ffda662078818b15c1cef2b7669bd6bcd09fdca2b9990d95b334fbc1138"
"data\raw\res\HeLa\Hela_03_cell_008\Hela_03_cell_008_lipid.tif","23486","7307667b42f71d780c119fd04d10bc3e3e3177d50c3a1132c587a22d869a6411"
"data\raw\res\HeLa\Hela_03_cell_008\Hela_03_cell_008_mask.tif","23486","43a8168e9f6614bc8eff7c72b032e3b282c1a36b450356a223667994f6565648"
"data\raw\res\HeLa\Hela_03_cell_008\Hela_03_cell_008_nadh.tif","23486","597320ad620d8597c14142c31d3d1b45289725d8a4d67a2481118a52877e3396"
"data\raw\res\HeLa\Hela_03_cell_008\Hela_03_cell_008_OCT.tif","69962","3208c934db89e4abe63b9931a0e2dd49c9f79004c6651b6990c801fea390ef5d"
"data\raw\res\HeLa\Hela_03_cell_008\Hela_03_cell_008_protein.tif","23486","7cec6763b376c2d55a821bcc188b7824f4476e363d180c72a94a2991642f0129"
"data\raw\res\HeLa\Hela_03_cell_008\metadata.json","261","3cbb9bb3c8a4e532bfcd76e012e66f271d089811b4d4b0650ab9cbed22253caa"
"data\raw\res\HeLa\Hela_03_cell_009\Hela_03_cell_009_fad.tif","15352","09b43b03b80dd9efd94849b6d2c591778e36a19817e260342a1df31f89015bed"
"data\raw\res\HeLa\Hela_03_cell_009\Hela_03_cell_009_lipid.tif","15352","4a7ab6a79b64903e8de0e2f14e3f54a08078a1b64073f79c7a1332857ee95c88"
"data\raw\res\HeLa\Hela_03_cell_009\Hela_03_cell_009_mask.tif","15352","b3c1981f7d20846bcaaa29aa1d3f3419497ace978bd212cfb8c93b36788a3b9f"
"data\raw\res\HeLa\Hela_03_cell_009\Hela_03_cell_009_nadh.tif","15352","146ca5c7df0fe8de54ad7fecf2afb43e7d53aec8c404ac02ff58e2775859b3be"
"data\raw\res\HeLa\Hela_03_cell_009\Hela_03_cell_009_OCT.tif","45560","f1e682936be537c57b92aba3726793703fb321057b216ed63a2b37fdd1a64a6a"
"data\raw\res\HeLa\Hela_03_cell_009\Hela_03_cell_009_protein.tif","15352","e55cced94a04145131cf6fedb9f369001f8a59ddb416d42f5728de6c352e7897"
"data\raw\res\HeLa\Hela_03_cell_009\metadata.json","261","f85d263befdea74db4603cee7adac758158d123cca9fe9cd7fbf5b1dc6e6fad9"
"data\raw\res\HeLa\Hela_03_cell_010\Hela_03_cell_010_fad.tif","22456","f44c2e534e2dda565d230c06aa89dfa8616901934f5b7b6a9593d6e1cb8c7925"
"data\raw\res\HeLa\Hela_03_cell_010\Hela_03_cell_010_lipid.tif","22456","de125c0d196c8052b72aa67b607fe0ed447bf00c6542fd615a12e332490b4b44"
"data\raw\res\HeLa\Hela_03_cell_010\Hela_03_cell_010_mask.tif","22456","4b3b162ab99df8ebfce303e3e3fe28ef8d2f45e699284ee0a8338279e3feb2ff"
"data\raw\res\HeLa\Hela_03_cell_010\Hela_03_cell_010_nadh.tif","22456","daf2d5642f7a0f6e7a6cf720e7fc27a41c8b89bc122e5541cd16c1136c1df084"
"data\raw\res\HeLa\Hela_03_cell_010\Hela_03_cell_010_OCT.tif","66872","ad763a0b7233ccfb980c81bc77f751550670c79bcf9d69088e67aeffba2e3ab5"
"data\raw\res\HeLa\Hela_03_cell_010\Hela_03_cell_010_protein.tif","22456","8867a4b587ba3cb25683220c787a0e895aa017fca9708c58ec0988413fd0aa5c"
"data\raw\res\HeLa\Hela_03_cell_010\metadata.json","262","aa85697187b6d37543651d3e3b2f83c0f1a747fd0c7e8c2fd4a0e9e23f4a84d5"
"data\raw\res\HeLa\Hela_03_cell_011\Hela_03_cell_011_fad.tif","18944","2f7e567ec85e4d14f67e463171274ea90f15bf3e12c4b5777ab2939ee2b00b3f"
"data\raw\res\HeLa\Hela_03_cell_011\Hela_03_cell_011_lipid.tif","18944","33af7c4d7b40906dc0e23911e31839987779846a22674b45977f3b5c67254b69"
"data\raw\res\HeLa\Hela_03_cell_011\Hela_03_cell_011_mask.tif","18944","836431e1b07789ce1d1a647c9789b1506fa159d7c1ffa1cb62e2d25908f05908"
"data\raw\res\HeLa\Hela_03_cell_011\Hela_03_cell_011_nadh.tif","18944","7a3f40a87346e5913c354e404cb47898eb1642f09c0e9878760a599118ae144f"
"data\raw\res\HeLa\Hela_03_cell_011\Hela_03_cell_011_OCT.tif","56336","927a03b20d65e7a1bc424bfa3f800e7f007e185d00ec06e71ef09a58c899d42c"
"data\raw\res\HeLa\Hela_03_cell_011\Hela_03_cell_011_protein.tif","18944","89b9ba62fcb754e00151ed001bbac1b8c82f7739a1b127c36f9364b44825b8c0"
"data\raw\res\HeLa\Hela_03_cell_011\metadata.json","260","5f31f3cffb8c5ce7e79102acba563ee0fbe825c94161f55c4a63a735b6744248"
"data\raw\res\HeLa\Hela_03_cell_012\Hela_03_cell_012_fad.tif","12796","2c36c572ec244e786130141efa458e28fde663a564d379c3c4b07d2861235e99"
"data\raw\res\HeLa\Hela_03_cell_012\Hela_03_cell_012_lipid.tif","12796","1c67ddf351ee573f8fb0d50d67eeb757e99764b9742f2c64a94deed279420cd3"
"data\raw\res\HeLa\Hela_03_cell_012\Hela_03_cell_012_mask.tif","12796","cbcf0ce3df3c867e88e8dc0c97f2260531303dfc262f211c127cd87aaaaf7c0c"
"data\raw\res\HeLa\Hela_03_cell_012\Hela_03_cell_012_nadh.tif","12796","3446a4f1330db144b8833e4dd9dceb7f01fa6bd23d94faca81f1e6f94eb716c2"
"data\raw\res\HeLa\Hela_03_cell_012\Hela_03_cell_012_OCT.tif","37892","4b450dcbd5c423b3f111e489f6a49341449faba9fafba114e59fdc24cfa0a54d"
"data\raw\res\HeLa\Hela_03_cell_012\Hela_03_cell_012_protein.tif","12796","5d5048c2044b5a2ff2025ec2c074af2e83075d960fbdd069aa121094c7633700"
"data\raw\res\HeLa\Hela_03_cell_012\metadata.json","262","14929d2e80a4111e7c90b64b20e4effd2d2deaa1422841b21249b9e27090fc0b"
"data\raw\res\HeLa\Hela_03_cell_013\Hela_03_cell_013_fad.tif","50032","eef0e0b3261c616d49c5ab6d39bb2cf20fa5723de451ed5699b22acd86dceba4"
"data\raw\res\HeLa\Hela_03_cell_013\Hela_03_cell_013_lipid.tif","50032","c31a6c5d009eaf110f069ffd23d0288e338de6a1eb3b684ab57f772fbe2806d6"
"data\raw\res\HeLa\Hela_03_cell_013\Hela_03_cell_013_mask.tif","50032","d8f7c6625050fb07bfde16a1ed079e2d91976929c0d3005dd849cae7e706b67b"
"data\raw\res\HeLa\Hela_03_cell_013\Hela_03_cell_013_nadh.tif","50032","417a15af863f71327df8e5a2ce2713ad3f0faa128946a772b17dc45cea6361c4"
"data\raw\res\HeLa\Hela_03_cell_013\Hela_03_cell_013_OCT.tif","149600","68bd1bd41f83de1adc01076707b5c681c6ca44d119e34668fa6151dc69b63082"
"data\raw\res\HeLa\Hela_03_cell_013\Hela_03_cell_013_protein.tif","50032","87897d53fa5f89395ff85d047e762f09d330600cb9c51986c8119a9793546b9e"
"data\raw\res\HeLa\Hela_03_cell_013\metadata.json","261","cd15d2b446a67d50455a3ed92382947ad7d26f2332110d1b7c62fff9e2ec5aff"
"data\raw\res\HeLa\Hela_04_cell_001\Hela_04_cell_001_fad.tif","58600","0effeb00314338248c5904cd67639b374b3bc9671fdb8b9179fbfa59df7001fb"
"data\raw\res\HeLa\Hela_04_cell_001\Hela_04_cell_001_lipid.tif","58600","fdb069b2fcede0497f709f8d68e054f3c2bea1f82a2e5c717384c9d4828b5ff3"
"data\raw\res\HeLa\Hela_04_cell_001\Hela_04_cell_001_mask.tif","58600","f06cc7268da88eb0bc7e58b2c88fdd2bf049c1d72dc86ae09d84d0e22f0f19c3"
"data\raw\res\HeLa\Hela_04_cell_001\Hela_04_cell_001_nadh.tif","58600","12742be1728afb7fea038ea0c2a73c513a7d80fd04ab69f0b1401831048557d5"
"data\raw\res\HeLa\Hela_04_cell_001\Hela_04_cell_001_OCT.tif","175304","308ffe87b9d42649d69550bbf98a06649590e4e63557c304f8918c6bfaebc5a8"
"data\raw\res\HeLa\Hela_04_cell_001\Hela_04_cell_001_protein.tif","58600","91bc24978cad225c364ccca6d5dd7c96ad8d9b83975916119a686e7eb649ead2"
"data\raw\res\HeLa\Hela_04_cell_001\metadata.json","259","99737b02f1c08ca378b08f375d5703e8bfe863e0ecc4dd95956a7700be9fe1c0"
"data\raw\res\HeLa\Hela_04_cell_002\Hela_04_cell_002_fad.tif","18778","e06f3669339b04cd1eda14c9b680859d37c0acaca56b5551a57947bc86d84f2c"
"data\raw\res\HeLa\Hela_04_cell_002\Hela_04_cell_002_lipid.tif","18778","2a40296beeb8c5c24dedf17c69e75e795cc48ad693f744a17540cf199bcaa910"
"data\raw\res\HeLa\Hela_04_cell_002\Hela_04_cell_002_mask.tif","18778","eb0abd04bd8850b3927d452b9de0c98e023e7c9fa5add8ca8116fd0170435ae2"
"data\raw\res\HeLa\Hela_04_cell_002\Hela_04_cell_002_nadh.tif","18778","13b6e4ccf1a8b5c5c32f7822454c2e050c34a885507e530eac287fa23e9557ff"
"data\raw\res\HeLa\Hela_04_cell_002\Hela_04_cell_002_OCT.tif","55838","530a51a9e69b1cfefc30f6d24413cc7f348b260d20cbddd4ea8572f0b8ea6096"
"data\raw\res\HeLa\Hela_04_cell_002\Hela_04_cell_002_protein.tif","18778","47e4c5c874ae05940e17ac2e5725525d41e0667c7bb843826866dd21d7cc7d8d"
"data\raw\res\HeLa\Hela_04_cell_002\metadata.json","257","a2fbf4cf60bf242deed823cc1f85e729fba0f12cabd101776fbba418021b2a32"
"data\raw\res\HeLa\Hela_04_cell_003\Hela_04_cell_003_fad.tif","46831","99d27dd946d7e58407327c48c362d4d568eb39418ad8dd855ea2620de9892c05"
"data\raw\res\HeLa\Hela_04_cell_003\Hela_04_cell_003_lipid.tif","46831","b02090c6aec5985ee4daec30b2c08eda202f9a1a275279fc3848ee300878c109"
"data\raw\res\HeLa\Hela_04_cell_003\Hela_04_cell_003_mask.tif","46831","0ede623358e8d486941f59b32fd5dda89d0d639fe51225384d2fbdf4d9dd51a5"
"data\raw\res\HeLa\Hela_04_cell_003\Hela_04_cell_003_nadh.tif","46831","d1868db9587c83c1c8d7073149b03c128f02e27f73b8c5e1baa487bc1ae0f06f"
"data\raw\res\HeLa\Hela_04_cell_003\Hela_04_cell_003_OCT.tif","139997","5a1cdd0688297dec4009cb16d3f49a56a6ca2fdce9aeb1d7f72cc9d9c0eb3924"
"data\raw\res\HeLa\Hela_04_cell_003\Hela_04_cell_003_protein.tif","46831","5a407d5978c0fccb9339853647eb7ada8fc8680c9589b3500a99ce68ec8b2747"
"data\raw\res\HeLa\Hela_04_cell_003\metadata.json","261","a9604d10d051420745124a01f0deb900e6d07658931cbe6d8ca5a8f7091aa2d7"
"data\raw\res\HeLa\Hela_04_cell_004\Hela_04_cell_004_fad.tif","52312","75a7c897f056fd6b1d3719da63d9bdea74257440600477cebac345ea453ab8df"
"data\raw\res\HeLa\Hela_04_cell_004\Hela_04_cell_004_lipid.tif","52312","31d68385a1b6818206f01e2709e621afe699ba8f14cc8a8ef2036debb63d48ef"
"data\raw\res\HeLa\Hela_04_cell_004\Hela_04_cell_004_mask.tif","52312","d65e3650a531f855d06a1e196793ba0ccc76bd1b7af63f25dacd1667150a80ea"
"data\raw\res\HeLa\Hela_04_cell_004\Hela_04_cell_004_nadh.tif","52312","2a64f531ede56e997e758eec8630d208eda9fe50af356d2c63484299c851294e"
"data\raw\res\HeLa\Hela_04_cell_004\Hela_04_cell_004_OCT.tif","156440","3709e470f67961a07ce261b4f737f1db3ec288d2896471a40ddfdf30ca72c61e"
"data\raw\res\HeLa\Hela_04_cell_004\Hela_04_cell_004_protein.tif","52312","0bfec75e1ba8c218b5b47aa5b7182d746e24b2964a53a9dc28bf1d50a825fae7"
"data\raw\res\HeLa\Hela_04_cell_004\metadata.json","261","5f96c1481e9026b192f9ebef450a8e268b28e46a5d7b65b2a65674a68d59345a"
"data\raw\res\HeLa\Hela_04_cell_005\Hela_04_cell_005_fad.tif","13445","477f43f4eccb2187af2412b4e2fcd480f180a83568b9f8d3feb644f8a02358d6"
"data\raw\res\HeLa\Hela_04_cell_005\Hela_04_cell_005_lipid.tif","13445","0ff88897993eea09636635e6eeee2eb40b5e15a2b8bc4298d3893eaac6d4b6ae"
"data\raw\res\HeLa\Hela_04_cell_005\Hela_04_cell_005_mask.tif","13445","d574204d2d30afd3fbeaad904bbccedc6e677030b87cb7a1e39254b876f0b6ae"
"data\raw\res\HeLa\Hela_04_cell_005\Hela_04_cell_005_nadh.tif","13445","a0f23928b5905f8e612e1d28aae7eacc4eea684d8eb11ad0a3f11dc161bd0152"
"data\raw\res\HeLa\Hela_04_cell_005\Hela_04_cell_005_OCT.tif","39839","f85f9b1107a889769a56ca586f797105a7002265d8cf469741b6315435b0683c"
"data\raw\res\HeLa\Hela_04_cell_005\Hela_04_cell_005_protein.tif","13445","de41356349c13e6292977a62ed2be3583e6fb0ce9dadf4adb7830ffeec8b9c5b"
"data\raw\res\HeLa\Hela_04_cell_005\metadata.json","261","60952c385cb71fcc49cec88f2cddf73937c21d4a018b95d0cb96a02712cafeed"
"data\raw\res\HeLa\Hela_04_cell_006\Hela_04_cell_006_fad.tif","42683","25c7c3c2c996737a1b38e2331a918a2a6149ee39a444059c05b3e3f323720505"
"data\raw\res\HeLa\Hela_04_cell_006\Hela_04_cell_006_lipid.tif","42683","f67c0097dba8047c64d8e39bacbb43c1231e6a780ede6b92ba7ebc17f76be7e3"
"data\raw\res\HeLa\Hela_04_cell_006\Hela_04_cell_006_mask.tif","42683","7e301fa1933680a609d7cc696bd767e5d5ea8d0765ef17aed87630e8a95a83c5"
"data\raw\res\HeLa\Hela_04_cell_006\Hela_04_cell_006_nadh.tif","42683","26f210b809ec17bb4574c8399b47acacbdf67c9bad391101e18f960aa47f789c"
"data\raw\res\HeLa\Hela_04_cell_006\Hela_04_cell_006_OCT.tif","127553","2ee9e19a4cf9b62a57f0cf0d688a3019c2cc6665dd83f5abd52f5691654c26a1"
"data\raw\res\HeLa\Hela_04_cell_006\Hela_04_cell_006_protein.tif","42683","deded0c904cb34f5c765517909960f6ebe6f0fd17ea9784cfa35fe2c68eb5e51"
"data\raw\res\HeLa\Hela_04_cell_006\metadata.json","261","208d689657c4991cba8cf4b50d3de8cb266b8d58aacb9c4ec82696f87a7f0a38"
"data\raw\res\HeLa\Hela_04_cell_007\Hela_04_cell_007_fad.tif","50890","c4aaebf6d1b90cf1f048076aab04d9a0542711d2a3eaff03b454215b42ebbba1"
"data\raw\res\HeLa\Hela_04_cell_007\Hela_04_cell_007_lipid.tif","50890","e9c20db57b5116dcfd70f13064ad324cfc6c4d3887159b3358ef542a514b75a6"
"data\raw\res\HeLa\Hela_04_cell_007\Hela_04_cell_007_mask.tif","50890","3ac0c607e891c339c2f95b34007f3630436ddde43d77113b949b1311947f7fc7"
"data\raw\res\HeLa\Hela_04_cell_007\Hela_04_cell_007_nadh.tif","50890","6e1c29be07ea193cd371ee15785f68efda1ee2353f80c3c93bb2800db6a2260b"
"data\raw\res\HeLa\Hela_04_cell_007\Hela_04_cell_007_OCT.tif","152174","6f2b9a8233df616e8989dad89d2930db957d71af5f36223cf3ecd78cbb423e42"
"data\raw\res\HeLa\Hela_04_cell_007\Hela_04_cell_007_protein.tif","50890","071428110f2928e55f7ca9e1885e3cbcfe890792398cbd8545075574b8c9393e"
"data\raw\res\HeLa\Hela_04_cell_007\metadata.json","261","fb79b23f97fb7acabb442a35c20c911dfe6a5b2379807b4fcd5926e07b876878"
"data\raw\res\HeLa\Hela_04_cell_008\Hela_04_cell_008_fad.tif","39294","08b0be5798d215bdf0041f175ef7c44970d6b4443cde9b24dfc50f4ba2f41132"
"data\raw\res\HeLa\Hela_04_cell_008\Hela_04_cell_008_lipid.tif","39294","b70ee238fa77d0c65eb1902981e66a80534a1ae7058c5141bad61cb087838e47"
"data\raw\res\HeLa\Hela_04_cell_008\Hela_04_cell_008_mask.tif","39294","211b04beb193160b56ecca970ed3d8bdc630528de21b86ebebff3877753476e9"
"data\raw\res\HeLa\Hela_04_cell_008\Hela_04_cell_008_nadh.tif","39294","1ddebf031af2030a2a4a9849cc3168965a3ce90636fa3343d4b58d9aa69cdac0"
"data\raw\res\HeLa\Hela_04_cell_008\Hela_04_cell_008_OCT.tif","117386","9c5b73f1821726dc6a86e85ed107516a80193868be0b7e14cde572645e165a07"
"data\raw\res\HeLa\Hela_04_cell_008\Hela_04_cell_008_protein.tif","39294","2df9aa4ebe074840af47523c4b0651b9e3b83dd4bb209acad12d4c63fe112ccd"
"data\raw\res\HeLa\Hela_04_cell_008\metadata.json","259","3a7f81096843f3d0696cf6193a6f5b5a00ac8e0a91bd2de484eead860fae27ce"
"data\raw\res\HeLa\Hela_05_cell_001\Hela_05_cell_001_fad.tif","19600","24e9a627283350fa682c65c7a8754883fa80c9932953a38a91c45f92a2cb1b20"
"data\raw\res\HeLa\Hela_05_cell_001\Hela_05_cell_001_lipid.tif","19600","29e92c2d4d7f82dc00992c8d8911ebf3307f9db098c72a047eb9efcc445ce873"
"data\raw\res\HeLa\Hela_05_cell_001\Hela_05_cell_001_mask.tif","19600","314d4a8fb398430a12a1317668b36b3bf4118252251dbfccffd1a13c1bcd52d7"
"data\raw\res\HeLa\Hela_05_cell_001\Hela_05_cell_001_nadh.tif","19600","ded36e6a323503213716b16b62ebfc3c25813edf8b5ae571ef718f842ff660aa"
"data\raw\res\HeLa\Hela_05_cell_001\Hela_05_cell_001_OCT.tif","58304","b8b417b2c7f6a92fcb50a16ff55cd87a2401d182ee7224b61ae8a74b14a760d7"
"data\raw\res\HeLa\Hela_05_cell_001\Hela_05_cell_001_protein.tif","19600","e30d0836e1f77d01a3156f9f183383dd2865d5f6c3d8441728f6e2e8c0577781"
"data\raw\res\HeLa\Hela_05_cell_001\metadata.json","259","0daa6f7281d34411520ac118846abc43a8b9f1b7f1e121ae11365fcda12892fd"
"data\raw\res\HeLa\Hela_05_cell_002\Hela_05_cell_002_fad.tif","28256","8bb2188887dc7d1041edcf301d4c799260b3611a3759de86c91fd6aa18f8fc26"
"data\raw\res\HeLa\Hela_05_cell_002\Hela_05_cell_002_lipid.tif","28256","a12d0fd1c492c0699ae30faf15aca0a5c58402247ca502120c7896c74f9ffee6"
"data\raw\res\HeLa\Hela_05_cell_002\Hela_05_cell_002_mask.tif","28256","e8b39460b0229b921ebe9d5bdeab015de1b309df94448aa9de0c165ec7b8662a"
"data\raw\res\HeLa\Hela_05_cell_002\Hela_05_cell_002_nadh.tif","28256","a789f3f9bec3eb4f40cc115a4e649793410e2d97e076c6b41b650b4949e00aab"
"data\raw\res\HeLa\Hela_05_cell_002\Hela_05_cell_002_OCT.tif","84272","e42f3a70a3db68319bd910b98538a1456a5033f9f225f0aa7b41c849c3f3e2a7"
"data\raw\res\HeLa\Hela_05_cell_002\Hela_05_cell_002_protein.tif","28256","c9c6e1f62c1f8803f6db3f98ffa03dc6cff475b0958887c32eb27301f4ca1169"
"data\raw\res\HeLa\Hela_05_cell_002\metadata.json","259","dd2f8de6aecc53deb5a2b164dffd7c5e2ae89a0e672aaecea7d78ea1b930e64b"
"data\raw\res\HeLa\Hela_05_cell_003\Hela_05_cell_003_fad.tif","24779","ebfe7ddb39f01be365f7d13ccb231b20c6bca79dcef8d7a2f8a6ff8f9222cca3"
"data\raw\res\HeLa\Hela_05_cell_003\Hela_05_cell_003_lipid.tif","24779","c50b6fbcabaf93a1dc79516c50f9e2cc461df4146e7237357b2e2f88d394fb0b"
"data\raw\res\HeLa\Hela_05_cell_003\Hela_05_cell_003_mask.tif","24779","cc43f47127f2089741593295558e4fcf1f047cd48cbb8b6dd17e933affa39eea"
"data\raw\res\HeLa\Hela_05_cell_003\Hela_05_cell_003_nadh.tif","24779","b6a64d6b0c98ff0512b677c092f3ae3455a9a7ba92bf0db559eb53ec2a4d754b"
"data\raw\res\HeLa\Hela_05_cell_003\Hela_05_cell_003_OCT.tif","73841","10df560ee71f5b1f67947d9c01bea107910d31cbf89a441fe5bbd8f53aa9b2a2"
"data\raw\res\HeLa\Hela_05_cell_003\Hela_05_cell_003_protein.tif","24779","2f36b91665ad1563eb9dfe3ffc5470d19ea2913a91bbc6f3ebd0908af4a661bc"
"data\raw\res\HeLa\Hela_05_cell_003\metadata.json","260","5456e21a0228069757f499ddc2a9ec5a45df0cccbe705c6b27fb91226a44445d"
"data\raw\res\HeLa\Hela_05_cell_004\Hela_05_cell_004_fad.tif","26832","735deeed5ddeaf455ba7f379dd2c192f5902fb382013057ac273669cb5dc388a"
"data\raw\res\HeLa\Hela_05_cell_004\Hela_05_cell_004_lipid.tif","26832","bd0bde7962fa961c867154262b96c11038db735a7b7c2cccf646633ba7775e17"
"data\raw\res\HeLa\Hela_05_cell_004\Hela_05_cell_004_mask.tif","26832","15b3471ba745304f910451aebee0faf44ec5b747cb33c15b37e3abd4b37ec6bf"
"data\raw\res\HeLa\Hela_05_cell_004\Hela_05_cell_004_nadh.tif","26832","2002b6210422e95a3d00ec719eae78628a36dfc417ebf7c1d2882f352eb2ea24"
"data\raw\res\HeLa\Hela_05_cell_004\Hela_05_cell_004_OCT.tif","80000","d07cef250249eaa0dff91bcc33e7785a82715e93e359625983e5dad954edd28a"
"data\raw\res\HeLa\Hela_05_cell_004\Hela_05_cell_004_protein.tif","26832","4b696e6625757575c64eb38b0e87f353a4a16bf06ab917e89a167cf77b5dff26"
"data\raw\res\HeLa\Hela_05_cell_004\metadata.json","260","39db1052c9635b7a32a9979f8c584b170a2528df842a343b9f5d0d1fc13b3814"
"data\raw\res\HeLa\Hela_05_cell_005\Hela_05_cell_005_fad.tif","21838","b3d34257639f0f310d6f37ad49f29d1ca5085f72ec32a139f6af23beeb05de5e"
"data\raw\res\HeLa\Hela_05_cell_005\Hela_05_cell_005_lipid.tif","21838","658a42923339eea967dbdd40970698346e965c529e0f1f0d2264cdd20e93fd62"
"data\raw\res\HeLa\Hela_05_cell_005\Hela_05_cell_005_mask.tif","21838","bc0d06531ad00c0221e37f2ef9a862e37590340b7912d54c232df2ce24d09f32"
"data\raw\res\HeLa\Hela_05_cell_005\Hela_05_cell_005_nadh.tif","21838","4676e640ff99af5f211371d6b1674ee34338ca862f173ca8da655bb0c1e9530f"
"data\raw\res\HeLa\Hela_05_cell_005\Hela_05_cell_005_OCT.tif","65018","0be064915d276d117437f31f14abb6211901a97a4ebc24c54e7231f7efe6b28a"
"data\raw\res\HeLa\Hela_05_cell_005\Hela_05_cell_005_protein.tif","21838","34671d53c2ddca3c990aa3a0b30939ac121b65a06006121f43b0a1de588daaff"
"data\raw\res\HeLa\Hela_05_cell_005\metadata.json","261","306f160e4d45ebc96cb32c36413012be5b721dc05be0d1c08fcb2093c9aa226f"
"data\raw\res\HeLa\Hela_05_cell_006\Hela_05_cell_006_fad.tif","27796","b53c4b4f322959cc2095404d4050d17bbcd5384dc2cfe8362aaca03c100ff1b1"
"data\raw\res\HeLa\Hela_05_cell_006\Hela_05_cell_006_lipid.tif","27796","bb787344c66e118e6d83238ec8c78196fffaeb74924a5c5b5ec694b45c6c132f"
"data\raw\res\HeLa\Hela_05_cell_006\Hela_05_cell_006_mask.tif","27796","b1a53f2c7bee9ee23f46a63efebe95d4e9c4422da7df6c5ab66fb162727bf911"
"data\raw\res\HeLa\Hela_05_cell_006\Hela_05_cell_006_nadh.tif","27796","e78f1e402cfc33e58e7f47c559d0c013e3f6b27a0f01c32dfda33296ad3b8a06"
"data\raw\res\HeLa\Hela_05_cell_006\Hela_05_cell_006_OCT.tif","82892","e0d080d69872bdc983e8bc23ca227659ea06cad47808c345f2eb6d767158855d"
"data\raw\res\HeLa\Hela_05_cell_006\Hela_05_cell_006_protein.tif","27796","2f47ca257feb5561719616064e5c19fd7b2215615258d9980b7bcd8dfdadaae1"
"data\raw\res\HeLa\Hela_05_cell_006\metadata.json","261","55702c29eaad574bb3b687be2cb01df5e7c0cd282818a6371611fdf0098b425b"
"data\raw\res\HeLa\Hela_05_cell_007\Hela_05_cell_007_fad.tif","13451","2b5fb0455008c792f5a767705cbf495b4b6c00c30bfd783b99c3ba8602ae70ba"
"data\raw\res\HeLa\Hela_05_cell_007\Hela_05_cell_007_lipid.tif","13451","e78d41ae4feb8ede369f0c3fa9526474d80481a7930a4d14b79cd71a6c151be4"
"data\raw\res\HeLa\Hela_05_cell_007\Hela_05_cell_007_mask.tif","13451","58963db6eb31c46b72b8c3e27bd23a2994a76b4a7b197aa1c7035a779670ae7d"
"data\raw\res\HeLa\Hela_05_cell_007\Hela_05_cell_007_nadh.tif","13451","dddcb6380ce5d6f35671b58f299bd5d12ccec76d6a7f6b487a0e625e178495ba"
"data\raw\res\HeLa\Hela_05_cell_007\Hela_05_cell_007_OCT.tif","39857","2b4859b55ff0da442a58a20a36037bdf085c90c7f320219cc94260afc4508566"
"data\raw\res\HeLa\Hela_05_cell_007\Hela_05_cell_007_protein.tif","13451","d1e19adf046b98a0ae44f93f5ef667d4a87b6121628db4c475d6f7da7953ff2b"
"data\raw\res\HeLa\Hela_05_cell_007\metadata.json","261","d15a8a2ce92f3703bdc59cafb972b4a425d23823c2ef8736e7676e6c3c64fbf4"
"data\raw\res\HeLa\Hela_05_cell_008\Hela_05_cell_008_fad.tif","28606","58804b97bd090b935acfbdf72f9bd359f06264cd1fc3b51e5c96c04efacd1df6"
"data\raw\res\HeLa\Hela_05_cell_008\Hela_05_cell_008_lipid.tif","28606","0f79d8a67f416d06df7feb78de4488425e2b7c0e8529dd2d4acb0bcd8c79bb5d"
"data\raw\res\HeLa\Hela_05_cell_008\Hela_05_cell_008_mask.tif","28606","452de9e71061a3d62e1f7edb2131f3445de882128e23644130dd2135d16dcdff"
"data\raw\res\HeLa\Hela_05_cell_008\Hela_05_cell_008_nadh.tif","28606","5fd42267fdc6095dda660f6abfa5b2536846c5c41c51caa462dc83fbcdc1a14a"
"data\raw\res\HeLa\Hela_05_cell_008\Hela_05_cell_008_OCT.tif","85322","147b6897abdd4f6124459ff30d2e2b45acd227ea7f4370c6dd5d3d9eb027ac46"
"data\raw\res\HeLa\Hela_05_cell_008\Hela_05_cell_008_protein.tif","28606","0866fe3c77f646c709363ad2cfb6c9c22ebbdb7f16f8e8828c3bc4e0ac1afe74"
"data\raw\res\HeLa\Hela_05_cell_008\metadata.json","261","e25a2f4ad62adfea4b838648635b4b303db619c3f603e246767c2934d8ba9f04"
"data\raw\res\HeLa\Hela_05_cell_009\Hela_05_cell_009_fad.tif","25428","a3f90d70baf2e1e29d15101870ebb68c819ae654faee188d3ce677d7ea7c54b7"
"data\raw\res\HeLa\Hela_05_cell_009\Hela_05_cell_009_lipid.tif","25428","2a5f928bfeb6eebcec8bb89150767d1e0b8d49b2549fdad4c9d8c7b617c14f64"
"data\raw\res\HeLa\Hela_05_cell_009\Hela_05_cell_009_mask.tif","25428","cfeafff689fb0e640e0b039707f4bd44fdeef75eb90f18527b40de58c7571709"
"data\raw\res\HeLa\Hela_05_cell_009\Hela_05_cell_009_nadh.tif","25428","9fcea2b5fa6ab2367788615dbd08f5dacd2cd8f23062093bd4e44c0412e9b4b1"
"data\raw\res\HeLa\Hela_05_cell_009\Hela_05_cell_009_OCT.tif","75788","fecfbee139816877a62e1110dc254d9ab7d21ef1bb10c8dd0c2c3de8dbefa4c8"
"data\raw\res\HeLa\Hela_05_cell_009\Hela_05_cell_009_protein.tif","25428","5d8889b387379ba0d3555c2b310be315cdc7942376308cca2db98ea2f0138ab1"
"data\raw\res\HeLa\Hela_05_cell_009\metadata.json","260","f0496ec1cfb1f6eea34f16fa2c3692fc38c52675103bd88d32116b53256e5547"
"data\raw\res\HeLa\Hela_05_cell_010\Hela_05_cell_010_fad.tif","28526","9fcd4eae6a8732e254ea73d874c535f4d746dace2e218578ddf6f5f37556138b"
"data\raw\res\HeLa\Hela_05_cell_010\Hela_05_cell_010_lipid.tif","28526","0c06ea568077cdb69ec1029550fd977665e7ad1c576e2312a0cfb0032725664a"
"data\raw\res\HeLa\Hela_05_cell_010\Hela_05_cell_010_mask.tif","28526","a4fef6b4a9a4855e2afd86abff75f4bff919237eee80f54ebbc7aa9033c23e99"
"data\raw\res\HeLa\Hela_05_cell_010\Hela_05_cell_010_nadh.tif","28526","ab12625833c3ac8f7beca92e109e24cd396becc602a0ce8c6348c880a1f60e28"
"data\raw\res\HeLa\Hela_05_cell_010\Hela_05_cell_010_OCT.tif","85082","aec73beb94f20e927b3d98fd447636331bc243fb0161395f51659c16d70317a9"
"data\raw\res\HeLa\Hela_05_cell_010\Hela_05_cell_010_protein.tif","28526","2cff51a11f476cc20a6b45d5e72d9cdaca21c38573dfe81b235e6c37e71b7c83"
"data\raw\res\HeLa\Hela_05_cell_010\metadata.json","262","d9ff7ece9acfeec86b258c5138e05e23c6e5e5cdce8c621053481592a2a8485a"
"data\raw\res\HeLa\Hela_05_cell_011\Hela_05_cell_011_fad.tif","10035","a5caef8a16a70ea56d2f4410febd61d1f3f9cb03abc94ba96013f3dd86386ab5"
"data\raw\res\HeLa\Hela_05_cell_011\Hela_05_cell_011_lipid.tif","10035","f974985ec6dd60a6d1d4afd30f43be8926971c7125a41a6a8e64715f29bd33f4"
"data\raw\res\HeLa\Hela_05_cell_011\Hela_05_cell_011_mask.tif","10035","4a84d7d10416ebb36d7b3141ca055fa18d4f11e0e01554f138a0c54ffc755d97"
"data\raw\res\HeLa\Hela_05_cell_011\Hela_05_cell_011_nadh.tif","10035","d426437174e025759a8ac366bb379fddf2e54f29894eca8da3e70aa2acbfed9d"
"data\raw\res\HeLa\Hela_05_cell_011\Hela_05_cell_011_OCT.tif","29609","47edbb4cb79c0fc18f345a78a3d9611d94c297962575626d0222b69a74298bb9"
"data\raw\res\HeLa\Hela_05_cell_011\Hela_05_cell_011_protein.tif","10035","773812c74051cc643c0036b251548a2ae3ca1127c456d59d9d509d2a6d041dc7"
"data\raw\res\HeLa\Hela_05_cell_011\metadata.json","262","e386da98a8b8023b1d5280bb85f8d4f44823df42b2e93cae0ad455f8cc51b75e"
"data\raw\res\HeLa\Hela_06_cell_001\Hela_06_cell_001_fad.tif","17082","616378fb13714f7376fd8a9b50d782a8b095b0d85feee2d4b12ea502af2df88e"
"data\raw\res\HeLa\Hela_06_cell_001\Hela_06_cell_001_lipid.tif","17082","ce5addd49dc34d3dd35e7e40171139ff495242f228c70a07c60bacdd7fca5dcf"
"data\raw\res\HeLa\Hela_06_cell_001\Hela_06_cell_001_mask.tif","17082","b4bd51406add0f5daf2a088183bab0164352d777ffe7ed3eabd22507da25ff47"
"data\raw\res\HeLa\Hela_06_cell_001\Hela_06_cell_001_nadh.tif","17082","91482a8b0e0c1cc118dba49ee354d7210c6f3750671d00fa731534b5ad427f93"
"data\raw\res\HeLa\Hela_06_cell_001\Hela_06_cell_001_OCT.tif","50750","ec8d2b2472bcaae8729b36ed592048f5732e969ff72672afd1d52d38c8c7a954"
"data\raw\res\HeLa\Hela_06_cell_001\Hela_06_cell_001_protein.tif","17082","c49e627a55bc39f80f2668f911e8c50a05393d862c4561822d4fca68d84a89a0"
"data\raw\res\HeLa\Hela_06_cell_001\metadata.json","257","336a73d11a62be39cd988f1e9873f0ec8e666a821e88893974de8db444ab43d7"
"data\raw\res\HeLa\Hela_06_cell_002\Hela_06_cell_002_fad.tif","34456","09b3403b79a6251a28be5091ba45ad380802c892c8016b029f8fa75925327631"
"data\raw\res\HeLa\Hela_06_cell_002\Hela_06_cell_002_lipid.tif","34456","f6d1ca89bd3b56d4f099ecb98491658d21fd5bc2074b4b7fbdfe09ee36face38"
"data\raw\res\HeLa\Hela_06_cell_002\Hela_06_cell_002_mask.tif","34456","0e2673d9ffe97ab44f5b9fb6224d5b129c58a2c1c63926e5c24962b895604468"
"data\raw\res\HeLa\Hela_06_cell_002\Hela_06_cell_002_nadh.tif","34456","e991729e6fef890253c3b0bcd47323ed35000ecb6a92b7e43523df1790eab679"
"data\raw\res\HeLa\Hela_06_cell_002\Hela_06_cell_002_OCT.tif","102872","72bd12e2570b3c0eb32fcdf86f382a720e49f5d8a38b3a634860777eaa522cd6"
"data\raw\res\HeLa\Hela_06_cell_002\Hela_06_cell_002_protein.tif","34456","d9bc7ed56b994ef4a21c3bc60b351c24b75576016fafc25ea3bb517ee90299f5"
"data\raw\res\HeLa\Hela_06_cell_002\metadata.json","260","8f8010d18dffb5faef73623278a5e7d686e8193c99c78cb0a9138f772d59bf10"
"data\raw\res\HeLa\Hela_06_cell_003\Hela_06_cell_003_fad.tif","14776","4dcbc864e92959b5b3fb26a9bb07bc73f9bd40d056a66c18bbc1aa4d012ef6ef"
"data\raw\res\HeLa\Hela_06_cell_003\Hela_06_cell_003_lipid.tif","14776","90cfbc9235b37f54f0e7873e837caaa1f03b8b51ea1df866f4b4a17def502f12"
"data\raw\res\HeLa\Hela_06_cell_003\Hela_06_cell_003_mask.tif","14776","b54a5c1f5db3b0b644eec3fb6d4a6e3ea47e88cea1cbb5183c20119590a5361f"
"data\raw\res\HeLa\Hela_06_cell_003\Hela_06_cell_003_nadh.tif","14776","de9d3be5640f7afe3f3a0d64e2d652918617544665858f6f7272cbd62adfea1a"
"data\raw\res\HeLa\Hela_06_cell_003\Hela_06_cell_003_OCT.tif","43832","94febcb7fe34fca9739d74f66ed3573d8cc47cdddaa4adcc3e8ff2f0b76a2262"
"data\raw\res\HeLa\Hela_06_cell_003\Hela_06_cell_003_protein.tif","14776","140fedde96df3c0d260bd4efc438f188f0742fdbd52048bb9c030fd0df5373ea"
"data\raw\res\HeLa\Hela_06_cell_003\metadata.json","260","e85339993960621c3251b4024aef6dabc164528ebf89c4b292c433dcdf3a1cb0"
"data\raw\res\HeLa\Hela_06_cell_004\Hela_06_cell_004_fad.tif","33408","a226612500b3fd74a872f157ff7cf17a6dc5da7165d9d3d130d5676816cdc2df"
"data\raw\res\HeLa\Hela_06_cell_004\Hela_06_cell_004_lipid.tif","33408","5c9fefd2e03201e6bc886aa2884f517557bab3abe3edd6b3b0948b9364daaf9d"
"data\raw\res\HeLa\Hela_06_cell_004\Hela_06_cell_004_mask.tif","33408","e8330ae2c5456263a95fad33e34d60b25c2132e8ebccba26008cc36496049d42"
"data\raw\res\HeLa\Hela_06_cell_004\Hela_06_cell_004_nadh.tif","33408","0b28f857f6d83796e434c08d05a85fe1ccd7543ad1c5c80df2f7719b177903b6"
"data\raw\res\HeLa\Hela_06_cell_004\Hela_06_cell_004_OCT.tif","99728","8089255290e3b707722ecd42ac28c7c5eaae2eb1a9bab618f84d0ac29468fe33"
"data\raw\res\HeLa\Hela_06_cell_004\Hela_06_cell_004_protein.tif","33408","074d84ada5c6de4febfeee56dfd5db82bcf66fe83dc5f71f8dd9460b89b29783"
"data\raw\res\HeLa\Hela_06_cell_004\metadata.json","261","35a4750e0cd811d47445f2d4c283f1272a40d147093d569cdf9026625047c071"
"data\raw\res\HeLa\Hela_06_cell_005\Hela_06_cell_005_fad.tif","27489","a2c3cc8aba36bdd622faa7fd87e7b450b0510fb69335cfb90cecfb785d669b03"
"data\raw\res\HeLa\Hela_06_cell_005\Hela_06_cell_005_lipid.tif","27489","1d4b63c59d2731cf56aec24012a63dc74f72a2ad49ac0f81e678cf0254c05790"
"data\raw\res\HeLa\Hela_06_cell_005\Hela_06_cell_005_mask.tif","27489","d93c4d7c33389dcf5c7b2dafcf3583735ae27c0ea6b7269b8e6f9b7045c66124"
"data\raw\res\HeLa\Hela_06_cell_005\Hela_06_cell_005_nadh.tif","27489","cb26a9eed80424d23585a8b5f4d3f71d48747604e00f9e7c2dcf639f57948113"
"data\raw\res\HeLa\Hela_06_cell_005\Hela_06_cell_005_OCT.tif","81971","edf0d3a7c6fb441a6db58c135787e19cf809ee7c0c71506e240de315a634e040"
"data\raw\res\HeLa\Hela_06_cell_005\Hela_06_cell_005_protein.tif","27489","801d993159169120e82ecb3b576fa9250599e6b11fa02696c80374bb92f2a072"
"data\raw\res\HeLa\Hela_06_cell_005\metadata.json","261","c40bff29ebd80e2214d48551c5b7e483a818c517db8a957df2a04973e6f7ce7d"
"data\raw\res\HeLa\Hela_06_cell_006\Hela_06_cell_006_fad.tif","26077","42f68b10566a9b30dc2f2bc8cd85b9bbaedc9e15dc553d65ce04e17a24349546"
"data\raw\res\HeLa\Hela_06_cell_006\Hela_06_cell_006_lipid.tif","26077","013e440132ebbd29dd29e166d269c4354d48c5403049bd8aad7573452da2c8c3"
"data\raw\res\HeLa\Hela_06_cell_006\Hela_06_cell_006_mask.tif","26077","95278baf61835b3d0d530eeb880cc69ff827b98dddca19ee7bfeb106c985511c"
"data\raw\res\HeLa\Hela_06_cell_006\Hela_06_cell_006_nadh.tif","26077","3906837959b616c2a6b16ecdc56abd2370436be12fff38933c0e01a2f3ed4fbd"
"data\raw\res\HeLa\Hela_06_cell_006\Hela_06_cell_006_OCT.tif","77735","3e70e68cd17dc70489dc1116a2fb85a17dd192eef80be048614eeb958585fda1"
"data\raw\res\HeLa\Hela_06_cell_006\Hela_06_cell_006_protein.tif","26077","06a2cacf31d94b1aaa35b7fa4e0dff97d89e3539489da5529c8fa1430731de33"
"data\raw\res\HeLa\Hela_06_cell_006\metadata.json","261","211d60af15494804b9c0a51f69db4c04df1b8652745e88af353804a544e97bda"
"data\raw\res\HeLa\Hela_06_cell_007\Hela_06_cell_007_fad.tif","19381","2a130838b81392eafb3a60b3880133967c54cb6cc0ab956d137ad28f8218502c"
"data\raw\res\HeLa\Hela_06_cell_007\Hela_06_cell_007_lipid.tif","19381","bbea6a6dd9ee1c40acd416249f8dc952dafbe3483190d3e3debce11fc4b2331e"
"data\raw\res\HeLa\Hela_06_cell_007\Hela_06_cell_007_mask.tif","19381","a4bea0cfca4a77b76c3a7fd7abd23b93b2ef4d7071414f01713b354d163fd220"
"data\raw\res\HeLa\Hela_06_cell_007\Hela_06_cell_007_nadh.tif","19381","30a3eba7ed7fbe8cde88c58fe28b3a6d1d06376484bf369e3675e25000ac1314"
"data\raw\res\HeLa\Hela_06_cell_007\Hela_06_cell_007_OCT.tif","57647","b07b6e85c2c9f4f958430b086c5cdd8be638cfebc08720dc17d1c8b9ed891a20"
"data\raw\res\HeLa\Hela_06_cell_007\Hela_06_cell_007_protein.tif","19381","c3340fd7af20e06999783b6c55b36d274f4bde82e84fd371077eb7a4526b5bd6"
"data\raw\res\HeLa\Hela_06_cell_007\metadata.json","260","3a42f8bc24dee19ca84f09a39ddea302848539dd9a20cc83ae9c88d9be5c8045"
"data\raw\res\HeLa\Hela_06_cell_008\Hela_06_cell_008_fad.tif","20419","f8ad87edc655da1d6d40e7bbc72939597c0c3d41e7d47ab65a854b8fbda2c459"
"data\raw\res\HeLa\Hela_06_cell_008\Hela_06_cell_008_lipid.tif","20419","bd2a808497ffaf53351868f7b8d5abf0ca4a23290aaacca88a31f2f06b5ba000"
"data\raw\res\HeLa\Hela_06_cell_008\Hela_06_cell_008_mask.tif","20419","660bb4b055dbb1407f4463dd200f0afe5bcbc5ff778d50bfa578fc313231b470"
"data\raw\res\HeLa\Hela_06_cell_008\Hela_06_cell_008_nadh.tif","20419","b29f1c16e7c397e80508712cee0338814d4236057fe6b69ec4f2934c9636aab3"
"data\raw\res\HeLa\Hela_06_cell_008\Hela_06_cell_008_OCT.tif","60761","c5d137f9c84cb03c83923a1233c6f62ef18d45188ed588d7a72cdd80d281b0fe"
"data\raw\res\HeLa\Hela_06_cell_008\Hela_06_cell_008_protein.tif","20419","66fa5f9aebc6e7073f878bb634b05ca9d1c6915de8d1380fb174f7be71fc9a0f"
"data\raw\res\HeLa\Hela_06_cell_008\metadata.json","261","525090fe8448ae485895f54c2d047206fb01e6bd797aaa52a3928255095a2a84"
"data\raw\res\HeLa\Hela_06_cell_009\Hela_06_cell_009_fad.tif","11848","3e9029377b2d49256362d7067c75f1af76514051e715ba9a919481f4d94a36f9"
"data\raw\res\HeLa\Hela_06_cell_009\Hela_06_cell_009_lipid.tif","11848","15e2b8f4c72b15b0776aa653c41cb473f2ad3925657e28e10bd1b4fbf1ed4af6"
"data\raw\res\HeLa\Hela_06_cell_009\Hela_06_cell_009_mask.tif","11848","15868e193025bb83c55a494d8aabb8fb0c1a420fac3e222ef5e7744cf9faf96c"
"data\raw\res\HeLa\Hela_06_cell_009\Hela_06_cell_009_nadh.tif","11848","ae075f5554409643b25f80e285b43c8919e50da0a22fa7f788b25a4771bfecc7"
"data\raw\res\HeLa\Hela_06_cell_009\Hela_06_cell_009_OCT.tif","35048","372a5820c395495fe589cc21b7d201edaa7221a571808dacf0b53be970c5c340"
"data\raw\res\HeLa\Hela_06_cell_009\Hela_06_cell_009_protein.tif","11848","bc7fec5a312b2e362d2ade301c02b309ebfd02c227900b9cb75e7bc660141229"
"data\raw\res\HeLa\Hela_06_cell_009\metadata.json","261","9232204d764d50e81e9d0d80c9d1aa8535f1c90ef428ed5ed807539bf827bb5d"
"data\raw\res\HeLa\Hela_06_cell_010\Hela_06_cell_010_fad.tif","12397","f445572e7892e1debfea661e219c9758c77b3070add1a48146c5832a5e330039"
"data\raw\res\HeLa\Hela_06_cell_010\Hela_06_cell_010_lipid.tif","12397","ee28111893795d04d57dec7ec4b8d8f06cf184bc341fc3ac84a194e565daf584"
"data\raw\res\HeLa\Hela_06_cell_010\Hela_06_cell_010_mask.tif","12397","a482486bc0055c681abd4a7d27a345178267990a94c98b28d65eaaf7be3a8256"
"data\raw\res\HeLa\Hela_06_cell_010\Hela_06_cell_010_nadh.tif","12397","3c70313c4675485a71146d371a7cc527de9c4a67f5ac4a2fc3039fc2d895c91d"
"data\raw\res\HeLa\Hela_06_cell_010\Hela_06_cell_010_OCT.tif","36695","53bfc352e60b574a4223170beddc6f44f0577aac5ae590034e501df1af84730d"
"data\raw\res\HeLa\Hela_06_cell_010\Hela_06_cell_010_protein.tif","12397","ebc9af6f7aaac4a30832f272ce1c2dddc5d66987ba64e2a1d310f6f98fafeebd"
"data\raw\res\HeLa\Hela_06_cell_010\metadata.json","262","44cf4bf051a1c37d683b79ba89202dbaf30105636e0735b6a8826b1f420c094c"
"data\raw\res\HeLa\Hela_07_cell_001\Hela_07_cell_001_fad.tif","16844","63628802445cea34f349e0004eacc54cc22c6c83e58283113959dd59ec42a810"
"data\raw\res\HeLa\Hela_07_cell_001\Hela_07_cell_001_lipid.tif","16844","f4334e620798e76f1254aee881f119228656b733f3b5cd01acb0a0a0d415ee3f"
"data\raw\res\HeLa\Hela_07_cell_001\Hela_07_cell_001_mask.tif","16844","6cb3f368a7ef30da4da4d87952c1da972518a0ae86f338ab1cfa56e2598d1e45"
"data\raw\res\HeLa\Hela_07_cell_001\Hela_07_cell_001_nadh.tif","16844","4a291c3259c7c9aa0e454c36f0dee4ba90c1f8ae43a559a3b807d94d7dfee118"
"data\raw\res\HeLa\Hela_07_cell_001\Hela_07_cell_001_OCT.tif","50036","7d097751a9f2cd400c009f31ea026f19d7dc54643a3ec574ba1b334ca6065837"
"data\raw\res\HeLa\Hela_07_cell_001\Hela_07_cell_001_protein.tif","16844","d2a5f827c6f7d6082e9bb83b1c03593e9fd228bd53dd515970b260efe876ca68"
"data\raw\res\HeLa\Hela_07_cell_001\metadata.json","257","664ccd84ec41381ede20e505f312c4503259b190eb4a2f948eff6028b20850d2"
"data\raw\res\HeLa\Hela_07_cell_002\Hela_07_cell_002_fad.tif","31488","1847adf7abf0810f22a15483bb47a463d8471cb49470cdb57bf633f0dfd8cf96"
"data\raw\res\HeLa\Hela_07_cell_002\Hela_07_cell_002_lipid.tif","31488","4f80bf1927a8a2af781d16164297a50a810f8e46f809387b161199f1816422dc"
"data\raw\res\HeLa\Hela_07_cell_002\Hela_07_cell_002_mask.tif","31488","bf1c55a673869f7bd972268b70c2a5c7bdab7d2b5a9a7f0a9205b7708b404116"
"data\raw\res\HeLa\Hela_07_cell_002\Hela_07_cell_002_nadh.tif","31488","e7afd2fc3a148da3741a3f5927a8fcfd645e5c23110e8b418d7e85f2a28abdda"
"data\raw\res\HeLa\Hela_07_cell_002\Hela_07_cell_002_OCT.tif","93968","549eb287034baffdcfae3d0ec3150c8ee4b2860639a680b9cf2d68c149fb27aa"
"data\raw\res\HeLa\Hela_07_cell_002\Hela_07_cell_002_protein.tif","31488","88d072082080e5d6544366c751af3c013a96c6529b6fc15d5a0dd2ea865a3077"
"data\raw\res\HeLa\Hela_07_cell_002\metadata.json","259","7eb0951767877d5995ef5d59d6678ef68f34251d833dac9fd7fafeb9dd40006d"
"data\raw\res\HeLa\Hela_07_cell_003\Hela_07_cell_003_fad.tif","42976","542e81a2edbc93a9da2811f76f5ce64ccb31fe45d25b7d40cb2dbbe90367bd43"
"data\raw\res\HeLa\Hela_07_cell_003\Hela_07_cell_003_lipid.tif","42976","9b209bf5b23fe2df50f778f8467d93dfba3bc4c30942ade89f682317f1208bc1"
"data\raw\res\HeLa\Hela_07_cell_003\Hela_07_cell_003_mask.tif","42976","5601e4af7f8ac2b3af5134828f49135c5b54d77818dc46f3ad74efa4b562c0e6"
"data\raw\res\HeLa\Hela_07_cell_003\Hela_07_cell_003_nadh.tif","42976","f5e6d560634d96a77cdde17d1b6e872826ddb405b63b2244a3e250d1553784d1"
"data\raw\res\HeLa\Hela_07_cell_003\Hela_07_cell_003_OCT.tif","128432","4e487cb2ac2f82d9caae78c142a8c878d532010066c0dd39161316dd6feb2983"
"data\raw\res\HeLa\Hela_07_cell_003\Hela_07_cell_003_protein.tif","42976","cd57c4e57e4ee9dbacfc7f1dcd14a80b88637a5405b1cb419b7ef02cd13e26e1"
"data\raw\res\HeLa\Hela_07_cell_003\metadata.json","260","c0829c2b4abfeaccfff030b79a9b556fa1339cf732b4b4ea2185cb3c15be1ec9"
"data\raw\res\HeLa\Hela_07_cell_004\Hela_07_cell_004_fad.tif","34803","cd327d023c52aa54cd0b5b644cb2434e1471a2df24b952a3e62037d0e25197dc"
"data\raw\res\HeLa\Hela_07_cell_004\Hela_07_cell_004_lipid.tif","34803","bb32b4ca3488eb6dc1820505f869ff029198205a365140bc687a20886af498ba"
"data\raw\res\HeLa\Hela_07_cell_004\Hela_07_cell_004_mask.tif","34803","227512f863a9bfa786108828fa8b8523796b5f1f1e5f0ea418de9bdbab304023"
"data\raw\res\HeLa\Hela_07_cell_004\Hela_07_cell_004_nadh.tif","34803","e0ac0f995deb5d59ad30338424ef293997a20b6f8a7199fdde623da2afee56d9"
"data\raw\res\HeLa\Hela_07_cell_004\Hela_07_cell_004_OCT.tif","103913","573fa18b91abce3507c5fe335d4db5891524a38c08f7b790dd7f4f6f3536d593"
"data\raw\res\HeLa\Hela_07_cell_004\Hela_07_cell_004_protein.tif","34803","a227550d9132bcdd81a9dbbd412914453840eac0d8fa68b81028481eb37ee97a"
"data\raw\res\HeLa\Hela_07_cell_004\metadata.json","261","eaaefb28294ee8a31e55fd975088990bff149b9c780654703739339b848873c1"
"data\raw\res\HeLa\Hela_07_cell_005\Hela_07_cell_005_fad.tif","33290","a67219529e10107cae08bf27344a87f99e0d0ebfe7dc5b3bef4066b5a529a351"
"data\raw\res\HeLa\Hela_07_cell_005\Hela_07_cell_005_lipid.tif","33290","de0084b0f4b9dca3b490aa1508322a1c75f643af7582286186fecf51a0a47634"
"data\raw\res\HeLa\Hela_07_cell_005\Hela_07_cell_005_mask.tif","33290","6b29cbaa07eedb898bfcc85882ee170fa904d9591604ee75f2742d35cd8131fe"
"data\raw\res\HeLa\Hela_07_cell_005\Hela_07_cell_005_nadh.tif","33290","426e3982e945fa33e503c95fce6023ee7e8a6f369e668cc53fa60722a86bb480"
"data\raw\res\HeLa\Hela_07_cell_005\Hela_07_cell_005_OCT.tif","99374","ee4fdd94d849b0872b5e8e880491e509013b8fe86ac6484437aa70de3db4cb0d"
"data\raw\res\HeLa\Hela_07_cell_005\Hela_07_cell_005_protein.tif","33290","f8f7788e9b5aaaba6af00f1c0d7eaae84a8816a1840fd2bc42aa48226a2817e7"
"data\raw\res\HeLa\Hela_07_cell_005\metadata.json","259","5168237f2c1bd13e5219975c047b4200c16ab48a884bf65e66321d0de35b4c64"
"data\raw\res\HeLa\Hela_07_cell_006\Hela_07_cell_006_fad.tif","30400","0f024b2e63011c359eed25634df0ab365a436cac6eb9a3dbb3726a4fe74f38d8"
"data\raw\res\HeLa\Hela_07_cell_006\Hela_07_cell_006_lipid.tif","30400","2a17c30d2ca386fd03a180cd86266a0e45fcebd47241fba028ee004ab4fe9ca6"
"data\raw\res\HeLa\Hela_07_cell_006\Hela_07_cell_006_mask.tif","30400","01fcba4379162c04a241265621162766c2a79dff93803a86036ec7c5007ba6fe"
"data\raw\res\HeLa\Hela_07_cell_006\Hela_07_cell_006_nadh.tif","30400","86f998bd1210a0daf93904dd598f2593f0515d8467b43acbb919d7b140222fc4"
"data\raw\res\HeLa\Hela_07_cell_006\Hela_07_cell_006_OCT.tif","90704","49a1911422cf723b44c31f9b862d5938febec404f2f97757403cf9116ff16f8c"
"data\raw\res\HeLa\Hela_07_cell_006\Hela_07_cell_006_protein.tif","30400","98955006b4acde80db77ca85201f9f2c0377f65e5c652e182c7bc4f04d356ec9"
"data\raw\res\HeLa\Hela_07_cell_006\metadata.json","261","6760800c60943d51c3befc3b5ea99a10db4a94c6f559b04836524b628598e839"
"data\raw\res\HeLa\Hela_07_cell_007\Hela_07_cell_007_fad.tif","29296","ae0b1f0a6c522899df3f813d9f2f5ce148263d3b6687ae745db502e1aa112558"
"data\raw\res\HeLa\Hela_07_cell_007\Hela_07_cell_007_lipid.tif","29296","92401807cd0d1230fecdcea728881e4ae283618e21c6a811e35bcb7239d07d23"
"data\raw\res\HeLa\Hela_07_cell_007\Hela_07_cell_007_mask.tif","29296","e9cf4f3a648a4a686e9b5bfe5e0eed4994277ff8c5390d7ef4fc579b43176b51"
"data\raw\res\HeLa\Hela_07_cell_007\Hela_07_cell_007_nadh.tif","29296","400b3926d8599534fc014858ffec36807027c3cf22c0a704901d36a990fee307"
"data\raw\res\HeLa\Hela_07_cell_007\Hela_07_cell_007_OCT.tif","87392","5500f473bc46c47f6675b944820a9d492fb3eb7654dbf8f38fd208b12afb35c2"
"data\raw\res\HeLa\Hela_07_cell_007\Hela_07_cell_007_protein.tif","29296","41f60e6445b1524ca7fb0bdabf67d8ab0a11e2964467416384e4604909d446df"
"data\raw\res\HeLa\Hela_07_cell_007\metadata.json","261","fc2c3ae8a5cf340a88236cbe24b053bc1ab71d151deb7b0d26c09a387f0e84dc"
"data\raw\res\HeLa\Hela_07_cell_008\Hela_07_cell_008_fad.tif","36546","133e76f3d97d60e6b045571693e2d0ca191b7b58ced53931160252fef866e069"
"data\raw\res\HeLa\Hela_07_cell_008\Hela_07_cell_008_lipid.tif","36546","e46faaf725b049035495805678f7c61ff140e33e0de3a93cdd2f7a9f1c59f7b2"
"data\raw\res\HeLa\Hela_07_cell_008\Hela_07_cell_008_mask.tif","36546","735c5c6fcd4b84e236ea2ff8ac356477c1cf68764337bb24c3ad6bf2fc6dff01"
"data\raw\res\HeLa\Hela_07_cell_008\Hela_07_cell_008_nadh.tif","36546","ddde1a08f7371f520b56a85469aac8419c351cfba1ecc89b33f259d1e008ac61"
"data\raw\res\HeLa\Hela_07_cell_008\Hela_07_cell_008_OCT.tif","109142","d22cca46553c95db03a3aef8ef594f8d1a9e538e89c027ee01124c3b227af321"
"data\raw\res\HeLa\Hela_07_cell_008\Hela_07_cell_008_protein.tif","36546","04994cc0feba66093904fe248f5561f855b871f1e970400850790829cc2399b7"
"data\raw\res\HeLa\Hela_07_cell_008\metadata.json","261","f68f36e00c5c6401441ff8e4ace80b58c38a1fd7367d590b618a9c716cb8f600"
"data\raw\res\HeLa\Hela_08_cell_001\Hela_08_cell_001_fad.tif","70942","b5c96c70ad60ab29d1c055fee51bb4359629114295a2df6eca4d7e015c71242d"
"data\raw\res\HeLa\Hela_08_cell_001\Hela_08_cell_001_lipid.tif","70942","d17c4b5451aafbdcbf7bbfc925a22d3265ef712e2ec753f724358e70b3d23a6d"
"data\raw\res\HeLa\Hela_08_cell_001\Hela_08_cell_001_mask.tif","70942","9dbc47a2f805413d56df6a347e33b9b5cf2c9e5c0c7b20d6c294facb125d96c6"
"data\raw\res\HeLa\Hela_08_cell_001\Hela_08_cell_001_nadh.tif","70942","4d1ad2c34c2443257f30a56648fc7b751ea525c0fbce07bd68fea6796572f76f"
"data\raw\res\HeLa\Hela_08_cell_001\Hela_08_cell_001_OCT.tif","212330","4d0eaf0ffb78e2d243299385ed8495a22d66e470277c833704e446fc425f867b"
"data\raw\res\HeLa\Hela_08_cell_001\Hela_08_cell_001_protein.tif","70942","d8c3e0a9ceb7d9763762afc768fc4a863c36d30fd152c2cf1140749ffad830f7"
"data\raw\res\HeLa\Hela_08_cell_001\metadata.json","259","f3d3503ff92039a584ac412705227f66cc84feae8f9b60b05c4bb4ed6ba9af2a"
"data\raw\res\HeLa\Hela_08_cell_002\Hela_08_cell_002_fad.tif","25366","15b4a201372e400fcea8e2944264d11e41b1d6efaf6126cb930b8faa59985729"
"data\raw\res\HeLa\Hela_08_cell_002\Hela_08_cell_002_lipid.tif","25366","fda6ef8fa9970e08e1b264ff5988c31db77c9c068b935812960dd4568ef685aa"
"data\raw\res\HeLa\Hela_08_cell_002\Hela_08_cell_002_mask.tif","25366","2d5eb11493546854af01a1029bd21193ee0d68c36015672720d5bd6de17e0b63"
"data\raw\res\HeLa\Hela_08_cell_002\Hela_08_cell_002_nadh.tif","25366","a10d159d3625742d073d0c82b26e018d2a19726eab5323775ce0d70a7a1ea830"
"data\raw\res\HeLa\Hela_08_cell_002\Hela_08_cell_002_OCT.tif","75602","49904fb8857a7ec318cbeac6e0c1d1b6d02edd5eb3e3ed56a8884c8e7728c68e"
"data\raw\res\HeLa\Hela_08_cell_002\Hela_08_cell_002_protein.tif","25366","7538a20bb44576de9f4d0c66bea46e2d3452a37241d857440fc8db5d05bb2b70"
"data\raw\res\HeLa\Hela_08_cell_002\metadata.json","260","f355ff10b73ad7ef4db0785c51ffdb7b2615cb1c1ecdeec59614f7ede86c8964"
"data\raw\res\HeLa\Hela_08_cell_003\Hela_08_cell_003_fad.tif","38846","7287135bec26da1c1493abfd0e12ab921f8882b15cd1bb7a59160b2c00b90ed4"
"data\raw\res\HeLa\Hela_08_cell_003\Hela_08_cell_003_lipid.tif","38846","144ff8f99d9bf0f4bebe0633bf5b1295ebc2eb70b12cdaa632f6969c5aa99fbf"
"data\raw\res\HeLa\Hela_08_cell_003\Hela_08_cell_003_mask.tif","38846","c1ef4074117c8c84666929331d7d4fb6d7f6b585a08d65e3db7cee9256093281"
"data\raw\res\HeLa\Hela_08_cell_003\Hela_08_cell_003_nadh.tif","38846","1b1bd295e22d7942d914384521cd17fe5fda0f222bca3f3ff2ce30c7b530757d"
"data\raw\res\HeLa\Hela_08_cell_003\Hela_08_cell_003_OCT.tif","116042","7263035eaab050557a87f8648ba43c5799936527159ec590170d0998fb61e056"
"data\raw\res\HeLa\Hela_08_cell_003\Hela_08_cell_003_protein.tif","38846","1045ee15e4c9e7212c9a17bad9e0cfa3f917c8bf9d58de516185a86559d27049"
"data\raw\res\HeLa\Hela_08_cell_003\metadata.json","261","a21276acd3476ef8af5097784e4e725cfd0517b41db6ab285ccc002789ca8a9f"
"data\raw\res\HeLa\Hela_08_cell_004\Hela_08_cell_004_fad.tif","59503","5ae38d11aed8a33c3dde4a96b032b17dac026dedbe5289ed666e3bba9178717f"
"data\raw\res\HeLa\Hela_08_cell_004\Hela_08_cell_004_lipid.tif","59503","ae79604a09235afaa568cf001fc7e57cfb06b0f582ac86c7c64a60b96e4b25e9"
"data\raw\res\HeLa\Hela_08_cell_004\Hela_08_cell_004_mask.tif","59503","e4a9e1828bbba320f26e585c7f6a1391efe3070ffa16e97c3bcd45c9a3c8ee17"
"data\raw\res\HeLa\Hela_08_cell_004\Hela_08_cell_004_nadh.tif","59503","0c23b3a27005c80da7b30da265f32ebddeeb7338849f1c8267ad7c7f218f9eee"
"data\raw\res\HeLa\Hela_08_cell_004\Hela_08_cell_004_OCT.tif","178013","895cfe1ce0ba58547657fd611f873b82d757aa4bece02145acd7a4dbe71c9ecd"
"data\raw\res\HeLa\Hela_08_cell_004\Hela_08_cell_004_protein.tif","59503","ca256e407d8994a9d456cfe677c857b4cee012049c930bd4d0bc624d20847160"
"data\raw\res\HeLa\Hela_08_cell_004\metadata.json","261","f961f4385ef605212345494b22e4fe56111de39a4f1864e0e0a55c65e5cfca39"
"data\raw\res\HeLa\Hela_08_cell_005\Hela_08_cell_005_fad.tif","12307","b1b9911c0efbfdef821ccf9feb66c61889d4f3a1e68e6a4a5e11e2e020d9384e"
"data\raw\res\HeLa\Hela_08_cell_005\Hela_08_cell_005_lipid.tif","12307","e4f29557c639a8be75aad0d2cd3b29712c5b602f9c4a11172f1baa56641088f0"
"data\raw\res\HeLa\Hela_08_cell_005\Hela_08_cell_005_mask.tif","12307","36c1900fecec0a9a02572936bbbfca7580e1f85e190b2c499a1edd12e5844717"
"data\raw\res\HeLa\Hela_08_cell_005\Hela_08_cell_005_nadh.tif","12307","b9bb6354f7706db4e6bf6df7f9435f00f5043eb14c0e535b39334669be2176e4"
"data\raw\res\HeLa\Hela_08_cell_005\Hela_08_cell_005_OCT.tif","36425","89a0e60c5bd87025aee934e0b941d7e6dd172fb7665f6a3033bceedc430c654c"
"data\raw\res\HeLa\Hela_08_cell_005\Hela_08_cell_005_protein.tif","12307","dee45c810f1e7098badef7793c391975127e8a785b3e531160e561e445bbaae9"
"data\raw\res\HeLa\Hela_08_cell_005\metadata.json","259","274e927c9a93fc581e840d703489ddf49b40b1cb48935ac2b2fb1ad8a1555ed6"
"data\raw\res\HeLa\Hela_08_cell_006\Hela_08_cell_006_fad.tif","18296","533cd30f125edd95956bad1d023f6482656c34fe4c41c2eec9cac74604500c5f"
"data\raw\res\HeLa\Hela_08_cell_006\Hela_08_cell_006_lipid.tif","18296","b4d2f43c376e6d3002058b242cc62921daf6bb454dc8e380017f3db5f4823032"
"data\raw\res\HeLa\Hela_08_cell_006\Hela_08_cell_006_mask.tif","18296","de65748b92559bee34b1eff06513c763a5ab74be7ab7ab04975ce79292f097f6"
"data\raw\res\HeLa\Hela_08_cell_006\Hela_08_cell_006_nadh.tif","18296","4be21782971c9acc20424d1cd0d1dccf0db0cbc23fe1d5dd23994f2dba99f2fe"
"data\raw\res\HeLa\Hela_08_cell_006\Hela_08_cell_006_OCT.tif","54392","783dac8c05897b0cb0ee285a1865eb2b063c6cbbf01a3dd8018e9b0fcad6133f"
"data\raw\res\HeLa\Hela_08_cell_006\Hela_08_cell_006_protein.tif","18296","c1280e5a5662d3a801cd2944ca8d11bb35fd137b0df7a6cd6e014a8eeb08e53a"
"data\raw\res\HeLa\Hela_08_cell_006\metadata.json","261","7ccbf74fd9e7b36ab41e17b0f6ce613c74d8512d8b91fab18bc09f5c985c8465"
"data\raw\res\HeLa\Hela_08_cell_007\Hela_08_cell_007_fad.tif","42112","0e34c79b042e2d91bd93be939798f2e1189fcfec569f46be0cdaf3b1f964eed6"
"data\raw\res\HeLa\Hela_08_cell_007\Hela_08_cell_007_lipid.tif","42112","2621de0fdb92fb6cd20fce868f1cb5573d9286765b94296287365ca50c6b215f"
"data\raw\res\HeLa\Hela_08_cell_007\Hela_08_cell_007_mask.tif","42112","3440a6011ceaf3223085067503caa8851d7c21720e1ed49f704ed6d659125048"
"data\raw\res\HeLa\Hela_08_cell_007\Hela_08_cell_007_nadh.tif","42112","ca6b9db124a6fe7b19132030f6428ec29e1b4f2c700ffa2f9438c78d7557911d"
"data\raw\res\HeLa\Hela_08_cell_007\Hela_08_cell_007_OCT.tif","125840","b4f720916f0635037a44a4f1e47c401c6738482ec8cabadabe1a04f55a3c8c66"
"data\raw\res\HeLa\Hela_08_cell_007\Hela_08_cell_007_protein.tif","42112","1cc6dfcea1a3f92fd173c10bbbe4db9a38620ade7131e8a3bcadc1979ce39d79"
"data\raw\res\HeLa\Hela_08_cell_007\metadata.json","261","680dcb8e1a275ef1901f2ffebaebf9afb2d0cf21166222caff4a3f36b458f248"
"data\raw\res\HeLa\Hela_08_cell_008\Hela_08_cell_008_fad.tif","23730","f0807c1ad42054353e0c70f57b69fc298dc086e491509aba1fcd337387f6152e"
"data\raw\res\HeLa\Hela_08_cell_008\Hela_08_cell_008_lipid.tif","23730","f19aa3a98495ecd6df1709b9725c7130a1d2c16a8266096e2dfcd5a10008563a"
"data\raw\res\HeLa\Hela_08_cell_008\Hela_08_cell_008_mask.tif","23730","4d1c1e850aff4f97ff2ebcba914615641506906f5e2b986f03101d9ec66f4648"
"data\raw\res\HeLa\Hela_08_cell_008\Hela_08_cell_008_nadh.tif","23730","c807d7b2bc60fc2c2d1dc11b4d8741304ee486ecfae52e09169b8132bdeb4a2c"
"data\raw\res\HeLa\Hela_08_cell_008\Hela_08_cell_008_OCT.tif","70694","73f5c65facabd529813ece6f41cb1ab072d2c51a17b43e66aae71b4b9b942832"
"data\raw\res\HeLa\Hela_08_cell_008\Hela_08_cell_008_protein.tif","23730","c6a7ef1d09f6343dee6e50a586e2e1c2cbc73f0a74908ba07680052bf2e33df7"
"data\raw\res\HeLa\Hela_08_cell_008\metadata.json","259","52843cba69db9218653339b0efe09f24b9d23157dbfe533a6b2cc5b8980d36e5"
"data\raw\res\HeLa\Hela_09_cell_001\Hela_09_cell_001_fad.tif","20236","13bc74d527a4681a41b690c8bab29def4d1e4ba8ad2c4f338b8a0d5d4dd73c88"
"data\raw\res\HeLa\Hela_09_cell_001\Hela_09_cell_001_lipid.tif","20236","6a6fa352ac7ed875d424b35cd7d33daeaff37582a879778a5d8293c9031810ea"
"data\raw\res\HeLa\Hela_09_cell_001\Hela_09_cell_001_mask.tif","20236","c4b2faa74c9e481e59a7b29c686609ee231610902246ec6781a16e5645d75fe2"
"data\raw\res\HeLa\Hela_09_cell_001\Hela_09_cell_001_nadh.tif","20236","4821394290d2f277cb0dbb91752fdae8312525dfe3f4140f94acae3246694e89"
"data\raw\res\HeLa\Hela_09_cell_001\Hela_09_cell_001_OCT.tif","60212","63bceab655774d296208b3d556b42a54f1cce48a9ba051dda604680d1a6eaecc"
"data\raw\res\HeLa\Hela_09_cell_001\Hela_09_cell_001_protein.tif","20236","e84381bee459a738505d2df17032a9f1e9f83f289ae2cad942d2acfdd71ca5d1"
"data\raw\res\HeLa\Hela_09_cell_001\metadata.json","258","a63186232f870f278f958f1c006cb08c57d26883395e95d3d44f14291643936c"
"data\raw\res\HeLa\Hela_09_cell_002\Hela_09_cell_002_fad.tif","23384","dfd946ef7dfe9d4e6b972a9e95d7acd5e05a12073abf2bd8023b2814c7947aff"
"data\raw\res\HeLa\Hela_09_cell_002\Hela_09_cell_002_lipid.tif","23384","cb76d13c95f3bf89442073fd7e9311332bf9837d79bfc51e840d87c0f05f8875"
"data\raw\res\HeLa\Hela_09_cell_002\Hela_09_cell_002_mask.tif","23384","4a0bc7688bb8341134b0531da2b2be3624d783cd491d9361dd5036ff9a3e06c7"
"data\raw\res\HeLa\Hela_09_cell_002\Hela_09_cell_002_nadh.tif","23384","a3da00de1b04f20ed76f77b1b6fccedff094e45ab07377dc259e34e9546899ae"
"data\raw\res\HeLa\Hela_09_cell_002\Hela_09_cell_002_OCT.tif","69656","60de1916659ce401b1ac70095f20a303383b32b89f3e43365369bf235c6f78ab"
"data\raw\res\HeLa\Hela_09_cell_002\Hela_09_cell_002_protein.tif","23384","2250105806bd6facbf6ded7e6c5d72422dd4c465a4fd255e37f59add1fb42d1b"
"data\raw\res\HeLa\Hela_09_cell_002\metadata.json","258","7c3ee533204852b362832fd6f37a720faccef02ecf72cefccb0ecfe18ace4cd5"
"data\raw\res\HeLa\Hela_09_cell_003\Hela_09_cell_003_fad.tif","24061","69e05cebec61a0d32c4f720eacdcce224a75f93ea04e74996283d9756b7f6c95"
"data\raw\res\HeLa\Hela_09_cell_003\Hela_09_cell_003_lipid.tif","24061","b3129d54a62799a3ff251b754eeb16b10c0e16d0a5580794425276b74e7becf9"
"data\raw\res\HeLa\Hela_09_cell_003\Hela_09_cell_003_mask.tif","24061","6b53007056545768f488a7db76b7e7b8372921a21e64f9814f182414698561b7"
"data\raw\res\HeLa\Hela_09_cell_003\Hela_09_cell_003_nadh.tif","24061","6fe6fe7687ed9619d266ad32133ba559a50cbe8604a4305d29a5d53c78708128"
"data\raw\res\HeLa\Hela_09_cell_003\Hela_09_cell_003_OCT.tif","71687","bf7568945c8c8eee6d13c4a0b4469b729b85c53cecffb6b529f2a8c104510b42"
"data\raw\res\HeLa\Hela_09_cell_003\Hela_09_cell_003_protein.tif","24061","4e68c562df5f7a55947fe8ec7793fbafbaa1101a1880856c8e1173b8b01780b0"
"data\raw\res\HeLa\Hela_09_cell_003\metadata.json","260","9080d465456b61e6faa571ad53f0a4f219d1e44a78c0e00e7c2f5c91d0f998ad"
"data\raw\res\HeLa\Hela_09_cell_004\Hela_09_cell_004_fad.tif","15623","f318ec8c5a8decfbf5c5cca15ad3b0fde40d02eba7fe63b8d65232448aa021b7"
"data\raw\res\HeLa\Hela_09_cell_004\Hela_09_cell_004_lipid.tif","15623","8398ed2810328bb6b35a28c1f0b4bd6d59d5188cec2fa99baad0d9144f6e11e5"
"data\raw\res\HeLa\Hela_09_cell_004\Hela_09_cell_004_mask.tif","15623","20c2c6320854ada8234b65e179504b1095da645f0ff3b72d986638ed7100a649"
"data\raw\res\HeLa\Hela_09_cell_004\Hela_09_cell_004_nadh.tif","15623","9c37237414a76346f2383c0adf978499660571aa14846a0395e06d8681066984"
"data\raw\res\HeLa\Hela_09_cell_004\Hela_09_cell_004_OCT.tif","46373","24a0d38f00f55a4892e4cdf936264fa473dca53fc7240a714d0bba0891ab72e1"
"data\raw\res\HeLa\Hela_09_cell_004\Hela_09_cell_004_protein.tif","15623","058c2cca8b0bc8513a9c7fc1047801ce3507eafa3a4b32311b077907a1056baf"
"data\raw\res\HeLa\Hela_09_cell_004\metadata.json","261","4226bda7bb67fe585a479f72b9544bdd60420a7f57690437b4f61f21788c7fcf"
"data\raw\res\HeLa\Hela_09_cell_005\Hela_09_cell_005_fad.tif","27718","a46b9da56782fa62611dd8c3e3500447729b5674f0908ba345152ef87d0a992f"
"data\raw\res\HeLa\Hela_09_cell_005\Hela_09_cell_005_lipid.tif","27718","ca356da84f3357ef6f9ec96ed053442699ca9aef289c7a989ae95a88c0405602"
"data\raw\res\HeLa\Hela_09_cell_005\Hela_09_cell_005_mask.tif","27718","fdc27a32cade4030f5fe80197fa9b8c74df3f5ab7873c919a810b0b44b4cd50b"
"data\raw\res\HeLa\Hela_09_cell_005\Hela_09_cell_005_nadh.tif","27718","e950e869259f223e04fd69c61cfc5ab6f8a5d95d348bc20f1406b913a0e50e00"
"data\raw\res\HeLa\Hela_09_cell_005\Hela_09_cell_005_OCT.tif","82658","160cc5ccd840852ca7eb964991e0b608d3d67ad6718bc81ce1ab834cc7853ec0"
"data\raw\res\HeLa\Hela_09_cell_005\Hela_09_cell_005_protein.tif","27718","a5484548764bba157ce498a84d167cd5e08b4f303b777f58550b295bc8136ecd"
"data\raw\res\HeLa\Hela_09_cell_005\metadata.json","259","a9245a3a47ef2400efdd27c8b82a398839fd08436b2836336cf48b8df1097812"
"data\raw\res\HeLa\Hela_09_cell_006\Hela_09_cell_006_fad.tif","20444","b59df9143a8cd6bca660a9fc105f3f0542ddec120a7b6064e0acd251183bc69a"
"data\raw\res\HeLa\Hela_09_cell_006\Hela_09_cell_006_lipid.tif","20444","7d965fef4af22c1a404c8d9b78ee0c67b63c06c52d7b7db50274000a18131161"
"data\raw\res\HeLa\Hela_09_cell_006\Hela_09_cell_006_mask.tif","20444","9e218a84faca08ae9ca023c8ab67265a45307b0be479e13cabf4ba80841bbe8c"
"data\raw\res\HeLa\Hela_09_cell_006\Hela_09_cell_006_nadh.tif","20444","22a971b93f0c9d3fd73717b1b7d221cfa5835637611aef263173614fbcf6efbe"
"data\raw\res\HeLa\Hela_09_cell_006\Hela_09_cell_006_OCT.tif","60836","798daa7a344a73e64bb1175563e3ab5d014d573dec16a44bccaa8f193ac43d0b"
"data\raw\res\HeLa\Hela_09_cell_006\Hela_09_cell_006_protein.tif","20444","178ee6f4ff629030e4463a1c6ff7543d521af1003be7a9647c17a6dbcc7af416"
"data\raw\res\HeLa\Hela_09_cell_006\metadata.json","261","ced702d4db4d1417d40565ef0309b31de0390e92de6e0c1403ff4a9dfed0266b"
"data\raw\res\HeLa\Hela_09_cell_007\Hela_09_cell_007_fad.tif","46120","9a89c73dbc98c11937eefe283e13981fe1bb58e8ebed992b79cf829177e27bf9"
"data\raw\res\HeLa\Hela_09_cell_007\Hela_09_cell_007_lipid.tif","46120","cfbca7566ababb6c9503d99e7ba1ef5eae3885aaf5af26fdda94e85add8f1190"
"data\raw\res\HeLa\Hela_09_cell_007\Hela_09_cell_007_mask.tif","46120","006e14e7cdf156a682a8b9682f11da16bfe3840c09d3ccb3392e188eb0059d30"
"data\raw\res\HeLa\Hela_09_cell_007\Hela_09_cell_007_nadh.tif","46120","4711d0038c7e6a5cfa80bd69fd80b81292b61fce66bcf63bad1bf842de6098c5"
"data\raw\res\HeLa\Hela_09_cell_007\Hela_09_cell_007_OCT.tif","137864","4d28994381541bf9f3cc52fc21444efac50ac2bd0359aab3f3c4c312597fb396"
"data\raw\res\HeLa\Hela_09_cell_007\Hela_09_cell_007_protein.tif","46120","aa3b25f25c2b4a3a1e2672d0df282febb1ef4312f4459c30eb366a2b161a755d"
"data\raw\res\HeLa\Hela_09_cell_007\metadata.json","261","353ce5b31bc174ee0a1691212a8fa88f98f20a08330d52d53265a31a963c30ce"
"data\raw\res\HeLa\Hela_09_cell_008\Hela_09_cell_008_fad.tif","31441","440313303f22268ae2dcac8b92329d2e1db022c2cac85c27cff124b76abd03b3"
"data\raw\res\HeLa\Hela_09_cell_008\Hela_09_cell_008_lipid.tif","31441","dfb7f95a42bb359ce9226892905605f34ef39ac2737da973319992c0956e38e9"
"data\raw\res\HeLa\Hela_09_cell_008\Hela_09_cell_008_mask.tif","31441","5bef0faa11490d1bae320509e93dc3f8a0a6af29f92fb0d996c8ef85180ac174"
"data\raw\res\HeLa\Hela_09_cell_008\Hela_09_cell_008_nadh.tif","31441","d3c80a4524e4b6f3b0d77ec138825ad456172b294ee7e395234f5dda0e91c0fc"
"data\raw\res\HeLa\Hela_09_cell_008\Hela_09_cell_008_OCT.tif","93827","4b431866aaf7067d06469bbde4ece58c6c277a271e082b45fb2f993a74796f20"
"data\raw\res\HeLa\Hela_09_cell_008\Hela_09_cell_008_protein.tif","31441","29942028a5e0934f453f8aa9c49c4bef0ab3560a1c7ecebfc835a05a9d53456e"
"data\raw\res\HeLa\Hela_09_cell_008\metadata.json","259","26e5386321ed7101faf2e7b141f13f6620389aa8b551bf04281bcb8aac101ed6"
"data\raw\res\HeLa\Hela_10_cell_001\Hela_10_cell_001_fad.tif","21310","1fb5695026507e11c65093d610eaf1bc6245e89d19b53517bfad85966c085e5b"
"data\raw\res\HeLa\Hela_10_cell_001\Hela_10_cell_001_lipid.tif","21310","02ee9f73bfaf1f0a82aba99f2a251a29626d90df6f19c3dd1409e8f438cef86a"
"data\raw\res\HeLa\Hela_10_cell_001\Hela_10_cell_001_mask.tif","21310","d32d35964dcc61e91ffa65f76c28fdc697dbe7f93657f8a856d413cc9b8cbbc4"
"data\raw\res\HeLa\Hela_10_cell_001\Hela_10_cell_001_nadh.tif","21310","7ec0ac57c72cc31ac495c7cd323707539a6b790a3b0066ad7f4b5d0c556d64ec"
"data\raw\res\HeLa\Hela_10_cell_001\Hela_10_cell_001_OCT.tif","63434","e004f21d5ffbf216009814a9b2770aa33b75d984e4bfc9bcde42a39e964a19de"
"data\raw\res\HeLa\Hela_10_cell_001\Hela_10_cell_001_protein.tif","21310","bf690668e902a734e8cc59c20f9bd09890c796397ea39746965fa527727d2d7e"
"data\raw\res\HeLa\Hela_10_cell_001\metadata.json","259","364ca378cf96ab098f3def7eaf6263b46d5e3550423d2c441288a5e0ba44b59f"
"data\raw\res\HeLa\Hela_10_cell_002\Hela_10_cell_002_fad.tif","19795","f4f7259b1cebb0b12af7a8bdad1b5ebcd1a27a2ebf32b945a389914ffdcbbb9c"
"data\raw\res\HeLa\Hela_10_cell_002\Hela_10_cell_002_lipid.tif","19795","7ace3b14c8e2ec9e780176e29f6c1dbd72e5aba914956280cc767d8d37c5bb1f"
"data\raw\res\HeLa\Hela_10_cell_002\Hela_10_cell_002_mask.tif","19795","68a6b9d29502835b47dddf182adc83852289db5512919af1b8f47409d9c82238"
"data\raw\res\HeLa\Hela_10_cell_002\Hela_10_cell_002_nadh.tif","19795","dece4b15a5173a878d87170f4fb97b5a034ec136b65cee08014f53d8615ada05"
"data\raw\res\HeLa\Hela_10_cell_002\Hela_10_cell_002_OCT.tif","58889","f7d31b0fccf4b5a7687e78a92b7e2d9ef771b9b0043254e1fd7d4637b3c84bd5"
"data\raw\res\HeLa\Hela_10_cell_002\Hela_10_cell_002_protein.tif","19795","c2dd694d4d3da14b843002f26de1bd215fd415046c6377fb88fb0e2b563363e7"
"data\raw\res\HeLa\Hela_10_cell_002\metadata.json","261","01b87fc95465d1fade3f8891e44a4f4a41a92faa97856749564e8a66402dcaec"
"data\raw\res\HeLa\Hela_10_cell_003\Hela_10_cell_003_fad.tif","23971","c842552a09b847e79d49c7d0963f083c1fb9469719c9c989c402269bf58e8ef4"
"data\raw\res\HeLa\Hela_10_cell_003\Hela_10_cell_003_lipid.tif","23971","4022590f2a5fb05ccd4cd5964eb1d6ecc0ad503273e620f39bb8830d380402f4"
"data\raw\res\HeLa\Hela_10_cell_003\Hela_10_cell_003_mask.tif","23971","b9dc54af11cacd0696b9b2e114d701b17de4b8d2bba7be49feb54d25660fd612"
"data\raw\res\HeLa\Hela_10_cell_003\Hela_10_cell_003_nadh.tif","23971","c6b59b2425a1003abd06b335c6f6c1de9aee3cc857beb9a6c8e9a9eda8708e94"
"data\raw\res\HeLa\Hela_10_cell_003\Hela_10_cell_003_OCT.tif","71417","5ecf42699d9704ae22819b2f8332f262a1ce56325582fddb32949b2c0bf2c3f8"
"data\raw\res\HeLa\Hela_10_cell_003\Hela_10_cell_003_protein.tif","23971","34cb75201f5a80c57176f5acbd5325526a9ca712274dc41cbeccc7fc17616eec"
"data\raw\res\HeLa\Hela_10_cell_003\metadata.json","261","816af5886daf2f225576c0224f2850033087e361c260409f544a0b1d05f13c64"
"data\raw\res\HeLa\Hela_10_cell_004\Hela_10_cell_004_fad.tif","28240","c0dc79bf22ff0fa3160ef666c3baf642d34532948693cd73a7bacf8cafcef33d"
"data\raw\res\HeLa\Hela_10_cell_004\Hela_10_cell_004_lipid.tif","28240","58bbf8be15f92fb378d7964a690b1d9d11c7c261db447eb519e1dd9a1b46263a"
"data\raw\res\HeLa\Hela_10_cell_004\Hela_10_cell_004_mask.tif","28240","6d958e7ea8d4318dddda0d359a4315608225da592f4651f21344b4e9492c37d5"
"data\raw\res\HeLa\Hela_10_cell_004\Hela_10_cell_004_nadh.tif","28240","6f5f525199ee3349f96493d03172b2b729e44cefca52dce116dfd1792f8b8590"
"data\raw\res\HeLa\Hela_10_cell_004\Hela_10_cell_004_OCT.tif","84224","8d88610fe1edf5f7bcd9dd312c3606792f08d34535c06c1525d9a83dee53b2db"
"data\raw\res\HeLa\Hela_10_cell_004\Hela_10_cell_004_protein.tif","28240","c0822f2fb7753c5c49e0a50d10d49fc3f905ecdff253e8965dba404b91fc107d"
"data\raw\res\HeLa\Hela_10_cell_004\metadata.json","261","0fb63195057ff456c701681cf3853dbe64a6bb32c87ae4346fd55d6452846d66"
"data\raw\res\HeLa\Hela_10_cell_005\Hela_10_cell_005_fad.tif","31506","5fc445182487e6593d9124822f24005da0b80698ff1a8720e1f64d069aaac133"
"data\raw\res\HeLa\Hela_10_cell_005\Hela_10_cell_005_lipid.tif","31506","dec221c1c26292674e96314443d8835fad75a64b741ace6a715f934a7f8e8853"
"data\raw\res\HeLa\Hela_10_cell_005\Hela_10_cell_005_mask.tif","31506","a6e5c8cc9030a5b76592eab2a78cf1c31a7ae56bf8741786d98230d29b659b43"
"data\raw\res\HeLa\Hela_10_cell_005\Hela_10_cell_005_nadh.tif","31506","47872e19bd414d5171fcc5cfb023ccc5561c36323003183235fe3bdb7349ea6c"
"data\raw\res\HeLa\Hela_10_cell_005\Hela_10_cell_005_OCT.tif","94022","44bfed506a349f3a8165b560595e0de902fe10398076e975367e3164c5e1a17b"
"data\raw\res\HeLa\Hela_10_cell_005\Hela_10_cell_005_protein.tif","31506","e96a4276dfbab8db4b11f64840e89625bea4cd20ea72f1f8b104ad768ec5ef02"
"data\raw\res\HeLa\Hela_10_cell_005\metadata.json","261","dee969c9af90b607a60a62a875590c0c6630b8a6d9840a8369530cc4acaa5b4a"
"data\raw\res\HeLa\Hela_10_cell_006\Hela_10_cell_006_fad.tif","20758","a12905ce6957417dbf08ec877bda3b5d53d03e6f1a81a49ac83245c91d3141a8"
"data\raw\res\HeLa\Hela_10_cell_006\Hela_10_cell_006_lipid.tif","20758","5f000f3048f498360ffe0bf47902e29a015b4c2431c3fdbda8936060c3b40427"
"data\raw\res\HeLa\Hela_10_cell_006\Hela_10_cell_006_mask.tif","20758","2384a06f14b275c42282dd06ff099333859e45da35e1f784e01f43250e88e103"
"data\raw\res\HeLa\Hela_10_cell_006\Hela_10_cell_006_nadh.tif","20758","254263e12c39d0b429e298683ca3e43466721f01ee632dc21bd3ebbad4fc2f95"
"data\raw\res\HeLa\Hela_10_cell_006\Hela_10_cell_006_OCT.tif","61778","4b457e7137474fd18fdf60e6128b61801dd5fcb41a81b0fa4845401912145f16"
"data\raw\res\HeLa\Hela_10_cell_006\Hela_10_cell_006_protein.tif","20758","258b4cf36746911334afe96fd661e809c19013d986f4e67d1678d3fb26a57a2e"
"data\raw\res\HeLa\Hela_10_cell_006\metadata.json","259","7c2ff399107b0f68f94664d3d7a2211865adefcde13f0798e51c38ea3039e517"
"data\raw\res\HeLa\Hela_10_cell_007\Hela_10_cell_007_fad.tif","38628","0c2ed38b633926fba0cf7a8b6777cce7f92d4eb93177416a937de4d8888dff69"
"data\raw\res\HeLa\Hela_10_cell_007\Hela_10_cell_007_lipid.tif","38628","7b51665789ec4fd9ec7d6f2423153744b3f577d6ebccd26902c85ccbed545def"
"data\raw\res\HeLa\Hela_10_cell_007\Hela_10_cell_007_mask.tif","38628","9c789bed03911723dca0011a9ab51ac55499df112cdbfaacd347a6c224bda715"
"data\raw\res\HeLa\Hela_10_cell_007\Hela_10_cell_007_nadh.tif","38628","6dd18f745c52ec807dce6dd928cad9f1f7591d260e34323bdd0fdf444cdf9495"
"data\raw\res\HeLa\Hela_10_cell_007\Hela_10_cell_007_OCT.tif","115388","dd8a2a3e211057ee35f45ff5e86d5a277f8c959e7eaea04be782fcc41fdf142d"
"data\raw\res\HeLa\Hela_10_cell_007\Hela_10_cell_007_protein.tif","38628","3da48a34a29f2347b43c27b89581695fcdc4c9aab5010d9eab260b2da811f84e"
"data\raw\res\HeLa\Hela_10_cell_007\metadata.json","261","0ba7892fc3df3e9eb9d0cad7c415ab34d208ee8ffc78439440a5caabbf71d6e1"
"data\raw\res\HeLa\Hela_10_cell_008\Hela_10_cell_008_fad.tif","17771","e6adf1858251170b1dce909dc98e875fbd0117e6fb5143558483585fb467be5b"
"data\raw\res\HeLa\Hela_10_cell_008\Hela_10_cell_008_lipid.tif","17771","c8c7a6e6dd62784658a5eed6acb8fd731c1e98df50c2610dcdcad0921b72424c"
"data\raw\res\HeLa\Hela_10_cell_008\Hela_10_cell_008_mask.tif","17771","11547d8222a256be9b402b3093d2ee70439048cbd5db4c2db7d1d69f972bdf0c"
"data\raw\res\HeLa\Hela_10_cell_008\Hela_10_cell_008_nadh.tif","17771","6e2c8cdada08275aa21c5ccf0cb03b8f579967a93d5f2323338307d1756ca8f8"
"data\raw\res\HeLa\Hela_10_cell_008\Hela_10_cell_008_OCT.tif","52817","f7a5dec3301d1023a240ef45e96ef4bcad3898affe79a6a0c4d008cf0eec60db"
"data\raw\res\HeLa\Hela_10_cell_008\Hela_10_cell_008_protein.tif","17771","5319d8c1b63caec88a5809eb21a7f925b3cd8110befb3d3086a5ca727b6609dd"
"data\raw\res\HeLa\Hela_10_cell_008\metadata.json","260","c2bd5161ad31a9704f6d181705da29c6c6d591935ebc1e56ab0a7bb6c8ad6bd1"
"data\raw\res\HeLa\Hela_10_cell_009\Hela_10_cell_009_fad.tif","8235","f0256115b2fdf090355270c4ad27f0018223108fe870e9ecfa9e7f4ff64c288c"
"data\raw\res\HeLa\Hela_10_cell_009\Hela_10_cell_009_lipid.tif","8235","b20901cdd2194ed0c0950194b7409e2b80c6382fc50f46fbc364b02e541a0fec"
"data\raw\res\HeLa\Hela_10_cell_009\Hela_10_cell_009_mask.tif","8235","8df662e79f4c3ac1d7fc6c384b050111518b473a3283e13e35182315b4f66785"
"data\raw\res\HeLa\Hela_10_cell_009\Hela_10_cell_009_nadh.tif","8235","d936af6e0c37c4dda40b02c13099859e5adfc16789ecdb3290af98e40cd64fc0"
"data\raw\res\HeLa\Hela_10_cell_009\Hela_10_cell_009_OCT.tif","24209","2a3552c4810755bba2173dc316dcab8dece2a848bfe40ba81726b4dd8a909d97"
"data\raw\res\HeLa\Hela_10_cell_009\Hela_10_cell_009_protein.tif","8235","a12e8e6c02664e3108b42ba2437d2e4f76e97c09b51a8d4552dce581931f091d"
"data\raw\res\HeLa\Hela_10_cell_009\metadata.json","261","ac58b41ba1139ee1d117567f14acfe0c2313b7b0402b499ff8164dd680ec460f"
"data\raw\res\HeLa\Hela_10_cell_010\Hela_10_cell_010_fad.tif","30988","e4081dd0adb55630cc4a9474fa0f23b40f65c0cf2ed3d0ea142ab47a35b33c2b"
"data\raw\res\HeLa\Hela_10_cell_010\Hela_10_cell_010_lipid.tif","30988","756e001051d4b236de70c60562d3fec55872918cb9e44f5c120a77e59027102c"
"data\raw\res\HeLa\Hela_10_cell_010\Hela_10_cell_010_mask.tif","30988","50419606ca01e4eaea547195d761b17b60324c3efd8240a7aec41e42657f1c54"
"data\raw\res\HeLa\Hela_10_cell_010\Hela_10_cell_010_nadh.tif","30988","46d6cef0c1ac2632b0b868294d8d56bcc3d45201e5db8859e00dfa3c093d8b24"
"data\raw\res\HeLa\Hela_10_cell_010\Hela_10_cell_010_OCT.tif","92468","0f9653040fa9438e62123e8918810554df74af0973aefd4eaf0dd78830a99768"
"data\raw\res\HeLa\Hela_10_cell_010\Hela_10_cell_010_protein.tif","30988","04d3e96917e40aef65f63c126c7c455e0c54950815d0e8fd8d31437c2d74e27e"
"data\raw\res\HeLa\Hela_10_cell_010\metadata.json","260","51c9f78f006327e1463350d91d8cca8e9e6b3375bc24c81ab9ffbaa4b7e876c3"
"data\raw\res\HeLa\Hela_10_cell_011\Hela_10_cell_011_fad.tif","70432","64ba5aa7bdd79fe6fb3b4613b5340a752632ea18801de857a9e129505228200f"
"data\raw\res\HeLa\Hela_10_cell_011\Hela_10_cell_011_lipid.tif","70432","0f835e0311157a808e7d3c5d9da1c0e005e8240ffd4ec6b5010edac2ebeef242"
"data\raw\res\HeLa\Hela_10_cell_011\Hela_10_cell_011_mask.tif","70432","350e48681b47fef63554f7e49cff22619c107f4be3414af9029c9b6f51d06695"
"data\raw\res\HeLa\Hela_10_cell_011\Hela_10_cell_011_nadh.tif","70432","79ca88c5ec5a556c724d902a4a2f990bcf68265313cbda9aa367474aaadfcc5f"
"data\raw\res\HeLa\Hela_10_cell_011\Hela_10_cell_011_OCT.tif","210800","6863bead5b45c1f4a705c78e1ae183b513b58452efe19ac87356767ab0221908"
"data\raw\res\HeLa\Hela_10_cell_011\Hela_10_cell_011_protein.tif","70432","a879d3b5c5df6bb560a77c3dfd0bf366a9d299201dffd839d0d89fbddfc91c2a"
"data\raw\res\HeLa\Hela_10_cell_011\metadata.json","259","3efc15caffb4f8903e7b56cf23d24c8a63986bccf34f6120c07b446d35ab2bdc"
"data\raw\res\HepG2\HepG2_01_cell_001\HepG2_01_cell_001_fad.tif","37292","d89964969245cbbe0ecb50c9311b133a73ea818f2be1158114855643437d1e14"
"data\raw\res\HepG2\HepG2_01_cell_001\HepG2_01_cell_001_lipid.tif","37292","50dad1478f19937237721d86751e1ed3f328aefc83c5f048d2b2030cd5841a66"
"data\raw\res\HepG2\HepG2_01_cell_001\HepG2_01_cell_001_mask.tif","37292","b92daee9f35c7bcad0bf3f2428589c85ed509973634ca281db6b363d855b4128"
"data\raw\res\HepG2\HepG2_01_cell_001\HepG2_01_cell_001_nadh.tif","37292","0772b2c7f96d98dd31d6ffbeb2447793068f3ce6a694bc574e5c711ecdaf34f2"
"data\raw\res\HepG2\HepG2_01_cell_001\HepG2_01_cell_001_OCT.tif","111380","42f256ca99ce964f0cae1f18de8e25410966535d2bb390282fff941d6a4b28bd"
"data\raw\res\HepG2\HepG2_01_cell_001\HepG2_01_cell_001_protein.tif","37292","4e2e54b42b3ff06fb429fcdec0d5c56f8d61e4e02bc430956e4908b5565f27a7"
"data\raw\res\HepG2\HepG2_01_cell_001\metadata.json","262","bd533a726a2f03d3ad91c3878956b2071f88a67b7d55c1defa432501130aef72"
"data\raw\res\HepG2\HepG2_01_cell_002\HepG2_01_cell_002_fad.tif","78376","33fbc9c9cf61e0198f5b738a8635e214efc67046c0e97166a9ca44ca76f500f9"
"data\raw\res\HepG2\HepG2_01_cell_002\HepG2_01_cell_002_lipid.tif","78376","c21ce3c2593dd56377f4d8c0eb2895817c3bda463176d158237c68e0239487b6"
"data\raw\res\HepG2\HepG2_01_cell_002\HepG2_01_cell_002_mask.tif","78376","ee95f0baf500fbc95fa4dc416a17458c87de13261c64edf88450cf86dbc0d800"
"data\raw\res\HepG2\HepG2_01_cell_002\HepG2_01_cell_002_nadh.tif","78376","c6594cae97e4f8c3dde7cb01fa5bb350577d8120808a41c568ad697bc6867fa5"
"data\raw\res\HepG2\HepG2_01_cell_002\HepG2_01_cell_002_OCT.tif","234632","a1ad9daf3db68af710a07918d9e08c6530cb9f6657891e0b12e4d0d6e4bcf327"
"data\raw\res\HepG2\HepG2_01_cell_002\HepG2_01_cell_002_protein.tif","78376","39a4f272964ba995f449ed6b751fe03a477966ec0ad551a1a96e6a5f81e875b0"
"data\raw\res\HepG2\HepG2_01_cell_002\metadata.json","263","f567fe39941828819b1228c8853b85edc36cdf996c49b9dd6a87617786f23c26"
"data\raw\res\HepG2\HepG2_01_cell_003\HepG2_01_cell_003_fad.tif","47296","ce8c595a0457d96193fb256209e242822d8e68700e612cb69f2f0a37c0472df5"
"data\raw\res\HepG2\HepG2_01_cell_003\HepG2_01_cell_003_lipid.tif","47296","28ddf427ddbeebda44bbbf6dfc960847e55cf79b9f4f3b6c63973f5050eeb537"
"data\raw\res\HepG2\HepG2_01_cell_003\HepG2_01_cell_003_mask.tif","47296","61cdbfb14009e51c4b95e21399f9cda5d33328a956916a36617ec80ce162ff0a"
"data\raw\res\HepG2\HepG2_01_cell_003\HepG2_01_cell_003_nadh.tif","47296","8b32f516d70b1d9163f39622aa8397a712dddbe6e222814c3df4f41e5cbbc5ca"
"data\raw\res\HepG2\HepG2_01_cell_003\HepG2_01_cell_003_OCT.tif","141392","26bbd4b70b38fcba8ad016ea0a2a541011ebdb6c27562f9b4f0e5de5a128cb09"
"data\raw\res\HepG2\HepG2_01_cell_003\HepG2_01_cell_003_protein.tif","47296","fba231fc3ad0cc693bfead564fba20733f020ba33393f025db5a3164a38b38e6"
"data\raw\res\HepG2\HepG2_01_cell_003\metadata.json","263","de3f7746025354cb816f679bf0c0eb87afaf957982ce0d5e2e1fbd80283dea95"
"data\raw\res\HepG2\HepG2_01_cell_004\HepG2_01_cell_004_fad.tif","18671","bbd9f8e150fa8bedd24bcfa20a971e3efd0ccec2ec502ac1a500213ae81a2039"
"data\raw\res\HepG2\HepG2_01_cell_004\HepG2_01_cell_004_lipid.tif","18671","208a129905cae7a11c337d665f4b38cb9e37d6e3e6584d978995b4af898596a2"
"data\raw\res\HepG2\HepG2_01_cell_004\HepG2_01_cell_004_mask.tif","18671","e76bb730d41e50087f402e3faf33cd3ec0dd6b6b360e2a9574ae2343e94de24b"
"data\raw\res\HepG2\HepG2_01_cell_004\HepG2_01_cell_004_nadh.tif","18671","2d4a634cd3536b9e675d01056ac4a7da6d882683386b5a698c5ffa24002e5ef3"
"data\raw\res\HepG2\HepG2_01_cell_004\HepG2_01_cell_004_OCT.tif","55517","ae90d672ee62e134e7c2b5509ee154a1d4d6a3ca8d8bfd8b2c28a4d29a5b11b0"
"data\raw\res\HepG2\HepG2_01_cell_004\HepG2_01_cell_004_protein.tif","18671","4d9223f7ff2fe102b9478a8a6e3fa2b09e723bc5d18aaf2ae00ffe55115a9038"
"data\raw\res\HepG2\HepG2_01_cell_004\metadata.json","263","391120a8ae8f6213cc70df97aa21db42a31fb0134b82df9760ec0b4de7823eaf"
"data\raw\res\HepG2\HepG2_01_cell_005\HepG2_01_cell_005_fad.tif","40384","ef1e94839e8468d1b1500783b1fc5c30b80ea23fd3659e5e2e76bb4c723c5cb9"
"data\raw\res\HepG2\HepG2_01_cell_005\HepG2_01_cell_005_lipid.tif","40384","dd16088dd48d61721234fca11a8234eecd877e66e471ce6625a389e4fbefaced"
"data\raw\res\HepG2\HepG2_01_cell_005\HepG2_01_cell_005_mask.tif","40384","52bbbaf89d483cbd952007dece5e9bba483c14f576d3c329fe0fb4471c46423e"
"data\raw\res\HepG2\HepG2_01_cell_005\HepG2_01_cell_005_nadh.tif","40384","9a4175e2b431f21dbbe38702f5e9a86583da25e74b2f770ad4a20c4765424cf3"
"data\raw\res\HepG2\HepG2_01_cell_005\HepG2_01_cell_005_OCT.tif","120656","830b65349a389216f529558de1bfd73ce174c4c86f5f74e7a98509dafc5f493f"
"data\raw\res\HepG2\HepG2_01_cell_005\HepG2_01_cell_005_protein.tif","40384","f08f55200389e8ce1784b2d767b2e30220abd848b4fac9940f89118780053512"
"data\raw\res\HepG2\HepG2_01_cell_005\metadata.json","262","bc6655f38d39fefeef7deddc654e607b519e0ad0d49cca9ae8b981fdf2c1ba69"
"data\raw\res\HepG2\HepG2_01_cell_006\HepG2_01_cell_006_fad.tif","29740","b8ad5f8537b13362e85e0bc89c34b56e33f9f7be2c7fe05f5f5e5ec71a87f1d9"
"data\raw\res\HepG2\HepG2_01_cell_006\HepG2_01_cell_006_lipid.tif","29740","61daaf479178427792e5e3ba84d3cb94331e2c687a9eb54535bb7fbf14c7e6d4"
"data\raw\res\HepG2\HepG2_01_cell_006\HepG2_01_cell_006_mask.tif","29740","6a251eb23fb9827be20a8891cd8f52ad1f2f1ba6c07076a903d302bd4cee2caa"
"data\raw\res\HepG2\HepG2_01_cell_006\HepG2_01_cell_006_nadh.tif","29740","6253c3eea6d1fd54dde847cdf3cc1726f87813de56ea0b7ea2d791d3133fde3b"
"data\raw\res\HepG2\HepG2_01_cell_006\HepG2_01_cell_006_OCT.tif","88724","d243746ae04c9a605246ef5c281875e3bae581e05bd8824b260584f2ca18de47"
"data\raw\res\HepG2\HepG2_01_cell_006\HepG2_01_cell_006_protein.tif","29740","6d30f4b562fa81c856b7b8ce84ee60032e8e79f60a36810c558a580927429aba"
"data\raw\res\HepG2\HepG2_01_cell_006\metadata.json","263","e955e1ef1cc813e979f99f7aeb47cb7d59667387e05da4a1cd52c6189d5543f3"
"data\raw\res\HepG2\HepG2_01_cell_007\HepG2_01_cell_007_fad.tif","27480","206e81639e4931f778f9827816ec281aed656ca5bc85d7fb139cdbc52d1bb730"
"data\raw\res\HepG2\HepG2_01_cell_007\HepG2_01_cell_007_lipid.tif","27480","268e52a3a9362ab2829a1be8a3308d7fea660de67b1615154e475054f4efe2f6"
"data\raw\res\HepG2\HepG2_01_cell_007\HepG2_01_cell_007_mask.tif","27480","d1d050147bb0d9f80c6e9785137153d63dad8a707b432a2555f1058dc7e4a558"
"data\raw\res\HepG2\HepG2_01_cell_007\HepG2_01_cell_007_nadh.tif","27480","4d2fe8022f30ee9c7bfb2c4a79ef505b32ebd801b96a064b0d652d14a5d8238d"
"data\raw\res\HepG2\HepG2_01_cell_007\HepG2_01_cell_007_OCT.tif","81944","cdebe008c5f3a596f3879515d7263945cbdc6cdd36bf2230ce9a6ab00582367b"
"data\raw\res\HepG2\HepG2_01_cell_007\HepG2_01_cell_007_protein.tif","27480","d44438b3a2916e61cbac63a1d90b998c6731f0473c1507a7f65b17621d0921b5"
"data\raw\res\HepG2\HepG2_01_cell_007\metadata.json","263","248489b42db0bd9b4f90c0648f594cdbaef4e72730714abf017670f1ab606796"
"data\raw\res\HepG2\HepG2_01_cell_008\HepG2_01_cell_008_fad.tif","19177","adf5b1870e6db4f63c15ae8f39ce4b1ae6b8a566177a239009756f49e1ff75aa"
"data\raw\res\HepG2\HepG2_01_cell_008\HepG2_01_cell_008_lipid.tif","19177","5a713a294813aca11eb921000d6f8c8c7af08c43ca2f303cc94f06e8c1f5a938"
"data\raw\res\HepG2\HepG2_01_cell_008\HepG2_01_cell_008_mask.tif","19177","0cb742a370c5ac3b455ae86030b329b47e9a3c1fecc52f9a87a977dcba6ab7aa"
"data\raw\res\HepG2\HepG2_01_cell_008\HepG2_01_cell_008_nadh.tif","19177","6e3c1256263ce100b7565ee95ff9fed7f60865f0ecc7dfb301a147757ed1b74a"
"data\raw\res\HepG2\HepG2_01_cell_008\HepG2_01_cell_008_OCT.tif","57035","fea6b8a39da11d9681a95e9c5bf2565fb27ecf8d5c070edb305a77e167855ce6"
"data\raw\res\HepG2\HepG2_01_cell_008\HepG2_01_cell_008_protein.tif","19177","ae4eaff235af30b1550d6cdc4ac2c957eb3c8028236d526501d91d143b5ea8cc"
"data\raw\res\HepG2\HepG2_01_cell_008\metadata.json","263","0b0b266ffc64e1214ecab2a9eb65bfcaeb2f3b3154eb2ec1f4a2740beb148cec"
"data\raw\res\HepG2\HepG2_01_cell_009\HepG2_01_cell_009_fad.tif","25378","c83b797ebe4c1649ef4f836a626c510e3065fa9df4fc7d56a079d0a9de48ef73"
"data\raw\res\HepG2\HepG2_01_cell_009\HepG2_01_cell_009_lipid.tif","25378","a9db659fec63b78e1ceef2a240db83ebc427bde032e36d17f766ad9c874760bf"
"data\raw\res\HepG2\HepG2_01_cell_009\HepG2_01_cell_009_mask.tif","25378","aa4ef6619357d8ead149a19dcdb8a96e77d8d1f0f956c1ccb9b09849022b66a3"
"data\raw\res\HepG2\HepG2_01_cell_009\HepG2_01_cell_009_nadh.tif","25378","6f303113bee87396115e17e320e7d4fb7600b4932ea7e549968ba894a17d45bc"
"data\raw\res\HepG2\HepG2_01_cell_009\HepG2_01_cell_009_OCT.tif","75638","4c0af7c2bd1667cbc7a6a6a5aaf1b68f0d7f547aee27f2a7f37b0c49140e749d"
"data\raw\res\HepG2\HepG2_01_cell_009\HepG2_01_cell_009_protein.tif","25378","da6baf70853a27f5a1e19a09f4319de4f143d73b6669725aa653366ce0f1e17c"
"data\raw\res\HepG2\HepG2_01_cell_009\metadata.json","263","da6548cf7ca272776bde1bd7dddce9e658f935bb81bd9a2af6fd2c7c0318dd23"
"data\raw\res\HepG2\HepG2_02_cell_001\HepG2_02_cell_001_fad.tif","19126","ca650d463f393142abb601c86710afbead1946148139b72a82d1c80e4dff2b23"
"data\raw\res\HepG2\HepG2_02_cell_001\HepG2_02_cell_001_lipid.tif","19126","4e2b265ab7cdf6aa8d040c9746179e76b5f1960e2969b16e610dc6af11a7e61c"
"data\raw\res\HepG2\HepG2_02_cell_001\HepG2_02_cell_001_mask.tif","19126","c8934622610d9c668474e66eb90164b4ba811e8d02c0f5120d18ad1028bb81da"
"data\raw\res\HepG2\HepG2_02_cell_001\HepG2_02_cell_001_nadh.tif","19126","207724ee060c1304dfed5fbd289bc828ce8ee8e7a0baadddcd94339a70c21206"
"data\raw\res\HepG2\HepG2_02_cell_001\HepG2_02_cell_001_OCT.tif","56882","6e6dfad4218b65a8a9643d95d5fdd2c41695d82b832e6f60b9347ed0b737efdd"
"data\raw\res\HepG2\HepG2_02_cell_001\HepG2_02_cell_001_protein.tif","19126","7a79fab75166a81997b549fd82c64ebbb99f1d8756a190656d372459378c8979"
"data\raw\res\HepG2\HepG2_02_cell_001\metadata.json","261","05b047dae692ed17f70a92b89460a37cc40c5601343e9d4ce4fb959ddb1adaee"
"data\raw\res\HepG2\HepG2_02_cell_002\HepG2_02_cell_002_fad.tif","33376","b359dc6fda23a9676df7c19dc2fd671280b2b438baca9eeb6518dc345050f240"
"data\raw\res\HepG2\HepG2_02_cell_002\HepG2_02_cell_002_lipid.tif","33376","7f2d73564581d04c705c1582811067274093ab38e3406a835506a09c75a8fca3"
"data\raw\res\HepG2\HepG2_02_cell_002\HepG2_02_cell_002_mask.tif","33376","29d3d48db5d89a575cef8c93137dcc38e97ffacbf64b5265f57335d18cfc2c49"
"data\raw\res\HepG2\HepG2_02_cell_002\HepG2_02_cell_002_nadh.tif","33376","173d3b321172d435ca22d4be1ab834546977584e16115450b48d6996311f4af4"
"data\raw\res\HepG2\HepG2_02_cell_002\HepG2_02_cell_002_OCT.tif","99632","4583130d77fd8af61c5dc7ed2b58b07e7de0f503f6b04ae05e5fec98bf7ddd61"
"data\raw\res\HepG2\HepG2_02_cell_002\HepG2_02_cell_002_protein.tif","33376","1e651df9e3ff02376edcd6de3052df7be53590dedf3dc49d7c7c4ba766ccad0d"
"data\raw\res\HepG2\HepG2_02_cell_002\metadata.json","262","b5f7e27511cdba528021e83968aba9637e42cbcfe167bb7816609a998edd423d"
"data\raw\res\HepG2\HepG2_02_cell_003\HepG2_02_cell_003_fad.tif","24800","15471b650625999f4320e650db41fab6bc19e70bd7d5ac3e96a9429268be4011"
"data\raw\res\HepG2\HepG2_02_cell_003\HepG2_02_cell_003_lipid.tif","24800","d24714b7c0f2ffa8d7b2c5abadfedf063a0decda6f0b6a280abce7391db31e0c"
"data\raw\res\HepG2\HepG2_02_cell_003\HepG2_02_cell_003_mask.tif","24800","43b8f0e42db22af0d7c2dc8c0987b803cfc290f35cd26a29f4538c81f5b160ce"
"data\raw\res\HepG2\HepG2_02_cell_003\HepG2_02_cell_003_nadh.tif","24800","21bc08bdf34680c0a34cd92c81f6ffbdedf03bdabac2542b39f195d5e77aa6b5"
"data\raw\res\HepG2\HepG2_02_cell_003\HepG2_02_cell_003_OCT.tif","73904","c61c269fc430f6369d530b7ccb137cdd3d61697d514896070bab9ba58763f981"
"data\raw\res\HepG2\HepG2_02_cell_003\HepG2_02_cell_003_protein.tif","24800","2e5b101e5e5091975edaad11178955deb6b0fc337b51995e6da114ca9e7ecbd5"
"data\raw\res\HepG2\HepG2_02_cell_003\metadata.json","262","f8349e472f508251aaddba2fde9bd99e7c3f2f00c4d0837b755eb81e37067d09"
"data\raw\res\HepG2\HepG2_02_cell_004\HepG2_02_cell_004_fad.tif","21256","7d8b789b643707be3ed35e7400e4adba43e426aa9fa1eea68203bcb79c50163f"
"data\raw\res\HepG2\HepG2_02_cell_004\HepG2_02_cell_004_lipid.tif","21256","c082d5bdc2723ce480cb36812a564b935dd42b8da8e8677daec43a4c122ac81b"
"data\raw\res\HepG2\HepG2_02_cell_004\HepG2_02_cell_004_mask.tif","21256","07d8c92970f36b67ba51937daba93ed97cb93e937bb637b8d8e01fa28dd1633f"
"data\raw\res\HepG2\HepG2_02_cell_004\HepG2_02_cell_004_nadh.tif","21256","28d39224114ed054a3e388c9c7ffb43e2f57573e87adb7550db2bf51ccd31b5a"
"data\raw\res\HepG2\HepG2_02_cell_004\HepG2_02_cell_004_OCT.tif","63272","aadfaa24ab80bfea4c8d6c8b7fa5ad3b35dd4842d4555373c3726eee87a98439"
"data\raw\res\HepG2\HepG2_02_cell_004\HepG2_02_cell_004_protein.tif","21256","fecaa7430e818b92033fc5f56b3d9c2cb508aae54d09abe3c24b00a44f25e0d5"
"data\raw\res\HepG2\HepG2_02_cell_004\metadata.json","263","07a39ccc830453f5fdf1e5f925814addc0f35d74af6b048933eed934e61ea77e"
"data\raw\res\HepG2\HepG2_02_cell_005\HepG2_02_cell_005_fad.tif","25102","d9d159832a8496adce22b1705070409e0c134ec89215f323fc8cbb75f13c8699"
"data\raw\res\HepG2\HepG2_02_cell_005\HepG2_02_cell_005_lipid.tif","25102","5573fa524263493e9b850ff9eeaccd27693e5f25330fca046675c61760b85bc0"
"data\raw\res\HepG2\HepG2_02_cell_005\HepG2_02_cell_005_mask.tif","25102","df9f9f34ffb86e69e6b5ed7ffaaf76dc52a2192d4660a493d33b07eb40cdc4e9"
"data\raw\res\HepG2\HepG2_02_cell_005\HepG2_02_cell_005_nadh.tif","25102","fdddc141c1bc88af9f6a19b7a1ef0c35bf7b9d2f3e5b4e62d4fd0d08cc77e2fe"
"data\raw\res\HepG2\HepG2_02_cell_005\HepG2_02_cell_005_OCT.tif","74810","4c2814763e4d41d21f6ed1b1fa3bcbe4c418aedb80b19d312da1926857595c5f"
"data\raw\res\HepG2\HepG2_02_cell_005\HepG2_02_cell_005_protein.tif","25102","dd200992831fd1fc27870e71941aef6180519f88276b7d277e6c461f82d4479b"
"data\raw\res\HepG2\HepG2_02_cell_005\metadata.json","263","6d91dd6b3dc8ef6168960dd425070f7eaa6cffb6bcf8a59b11f12d209462c794"
"data\raw\res\HepG2\HepG2_02_cell_006\HepG2_02_cell_006_fad.tif","28795","9f6535b83d59cabdb7a879a921bf58f636e62870a6e7e6d7ff0e386300267739"
"data\raw\res\HepG2\HepG2_02_cell_006\HepG2_02_cell_006_lipid.tif","28795","7b7b34b64785722aa5c219e410725333b4fc8573f244b6cb428fb4adcf407f2c"
"data\raw\res\HepG2\HepG2_02_cell_006\HepG2_02_cell_006_mask.tif","28795","37e418d519a293db137e4d8f6f5e7069a60508f5a156f70407082072d9316acc"
"data\raw\res\HepG2\HepG2_02_cell_006\HepG2_02_cell_006_nadh.tif","28795","c58427db98eeb69bbfc591e54b3200fda48ccf9042392cb00c35ed6612bd71b9"
"data\raw\res\HepG2\HepG2_02_cell_006\HepG2_02_cell_006_OCT.tif","85889","eee679ecc9be427d3238a4b2b47ecd94f946eaaa2d750dcbbb62909d38e439bc"
"data\raw\res\HepG2\HepG2_02_cell_006\HepG2_02_cell_006_protein.tif","28795","5c3921a979bafb62cae3b638e9a86c6ff5c14951f17b924e04291b9ee88d5c0f"
"data\raw\res\HepG2\HepG2_02_cell_006\metadata.json","263","396b0fe3e7354e83fff600ca184f89582276f5d9c38d2ee9399aa30b5c7c515d"
"data\raw\res\HepG2\HepG2_02_cell_007\HepG2_02_cell_007_fad.tif","26912","a6153e0f8221a2a34b079fcc511ea1b48384bc31ae14de2b6981632b651cd6c6"
"data\raw\res\HepG2\HepG2_02_cell_007\HepG2_02_cell_007_lipid.tif","26912","a019430b20cb100bbbe4564714ab9f9c3b98a57988b1dbc43ede50700c2c76e5"
"data\raw\res\HepG2\HepG2_02_cell_007\HepG2_02_cell_007_mask.tif","26912","c7e438857bec145ccdb18e2886e7f6b89fe55edfb33044f0f8335f00306689ae"
"data\raw\res\HepG2\HepG2_02_cell_007\HepG2_02_cell_007_nadh.tif","26912","24e61d1ca9b2de9f358973487d62c6047a60966c83db63a94b098dafc49803a4"
"data\raw\res\HepG2\HepG2_02_cell_007\HepG2_02_cell_007_OCT.tif","80240","7da4d2f753600a2320ff011c8eb2219e0b0f50076102f6248f3f235df201b9cc"
"data\raw\res\HepG2\HepG2_02_cell_007\HepG2_02_cell_007_protein.tif","26912","722d90e063a9039d6606e101a18afac61c278f66f1d6b79e40a1eaaba5e189ec"
"data\raw\res\HepG2\HepG2_02_cell_007\metadata.json","263","508e15e2a55987df69a43e64964824846cd4d3ea565b547fd98edf7b476bef95"
"data\raw\res\HepG2\HepG2_02_cell_008\HepG2_02_cell_008_fad.tif","29396","820660204d9e5d9e3b7af64a810b53f12e7ee66c89b322c5299575273a206dae"
"data\raw\res\HepG2\HepG2_02_cell_008\HepG2_02_cell_008_lipid.tif","29396","c1c9cff400ef456868d7bd95a3a7ef083e244e6f23d0cadaad75d8631edb2d6a"
"data\raw\res\HepG2\HepG2_02_cell_008\HepG2_02_cell_008_mask.tif","29396","fef8f1faec842bcdef12d00140b8bcb8271d414f64c3b992db536e4d7bbd9eff"
"data\raw\res\HepG2\HepG2_02_cell_008\HepG2_02_cell_008_nadh.tif","29396","9989d847988e1f2678601efd7e1f953d2eda258a43940727ab01693281380ad3"
"data\raw\res\HepG2\HepG2_02_cell_008\HepG2_02_cell_008_OCT.tif","87692","f9ec10568223fbfa54cae29711b7cd22d0ff01bfea54451e2dd85293e611bace"
"data\raw\res\HepG2\HepG2_02_cell_008\HepG2_02_cell_008_protein.tif","29396","5162e3a1c98463a14752e0b41921dd7c80723dce2e095885301cbb93f007e862"
"data\raw\res\HepG2\HepG2_02_cell_008\metadata.json","263","7bb9032132d42f24629b45ba936b5f89ff469e7cd588392f13dce3382f1c5b60"
"data\raw\res\HepG2\HepG2_03_cell_001\HepG2_03_cell_001_fad.tif","44682","3f110c454e97fd77a1b45dbf3540d4d7562d3f7fd725cf5c18622556b60a532f"
"data\raw\res\HepG2\HepG2_03_cell_001\HepG2_03_cell_001_lipid.tif","44682","13d32a154f9c212b351d8369cba94c1d327c73bf3f9484e3bd1f0caaf2a28e08"
"data\raw\res\HepG2\HepG2_03_cell_001\HepG2_03_cell_001_mask.tif","44682","06e26246272dae0dcd62220bce62f681a4d2f8ddae3d9f0edf7e7edc51016972"
"data\raw\res\HepG2\HepG2_03_cell_001\HepG2_03_cell_001_nadh.tif","44682","b39c75e13254f5436c977f5e57d73e01d7d535af51366eb5901d5e9f79189176"
"data\raw\res\HepG2\HepG2_03_cell_001\HepG2_03_cell_001_OCT.tif","133550","cb7f1e5e0f074d2de0583557324b6fe5a08a50d35a2f82ac550020d140187c38"
"data\raw\res\HepG2\HepG2_03_cell_001\HepG2_03_cell_001_protein.tif","44682","de8b954be6ff1dd22bb34e323e0807c7ad14fa67ff2a91844dfe0f0d6e52d877"
"data\raw\res\HepG2\HepG2_03_cell_001\metadata.json","261","458a3e43e8e44d5344798b33ca0bf5d4fb909a7ae6f2d6f568a497807f2e1c2f"
"data\raw\res\HepG2\HepG2_03_cell_002\HepG2_03_cell_002_fad.tif","37856","468df8bd2a9a72fa79c47e86cd1835cfb456170429faf461e5df6ae83a9a015e"
"data\raw\res\HepG2\HepG2_03_cell_002\HepG2_03_cell_002_lipid.tif","37856","d64d9843745a2fe81ddd0029bae6d874e98946a754a8d123ca212f73a0d493f9"
"data\raw\res\HepG2\HepG2_03_cell_002\HepG2_03_cell_002_mask.tif","37856","6fc4d2365a0556c3ae23347f604c0d01705fffddf3c72b0c5d223bedb5ce59ed"
"data\raw\res\HepG2\HepG2_03_cell_002\HepG2_03_cell_002_nadh.tif","37856","cb0f23b33de0d684a59f45e5071f0bf0f630b929a394082116fc2942aa97071b"
"data\raw\res\HepG2\HepG2_03_cell_002\HepG2_03_cell_002_OCT.tif","113072","a6025c6962a48c645009d7ef046e388057bc910a8c286a68e4a90d27879d5613"
"data\raw\res\HepG2\HepG2_03_cell_002\HepG2_03_cell_002_protein.tif","37856","e1f4010a41ef434096ee716d0935c0cf65d75ffb0cbbeefdd31c0866b07b1b8f"
"data\raw\res\HepG2\HepG2_03_cell_002\metadata.json","262","f0aeaba9ba12ee4ffb0891f692bedc73bef3dc2b3980b0b5bf0d9ec265b7236a"
"data\raw\res\HepG2\HepG2_03_cell_003\HepG2_03_cell_003_fad.tif","35905","2bedfbe30905d69f6275335ea668d61c817a3d547928ec3b5203c23574c28c79"
"data\raw\res\HepG2\HepG2_03_cell_003\HepG2_03_cell_003_lipid.tif","35905","4d29441a5a6ad7ff3f9ad99ca6f3b8dacb5ade9b162bfb80ecbf3b3093841f8a"
"data\raw\res\HepG2\HepG2_03_cell_003\HepG2_03_cell_003_mask.tif","35905","a0fc3211d407f56251bfb5badb3fbfcca0ad425fb20643390f61874224fb9d22"
"data\raw\res\HepG2\HepG2_03_cell_003\HepG2_03_cell_003_nadh.tif","35905","9eefc90168b24f4dba22de7290ffeff7b82eea9295d43b9a36d51645a7391ac8"
"data\raw\res\HepG2\HepG2_03_cell_003\HepG2_03_cell_003_OCT.tif","107219","0676047821ec2f0be242517dfca4f3b836437e80f6b8e6bb96b53742e9f0a762"
"data\raw\res\HepG2\HepG2_03_cell_003\HepG2_03_cell_003_protein.tif","35905","a0e73aeba8fbcc24cb6794dbb0cd154e8d54f6b20678e4e859624101b3d8b4bb"
"data\raw\res\HepG2\HepG2_03_cell_003\metadata.json","262","816e2d5825fca9805850a9aa39af0ad573d1bb22835072c704c04b3a81411472"
"data\raw\res\HepG2\HepG2_03_cell_004\HepG2_03_cell_004_fad.tif","80756","de1d9154132bd6ad5712998b1d15d2b6ed9af74c3a42ef16eb90eeb310e60ffd"
"data\raw\res\HepG2\HepG2_03_cell_004\HepG2_03_cell_004_lipid.tif","80756","c4b2a9b767d2a60cd9f5075fff62f10dc3eff87b9644f80ca2e0bb379527487f"
"data\raw\res\HepG2\HepG2_03_cell_004\HepG2_03_cell_004_mask.tif","80756","7dd4d9c8562519d21e678a9e3c051c46883686292ffb73bc3d243839e3173a12"
"data\raw\res\HepG2\HepG2_03_cell_004\HepG2_03_cell_004_nadh.tif","80756","0b501ec8025d8d8951be44307c599eff16111cb120ec35dbc5b2a6cebd110b4e"
"data\raw\res\HepG2\HepG2_03_cell_004\HepG2_03_cell_004_OCT.tif","241772","2b1e66d2b504a786a4b6d24ce0076b725c4245fb5d1b047b4ea42ea4d14d1650"
"data\raw\res\HepG2\HepG2_03_cell_004\HepG2_03_cell_004_protein.tif","80756","5b2c66f7a646f4a10ea784f49c9b2c99815a28c7b892157e7d086d5190c9eae0"
"data\raw\res\HepG2\HepG2_03_cell_004\metadata.json","263","ca52a771e6bcc267c5ed3efca9c1d466f2a46f28f8c67bf8ee6991964e548a36"
"data\raw\res\HepG2\HepG2_04_cell_001\HepG2_04_cell_001_fad.tif","111346","8f0ca53a1bb16d051bbfdae71dc1be59d7c51001185275d5533701e758485e25"
"data\raw\res\HepG2\HepG2_04_cell_001\HepG2_04_cell_001_lipid.tif","111346","db201f01f3c21558f64145a61ef4272d3ddd1b921af508cf99cc8d2185b56fc5"
"data\raw\res\HepG2\HepG2_04_cell_001\HepG2_04_cell_001_mask.tif","111346","b711bc6c4035b33865f4c2aa1afb3e07dc1c54f6c27c0c8952ec1601a41036e8"
"data\raw\res\HepG2\HepG2_04_cell_001\HepG2_04_cell_001_nadh.tif","111346","90159844b7ae6d2b79525312472334e2aacb426074dde759eaea6c0eba8c8ae5"
"data\raw\res\HepG2\HepG2_04_cell_001\HepG2_04_cell_001_OCT.tif","333542","623c14c857616082b2f3c211d8939a9237cb887453af39ace50148c0cf689215"
"data\raw\res\HepG2\HepG2_04_cell_001\HepG2_04_cell_001_protein.tif","111346","bbfb027a0a208230c166dea577a98e4a7dfe055bb89ca03f6f2139904896cd3e"
"data\raw\res\HepG2\HepG2_04_cell_001\metadata.json","263","2184f49be4c0476956f3db135aeb8dc27e1bf9712c5d47a05cbc4913ae340b46"
"data\raw\res\HepG2\HepG2_04_cell_002\HepG2_04_cell_002_fad.tif","97054","0cb23210eb942e9669c1bb8b7fed15669c8799a083165afbf277d1eb426e5e3e"
"data\raw\res\HepG2\HepG2_04_cell_002\HepG2_04_cell_002_lipid.tif","97054","532580f6a7d64b087411aef549175149217ede5d4059b4de2a9f66d4a6ffd29e"
"data\raw\res\HepG2\HepG2_04_cell_002\HepG2_04_cell_002_mask.tif","97054","0d4da47f99b0286c7ac794463e99e27cc1124722ed0e87e43bf863277edadcff"
"data\raw\res\HepG2\HepG2_04_cell_002\HepG2_04_cell_002_nadh.tif","97054","41bf66ef17f4fe9bd3fab7083123a4db25c665df536ca7f309fed816e5dd4787"
"data\raw\res\HepG2\HepG2_04_cell_002\HepG2_04_cell_002_OCT.tif","290666","8981f196a595dc6089cea892468da16fb5ad1314d5d4770b80eb3b9610146b43"
"data\raw\res\HepG2\HepG2_04_cell_002\HepG2_04_cell_002_protein.tif","97054","e9803e2a7ca4b5c38705f7667410b5c7339a866aef0a09af1155f8aea1889ff2"
"data\raw\res\HepG2\HepG2_04_cell_002\metadata.json","262","730b926f7ad396c4518ac6d672b8efcb65181727a7900d205fab7095e45b74f6"
"data\raw\res\HepG2\HepG2_05_cell_001\HepG2_05_cell_001_fad.tif","27662","1d3b01ed370050543174ea6f6b1a15943af6873c4307069f43cdbca27e0de8fb"
"data\raw\res\HepG2\HepG2_05_cell_001\HepG2_05_cell_001_lipid.tif","27662","9b55616f26323b1f4e66feb4bf293c1588baf374c13779bff317c79ac0a5b1c1"
"data\raw\res\HepG2\HepG2_05_cell_001\HepG2_05_cell_001_mask.tif","27662","b3a4479427925a54dc2dc31a5f98d3bce3d88d6725eff671d066dfccfc2a4d84"
"data\raw\res\HepG2\HepG2_05_cell_001\HepG2_05_cell_001_nadh.tif","27662","0b03e655d3e9bf154b6a68ebbd4de641282118d189664fd19c73d724365526be"
"data\raw\res\HepG2\HepG2_05_cell_001\HepG2_05_cell_001_OCT.tif","82490","d53d51cae2781254e624793697e5a49b444741bb74ced04a4bbf0c1eaf50fe19"
"data\raw\res\HepG2\HepG2_05_cell_001\HepG2_05_cell_001_protein.tif","27662","5cf445754ec69139839a6a0970f2243c2354848fd3e715a938a6e3e41c34f7f7"
"data\raw\res\HepG2\HepG2_05_cell_001\metadata.json","262","678b8c9c158c04410e43f72e37d411295c9edbc62c4892e86bf00006f92efae6"
"data\raw\res\HepG2\HepG2_05_cell_002\HepG2_05_cell_002_fad.tif","51685","c528aef5f62189b7d77c9d26aba777b74e4776cfc85f0d9942b233527be9e39f"
"data\raw\res\HepG2\HepG2_05_cell_002\HepG2_05_cell_002_lipid.tif","51685","24f5fd64087d129c3057a9ef88ff095e211c87b60401288cfcbd85530d7a70f8"
"data\raw\res\HepG2\HepG2_05_cell_002\HepG2_05_cell_002_mask.tif","51685","ee4c79eee73eb4692279f73fdb37a35b2c7e9362c33b03f1144b3f8798b87348"
"data\raw\res\HepG2\HepG2_05_cell_002\HepG2_05_cell_002_nadh.tif","51685","10afda24b5f7a97b978b3950e73ed6647b8fb94caabfed3b169fde5aa86826a6"
"data\raw\res\HepG2\HepG2_05_cell_002\HepG2_05_cell_002_OCT.tif","154559","b6662e64f9c1082def89b941f92c939c5eedd20089be0cb063f156c963c74ce8"
"data\raw\res\HepG2\HepG2_05_cell_002\HepG2_05_cell_002_protein.tif","51685","7c600d3530dd9ff4277a28293627963df510cd7d0ca12f19dae94f453393b3f6"
"data\raw\res\HepG2\HepG2_05_cell_002\metadata.json","261","a629dddce74c544de06b2e71aecdeb20756bbf6e03109f24e79222e049307ee3"
"data\raw\res\HepG2\HepG2_05_cell_003\HepG2_05_cell_003_fad.tif","32386","1d412fa5e82fe1b0223ea2298138908946091fbddab6e50fa6ec816bdf853c5e"
"data\raw\res\HepG2\HepG2_05_cell_003\HepG2_05_cell_003_lipid.tif","32386","6d04ccc79a3036365ccde7b387145bf0d0fbdcaf3209a0f3d144efec6b393f57"
"data\raw\res\HepG2\HepG2_05_cell_003\HepG2_05_cell_003_mask.tif","32386","188dfdfb63ec96c97d4a0fd371ee09d5dae1a3fe2295e838522b9f2590c0a91b"
"data\raw\res\HepG2\HepG2_05_cell_003\HepG2_05_cell_003_nadh.tif","32386","e8e529e5579830aebcc6f3d79ed89b13839c25fd14821d0dbab1b14a75de1983"
"data\raw\res\HepG2\HepG2_05_cell_003\HepG2_05_cell_003_OCT.tif","96662","878c2070e51085f0b721abe75d17b32301d26b2e7f5fd56abb1939c29b6d82b0"
"data\raw\res\HepG2\HepG2_05_cell_003\HepG2_05_cell_003_protein.tif","32386","0fb4bcc869c59d4c04b505e90421d40469be373a72a0521b7bc6d2886118e771"
"data\raw\res\HepG2\HepG2_05_cell_003\metadata.json","262","6172b7a0aba7f14bc3f6595953193bc8292123f197d148cd896cda45ae7e48f4"
"data\raw\res\HepG2\HepG2_05_cell_004\HepG2_05_cell_004_fad.tif","57775","675408a37998e6df5da2fbd9957a778a971ebf43c570b03696819ecd2fed4efd"
"data\raw\res\HepG2\HepG2_05_cell_004\HepG2_05_cell_004_lipid.tif","57775","c36ff14ce10a3719929b20850e6b6f817a7438006f7b10175a2359dc508ffabb"
"data\raw\res\HepG2\HepG2_05_cell_004\HepG2_05_cell_004_mask.tif","57775","ebfcd178aeff2eb7efd3c22af48b213e96dbcd08d6c7ecaa307ad7323c181b96"
"data\raw\res\HepG2\HepG2_05_cell_004\HepG2_05_cell_004_nadh.tif","57775","08550e3b47d8f420915706af654023e462b65745509e3c0ea827f077cf8f0283"
"data\raw\res\HepG2\HepG2_05_cell_004\HepG2_05_cell_004_OCT.tif","172829","913a0ab7290389801fc4f0294d63d83a32a2b18c125d39f99cf120bf02df369e"
"data\raw\res\HepG2\HepG2_05_cell_004\HepG2_05_cell_004_protein.tif","57775","f2185d97e58bb93c4106244dde7227020474eef7db7cae5a312dd515fc15ede7"
"data\raw\res\HepG2\HepG2_05_cell_004\metadata.json","263","95d41fc4c6e1c4cc3b850ec12f453a2473f309e2644b0d971f71713b3fc88e5d"
"data\raw\res\HepG2\HepG2_06_cell_001\HepG2_06_cell_001_fad.tif","27456","06f12956d1cb5eec33aefb62802538dd8efac4da2ef013dc0259c220ccd13a0c"
"data\raw\res\HepG2\HepG2_06_cell_001\HepG2_06_cell_001_lipid.tif","27456","35143bd4842cf58db0b0d6327c75710ebbe06f664711ac5922d5734982fe7d4f"
"data\raw\res\HepG2\HepG2_06_cell_001\HepG2_06_cell_001_mask.tif","27456","fa7ae7e71f0fd5f569930b702e3e284c6bfbe6a487c7a807e826ade649df825f"
"data\raw\res\HepG2\HepG2_06_cell_001\HepG2_06_cell_001_nadh.tif","27456","7873fffaf7603fee07b3dfc3d1316434300b973044715ef6aa5773c998e4d780"
"data\raw\res\HepG2\HepG2_06_cell_001\HepG2_06_cell_001_OCT.tif","81872","eb284f7431ecd94cdb0d93e610f306ffa05f4fd82e84cf633bb280184175ab70"
"data\raw\res\HepG2\HepG2_06_cell_001\HepG2_06_cell_001_protein.tif","27456","b43d150213f6bae5809c6667be907b91dae322c65f526922e4df56e51eb31077"
"data\raw\res\HepG2\HepG2_06_cell_001\metadata.json","262","019c66bc1129c708818f9ac793633796cc62cf9c54dd7c41d100747d5a33dced"
"data\raw\res\HepG2\HepG2_06_cell_002\HepG2_06_cell_002_fad.tif","34627","99343a82e16c0a3899e22cf09d66109bee7bff74207608f559e3413a0014b65b"
"data\raw\res\HepG2\HepG2_06_cell_002\HepG2_06_cell_002_lipid.tif","34627","77dfbf8a9f0db0706588ac1420242d2f4af9fc5ee51fb0106cb1b9952dacf3df"
"data\raw\res\HepG2\HepG2_06_cell_002\HepG2_06_cell_002_mask.tif","34627","5575b25f545de266e453767625576e748517ab0a76ea1a09c58ecba1e7e6021a"
"data\raw\res\HepG2\HepG2_06_cell_002\HepG2_06_cell_002_nadh.tif","34627","06ecdb874d42f7be76a7d4f12523d8e76b715a0f859d4d95cf8ad2c17f2002f2"
"data\raw\res\HepG2\HepG2_06_cell_002\HepG2_06_cell_002_OCT.tif","103385","f39cd2f92520c5b9c31e8bd1830b4580714ba20dd9728b8b0d5a43f76cada0d7"
"data\raw\res\HepG2\HepG2_06_cell_002\HepG2_06_cell_002_protein.tif","34627","85f32e45f8c2b21068fe4d6a944b56c4648b95c3ef759212f7228a65fced74d0"
"data\raw\res\HepG2\HepG2_06_cell_002\metadata.json","262","abf840e853f89964fdb529683de03ff67a0ad4a1229f5ac6defcb1d5c19a48e7"
"data\raw\res\HepG2\HepG2_06_cell_003\HepG2_06_cell_003_fad.tif","53092","229f14ee81c75286174cd5a7a3c32af89a4b4eb34bd0d3afe577434970a97874"
"data\raw\res\HepG2\HepG2_06_cell_003\HepG2_06_cell_003_lipid.tif","53092","431f197cd120aaac0143142d59871c975c47f3f036c5ffc9a37dbad8f341b83d"
"data\raw\res\HepG2\HepG2_06_cell_003\HepG2_06_cell_003_mask.tif","53092","da5eb74df5b4cd75072a95ee7225f01f9e37b74eab85ccf77af0e5805c1aa01f"
"data\raw\res\HepG2\HepG2_06_cell_003\HepG2_06_cell_003_nadh.tif","53092","c7b67d1fb9fb8aafed0b18a8de89f3767144ec35968de645e05977d6475c7348"
"data\raw\res\HepG2\HepG2_06_cell_003\HepG2_06_cell_003_OCT.tif","158780","3062e3cdd5c7329e15ac4ad0944224df6380caebbeb4f837a356a6c34d4b819f"
"data\raw\res\HepG2\HepG2_06_cell_003\HepG2_06_cell_003_protein.tif","53092","ac4ad9f3c36f6c8b8565f70074517cd32ddfccb2e4e96a06feba2b6074e48560"
"data\raw\res\HepG2\HepG2_06_cell_003\metadata.json","263","b3a94d07fbf6a6ae7533f380864a9f95179e974959ba0d919a695fddb8f5b4e9"
"data\raw\res\HepG2\HepG2_06_cell_004\HepG2_06_cell_004_fad.tif","50194","5ba3aac56ccfb6f1dea4c598f25a323e5f19ee61f6fb0115ccd789df1692daad"
"data\raw\res\HepG2\HepG2_06_cell_004\HepG2_06_cell_004_lipid.tif","50194","97b12db787ade3e086a1750ba9e5f9031c83aacb20be5be6135edfac2ed98986"
"data\raw\res\HepG2\HepG2_06_cell_004\HepG2_06_cell_004_mask.tif","50194","21d31d0a4dfd74202c4dabd9be361b08150f9e4f763ded1e8e7d9a823c91e648"
"data\raw\res\HepG2\HepG2_06_cell_004\HepG2_06_cell_004_nadh.tif","50194","8655c82028128207423e542de1189706ca4c8dd2b22acad8032f7d5a4ce52b6d"
"data\raw\res\HepG2\HepG2_06_cell_004\HepG2_06_cell_004_OCT.tif","150086","0e670adc12bed2fde47467cd7a28c70ec53406be0829e8e5a4ed22a5e162178f"
"data\raw\res\HepG2\HepG2_06_cell_004\HepG2_06_cell_004_protein.tif","50194","aa509f74d5f055e73e74f4dc53468731ee89e9c6d38ea61dad2a02f136c3f60b"
"data\raw\res\HepG2\HepG2_06_cell_004\metadata.json","263","1d0abf7044fd5571f60b6cc3a7209ebb278c380115df3eea5d1afc8c2822b6fc"
"data\raw\res\HepG2\HepG2_06_cell_005\HepG2_06_cell_005_fad.tif","55584","b6463159fc10106e943d03c89a5784605ee99d9f510108a73bb06ab8e496e917"
"data\raw\res\HepG2\HepG2_06_cell_005\HepG2_06_cell_005_lipid.tif","55584","c271d5dd4bbd7473e0b763375eaa0a5acf5f4b5c6b4c1c173c8259e78b4cf692"
"data\raw\res\HepG2\HepG2_06_cell_005\HepG2_06_cell_005_mask.tif","55584","cf088ee711377ee2f3efe92b9da5df7b422f0cb71db5b27440496ef6093c2125"
"data\raw\res\HepG2\HepG2_06_cell_005\HepG2_06_cell_005_nadh.tif","55584","643366722b29a1fad676abadfa61c89e0e587c6efe6a8727f0ebde93fef66d49"
"data\raw\res\HepG2\HepG2_06_cell_005\HepG2_06_cell_005_OCT.tif","166256","26879a1f51e53a7017b13f82c0db3e6d17b0bb7e3f4b7574969b9abf00d475ca"
"data\raw\res\HepG2\HepG2_06_cell_005\HepG2_06_cell_005_protein.tif","55584","418d956dcba7af4ba3e2b799936236b2e3205f1c30f9a86e25a2f15b30c78090"
"data\raw\res\HepG2\HepG2_06_cell_005\metadata.json","263","c2fda439c2635885ee74348f65103988454bcf01c52f23cf7e6a168acd86e366"
"data\raw\res\HepG2\HepG2_07_cell_001\HepG2_07_cell_001_fad.tif","55318","ef611cc71d3e894546cb431ed7602f8f6b18e0225b365a2c45f5b11ad1f13e6f"
"data\raw\res\HepG2\HepG2_07_cell_001\HepG2_07_cell_001_lipid.tif","55318","4bfddbb3226ea6f1bde8aa40ac135d6caa4142712a75667d7649a9e1d3d5d721"
"data\raw\res\HepG2\HepG2_07_cell_001\HepG2_07_cell_001_mask.tif","55318","f753f416d8655fec0af80c33fab5f1a891a92691d7dd5450bf4fb7a52acd57f8"
"data\raw\res\HepG2\HepG2_07_cell_001\HepG2_07_cell_001_nadh.tif","55318","5b2ec2d1c86ad1c3c94416122165f053ca19394ef3124123d7da3c3f150d4d0d"
"data\raw\res\HepG2\HepG2_07_cell_001\HepG2_07_cell_001_OCT.tif","165458","b66398506925986ccf9417618cf27eb459ece2ab3b0d2c6a77e0d6bc62de32f0"
"data\raw\res\HepG2\HepG2_07_cell_001\HepG2_07_cell_001_protein.tif","55318","2f583cc1454684da5de871094ce3a3926051b001525cea4e988ecdd5894aee5d"
"data\raw\res\HepG2\HepG2_07_cell_001\metadata.json","263","2814cb96df14915c56f6e23af60c0ca1431d0e44e24b280dacabc3014884915b"
"data\raw\res\HepG2\HepG2_07_cell_002\HepG2_07_cell_002_fad.tif","57118","36728b4ee4ee1f495a85695c55a9741ab2035aaeb6941e9a693e7928a582e80d"
"data\raw\res\HepG2\HepG2_07_cell_002\HepG2_07_cell_002_lipid.tif","57118","d352c85a451d41c36eba445bc52039eb21a36a0b111850cdbecbf38a5e2b83f3"
"data\raw\res\HepG2\HepG2_07_cell_002\HepG2_07_cell_002_mask.tif","57118","34cc2ff7ee819d2a337718ae7171d7fa58b2f609c2bf8c86de72693342e14eb9"
"data\raw\res\HepG2\HepG2_07_cell_002\HepG2_07_cell_002_nadh.tif","57118","1f59b61028b6707a63222fabf319ea78ad99deab12098ee5eb3ac28ee06c668e"
"data\raw\res\HepG2\HepG2_07_cell_002\HepG2_07_cell_002_OCT.tif","170858","27e390eafdc8bc09fe64bcc1f7f1f26ee9d7861ff493e83f1d2253ed3a431c60"
"data\raw\res\HepG2\HepG2_07_cell_002\HepG2_07_cell_002_protein.tif","57118","5b51c3496892dbcc94a3fe6ec2d4340ab7e8574e4179e4bac40e7a58b842c6ae"
"data\raw\res\HepG2\HepG2_07_cell_002\metadata.json","263","e7fda0ffa0d26c6f5076003bfe53e53ae0ed272e3c1a592775c3c3fa2a1b6e08"
"data\raw\res\HepG2\HepG2_07_cell_003\HepG2_07_cell_003_fad.tif","55498","cbf80c43c66b4f595d588aa2ca6d82eede3586fe3a92054384899f61f0572bc8"
"data\raw\res\HepG2\HepG2_07_cell_003\HepG2_07_cell_003_lipid.tif","55498","21b3804694e2a07b1a531f9513306329a15b2a6986d0f30141c563cdca30e463"
"data\raw\res\HepG2\HepG2_07_cell_003\HepG2_07_cell_003_mask.tif","55498","57b52e30fae64d75d7b7e091f381b0b84f3db64549905f2c14c5261d537526c6"
"data\raw\res\HepG2\HepG2_07_cell_003\HepG2_07_cell_003_nadh.tif","55498","50e5ea010bbcb86658cef4965436b22793fab539fd9ea14ca2b76a05613d710a"
"data\raw\res\HepG2\HepG2_07_cell_003\HepG2_07_cell_003_OCT.tif","165998","b880ea56b18af3fb6aef7aaa9f6097067cf7eeb0c53ab3bc43741eda84abad31"
"data\raw\res\HepG2\HepG2_07_cell_003\HepG2_07_cell_003_protein.tif","55498","876cebb017b87c875500c90c01e8168a1c0a827e5678fe2bf754027bd29dbc0e"
"data\raw\res\HepG2\HepG2_07_cell_003\metadata.json","262","715cd39429adcfc0db28ae19eba5ef4e270051a40ede2f36cbaaf8b5e9981715"
"data\raw\res\HepG2\HepG2_07_cell_004\HepG2_07_cell_004_fad.tif","57901","d8f667df172e185155888aa7339aa3451325040bf6900eab33b5df65fc51af5d"
"data\raw\res\HepG2\HepG2_07_cell_004\HepG2_07_cell_004_lipid.tif","57901","4bd07c7f5f5c07f8140470aa89a9635fe679eabc05ff5d0bbce70e3c74afa12b"
"data\raw\res\HepG2\HepG2_07_cell_004\HepG2_07_cell_004_mask.tif","57901","bf6a87a723189b87b69ae5046d2a6c885a47864a034ac33b5c7774d223f4eec7"
"data\raw\res\HepG2\HepG2_07_cell_004\HepG2_07_cell_004_nadh.tif","57901","a0f11b868dd37ec82b0a62f402f2e1b1aa24a4bc3a1807402818ecf75de1bb6a"
"data\raw\res\HepG2\HepG2_07_cell_004\HepG2_07_cell_004_OCT.tif","173207","5e3779538f316717d88811ca78373e33a140f638828fcfbe3e443b64d635d1ef"
"data\raw\res\HepG2\HepG2_07_cell_004\HepG2_07_cell_004_protein.tif","57901","6dcaf7f163e39d95ec18da0d6a3974623688ee721bacfad785edcdc6b1d1a357"
"data\raw\res\HepG2\HepG2_07_cell_004\metadata.json","263","d3e7f6a315fa6514c67c2b5c1c0a80fb4f88c43b94821111f450b0db3a91304a"
"data\raw\res\HepG2\HepG2_07_cell_005\HepG2_07_cell_005_fad.tif","23048","b4a34b9e97ab62d235c0dbb9abc1ca845674fb556aa123d4d2a7740fe71c12bc"
"data\raw\res\HepG2\HepG2_07_cell_005\HepG2_07_cell_005_lipid.tif","23048","da6c023934c75c88c75e74e7a1ec5280e7f64ca347420a7e0a12d54f45d2f3ac"
"data\raw\res\HepG2\HepG2_07_cell_005\HepG2_07_cell_005_mask.tif","23048","a26126d27282ab42ba1ebd9a8e4611521d2954b3aea165af883f7e19103dc1a3"
"data\raw\res\HepG2\HepG2_07_cell_005\HepG2_07_cell_005_nadh.tif","23048","599816807987dec71dd78117f93e01774ebea4bc2bab839dd8b8b9b5cc1065f3"
"data\raw\res\HepG2\HepG2_07_cell_005\HepG2_07_cell_005_OCT.tif","68648","480017cff614e8a7912865f18d94fd407cb1077d60266432c9917eb89c0c83a9"
"data\raw\res\HepG2\HepG2_07_cell_005\HepG2_07_cell_005_protein.tif","23048","1f0085f945c2f70790a651973ac88797ad27b238eb820cfaa886e9b21093c2b6"
"data\raw\res\HepG2\HepG2_07_cell_005\metadata.json","262","f546beeb7ffdca1a92d302f43589ed79ba6fbbcd103dc8197d45637f4472dbc1"
"data\raw\res\HepG2\HepG2_08_cell_002\HepG2_08_cell_002_fad.tif","50446","1f89322abc7f49f9a8bcb46fe4015e06a21a481b1caf2e129614b853ea04ee98"
"data\raw\res\HepG2\HepG2_08_cell_002\HepG2_08_cell_002_lipid.tif","50446","90e9ec311923e03f1de89fcade16b49be57534f6818bfdba11007dd4e41da4e6"
"data\raw\res\HepG2\HepG2_08_cell_002\HepG2_08_cell_002_mask.tif","50446","300f870bf8e8365f671ee62f67ac8d15aff4e9388d2cbe8c28cf973ad9cc87af"
"data\raw\res\HepG2\HepG2_08_cell_002\HepG2_08_cell_002_nadh.tif","50446","c854d48bac48e832fd5141c3116ed338a127a06dda8c5cc759cd0d9e33ab0480"
"data\raw\res\HepG2\HepG2_08_cell_002\HepG2_08_cell_002_OCT.tif","150842","d81d5a878c0b8459ae7ad4c7d3a030d49f8569ce7970962f27d30fdf79cbe1b8"
"data\raw\res\HepG2\HepG2_08_cell_002\HepG2_08_cell_002_protein.tif","50446","9be372d80103fc5a20ef7aedf31fdc4596b973682fb588baa36bc552ffa5497e"
"data\raw\res\HepG2\HepG2_08_cell_002\metadata.json","263","ab91ef5dcdf697fc0d494d3e022c7c5ed645c306313ffb0fc3531978e2b1cce5"
"data\raw\res\HepG2\HepG2_08_cell_003\HepG2_08_cell_003_fad.tif","59826","16a5a0a2299ac834abeb5121cba5d28572c8e6cc61ade7d6cd9888d43f3c8c24"
"data\raw\res\HepG2\HepG2_08_cell_003\HepG2_08_cell_003_lipid.tif","59826","32a12b0b418ac741659d7ca4d4f45594658860a6afba7e7464e8a2a24bd745d1"
"data\raw\res\HepG2\HepG2_08_cell_003\HepG2_08_cell_003_mask.tif","59826","a3b49f3dac13e2658ea0f55ef70a8a3f862cd0cb7b4dd4eefd23edf77d0b8e13"
"data\raw\res\HepG2\HepG2_08_cell_003\HepG2_08_cell_003_nadh.tif","59826","c8047afc597860c5055d5894f07f08a604631e10e4b84bdf98b349d8aacd66fc"
"data\raw\res\HepG2\HepG2_08_cell_003\HepG2_08_cell_003_OCT.tif","178982","d30e82ea05e934c5c214a511b907f3c02a560b51afc47fa7d8575af0eb6b14ab"
"data\raw\res\HepG2\HepG2_08_cell_003\HepG2_08_cell_003_protein.tif","59826","1909835dd2d19da37e6d17a3dc4b28963605680a764f8cc4e36d2b7b42d4f37a"
"data\raw\res\HepG2\HepG2_08_cell_003\metadata.json","263","8283cf2581de817c2a41e00f5781010f227e4b44103318a0c1173589436a29ec"
"data\raw\res\HepG2\HepG2_08_cell_004\HepG2_08_cell_004_fad.tif","32046","c62fdc153db436f67826926384f272fa4439cece951529ff9efb4b758b570d6c"
"data\raw\res\HepG2\HepG2_08_cell_004\HepG2_08_cell_004_lipid.tif","32046","37b598134634363f814c360c93ed0b0fcf071702e6ee5795ca0a24ed9c8c5963"
"data\raw\res\HepG2\HepG2_08_cell_004\HepG2_08_cell_004_mask.tif","32046","8e88fc977c92f31b3d67bc71133cc0c19b1dbae91fd6f120b912fb3a83ad4b8b"
"data\raw\res\HepG2\HepG2_08_cell_004\HepG2_08_cell_004_nadh.tif","32046","f814b317b09db9f7cf7e6db73a7875215396fdf1adf0bc043cb534e925fd0886"
"data\raw\res\HepG2\HepG2_08_cell_004\HepG2_08_cell_004_OCT.tif","95642","766ad9cd8a7c1bc8141429b673a5b2aa244f4b645d85eb0d9aeeff822846624d"
"data\raw\res\HepG2\HepG2_08_cell_004\HepG2_08_cell_004_protein.tif","32046","394ca5964a8172550348dbd5d8929cd5a3f4b8738702598006c5479c00ed3aa5"
"data\raw\res\HepG2\HepG2_08_cell_004\metadata.json","263","b72e2a74c486f03538b7f1b78915049d200f1de11a4c262a63386890a503f1ed"
"data\raw\res\HepG2\HepG2_08_cell_005\HepG2_08_cell_005_fad.tif","48928","18e4eaf2049007a6611c3a347ab8ab50c9e185c082870dd9a6d9d6a4a50bc386"
"data\raw\res\HepG2\HepG2_08_cell_005\HepG2_08_cell_005_lipid.tif","48928","5a01f5f851f33696f5c87c096b75378667485da4eb7cb5f828e24e26415e1f37"
"data\raw\res\HepG2\HepG2_08_cell_005\HepG2_08_cell_005_mask.tif","48928","7a9e422dea5d116576c576f2295ab4b250725889155628abc278052a0d51daee"
"data\raw\res\HepG2\HepG2_08_cell_005\HepG2_08_cell_005_nadh.tif","48928","1cf5b22fc8c506ea2dd8b024c9af6e0513c73dffdd6a5a5bac26627f78de89ec"
"data\raw\res\HepG2\HepG2_08_cell_005\HepG2_08_cell_005_OCT.tif","146288","6b64fb53e0fc5661c7961163b043eb1675e9177e2a89d024ae84de498dc74ecf"
"data\raw\res\HepG2\HepG2_08_cell_005\HepG2_08_cell_005_protein.tif","48928","a6a46db9cc894dc869815d543107a6902db82ab17a6273f54ada0ad6a69371d3"
"data\raw\res\HepG2\HepG2_08_cell_005\metadata.json","263","dc56780e75d0fa798318fa8e3998c0c6e4a4409c2ede91a83713c6c49a7d0c61"
"data\raw\res\HepG2\HepG2_09_cell_001\HepG2_09_cell_001_fad.tif","12312","c367ea42e7acdb4d46324f81050d57396b1e7c0222d5eab4a904aae8e26fff41"
"data\raw\res\HepG2\HepG2_09_cell_001\HepG2_09_cell_001_lipid.tif","12312","7d4d2a4342fbbb4849f6128cba82fe13ff9c0b569cc4428884fe4f4ffdf83544"
"data\raw\res\HepG2\HepG2_09_cell_001\HepG2_09_cell_001_mask.tif","12312","127244e27877c801a39ec2b9c36123c0b1eb79c123cefc2f562e013b4b036ce2"
"data\raw\res\HepG2\HepG2_09_cell_001\HepG2_09_cell_001_nadh.tif","12312","9d5656fe12ff56697ed263ba9a772556e4436c59979d04f1e9e9c99756a23c4d"
"data\raw\res\HepG2\HepG2_09_cell_001\HepG2_09_cell_001_OCT.tif","36440","9beec3959512189edcd81d692c8ec0dff0ba3d861470f38696e039edcc469287"
"data\raw\res\HepG2\HepG2_09_cell_001\HepG2_09_cell_001_protein.tif","12312","845705c034cf45675ea04fea59300aafad6a4d38457dcf317e591c83aa36dec2"
"data\raw\res\HepG2\HepG2_09_cell_001\metadata.json","260","bda71c41056d4bb3452fb0ff8a76b4a2c7f0a95c6c3e061c01aceaf6e0412db3"
"data\raw\res\HepG2\HepG2_09_cell_002\HepG2_09_cell_002_fad.tif","27310","c6fd4b3ae7a5de32cec46ac5e02beeeed8b082f87fac3c58390ba1a3623e6d14"
"data\raw\res\HepG2\HepG2_09_cell_002\HepG2_09_cell_002_lipid.tif","27310","4ee646ba934be523b72af5cc1506d56115aa455fdf2d815b7bf5f08e881f67fc"
"data\raw\res\HepG2\HepG2_09_cell_002\HepG2_09_cell_002_mask.tif","27310","30bebe22bc3f33f6c0ae198224dc381d4abfe24f9b031b09f8d4f86ede9d968c"
"data\raw\res\HepG2\HepG2_09_cell_002\HepG2_09_cell_002_nadh.tif","27310","c04101241102c9230cae23474d8d681f06ef49a8a4d473f8a2754cf4c2891eaa"
"data\raw\res\HepG2\HepG2_09_cell_002\HepG2_09_cell_002_OCT.tif","81434","6349e97ffc4ff2e3172527baaa909d3e9e0b7ecade4e43d4b384257797450db5"
"data\raw\res\HepG2\HepG2_09_cell_002\HepG2_09_cell_002_protein.tif","27310","71d66436ae446fc106c313e54d5174ac18b02ad40b1fd712ed12dad4675d1044"
"data\raw\res\HepG2\HepG2_09_cell_002\metadata.json","262","98392c32ca842816f7a74febc0bb4b711201b0cae4905b42685f0dfa719d5186"
"data\raw\res\HepG2\HepG2_09_cell_003\HepG2_09_cell_003_fad.tif","31132","79d8ea98356aa31104ec6cf79f2fc2e6fe1354e846c37b0d54f0e1a42b170a91"
"data\raw\res\HepG2\HepG2_09_cell_003\HepG2_09_cell_003_lipid.tif","31132","8199235e31b4ee85c34652c4352b9d54266b4f30b0cb5abe12ff04445bc65958"
"data\raw\res\HepG2\HepG2_09_cell_003\HepG2_09_cell_003_mask.tif","31132","7e7e7b659278dd4d698d1d996788413fece87579ce7f89ec414c667f728fdfd2"
"data\raw\res\HepG2\HepG2_09_cell_003\HepG2_09_cell_003_nadh.tif","31132","8a1f5c6b005c17908d957dfc0586a10ae606337bca8e958204461a828c68691a"
"data\raw\res\HepG2\HepG2_09_cell_003\HepG2_09_cell_003_OCT.tif","92900","e4b1c47214c42ed8070c3e2f5c704a27f989ca2c1982666781a9ef2bea5524c7"
"data\raw\res\HepG2\HepG2_09_cell_003\HepG2_09_cell_003_protein.tif","31132","396b31682271acc7a915a5221ed7444123538eaf179dbaa3f978f8e88f69d32a"
"data\raw\res\HepG2\HepG2_09_cell_003\metadata.json","262","7456c025465fee345cf18db9af5e001037c6d9bdf8a35d76bad14a5bd164d6d3"
"data\raw\res\HepG2\HepG2_09_cell_004\HepG2_09_cell_004_fad.tif","23506","8f121bc42b752108fcaf678aaa8f84a5a58086e3647b6fd7f305b3b3d4cd84e5"
"data\raw\res\HepG2\HepG2_09_cell_004\HepG2_09_cell_004_lipid.tif","23506","71eb3f04166f97f658f2c8336177d9527d419ce2fa186e3091d2704139b6fc29"
"data\raw\res\HepG2\HepG2_09_cell_004\HepG2_09_cell_004_mask.tif","23506","3025e7b9b76abe6ff258828a3b79ccf568b322e04765a6a4113aad08ffa5cec5"
"data\raw\res\HepG2\HepG2_09_cell_004\HepG2_09_cell_004_nadh.tif","23506","7ce28d26a4fdfd93cf7672631a6db0eea00b318b348a2e08b334d3790759f3c7"
"data\raw\res\HepG2\HepG2_09_cell_004\HepG2_09_cell_004_OCT.tif","70022","aacd2b1a198c6ad7ee10a8c0feca1685df5af69043541176d9f9cfc87ad3ef16"
"data\raw\res\HepG2\HepG2_09_cell_004\HepG2_09_cell_004_protein.tif","23506","a520bd6d12e21e214f94e217e4534a979bbba433b7ac716167c92d35a73cc31b"
"data\raw\res\HepG2\HepG2_09_cell_004\metadata.json","262","1248d3d556013829188888a275bc37f5a5f4a8faffc03a4228398234460500d5"
"data\raw\res\HepG2\HepG2_09_cell_005\HepG2_09_cell_005_fad.tif","22079","42bbfd68111f1e9b5d07eeaa6a974ea236f6df86a5630426efe75bb42ab4c6b1"
"data\raw\res\HepG2\HepG2_09_cell_005\HepG2_09_cell_005_lipid.tif","22079","ba698457d8e8669d57fa026be2f5c3eaf84831f9664d95b931419f34ed20dbe3"
"data\raw\res\HepG2\HepG2_09_cell_005\HepG2_09_cell_005_mask.tif","22079","5c4b89a8c4494493ada72dd801fa471bfb8dc1e46e61078c459b10ffd5a4b9b3"
"data\raw\res\HepG2\HepG2_09_cell_005\HepG2_09_cell_005_nadh.tif","22079","e82405eb3e8d6f55cdd4c1732e7a42b46b371b71433c8cb59931a60ec1620270"
"data\raw\res\HepG2\HepG2_09_cell_005\HepG2_09_cell_005_OCT.tif","65741","a9567ffee5fbd0f029579f9f10a70a48c298fb513a7236ef8232909e2b6171b8"
"data\raw\res\HepG2\HepG2_09_cell_005\HepG2_09_cell_005_protein.tif","22079","28bc670053594a9d9d3272f79fe85f805fcb0e51d79a93ecbfe4bd32301681fa"
"data\raw\res\HepG2\HepG2_09_cell_005\metadata.json","263","eedb614ec38b2169b44cc0e7028665371dc6d96fdfa713d7e3162fc9416fc82f"
"data\raw\res\HepG2\HepG2_09_cell_006\HepG2_09_cell_006_fad.tif","27310","a79c884de68a78264007cbb39101d23438dc7a88cce218c0c1282dc8dfd5903e"
"data\raw\res\HepG2\HepG2_09_cell_006\HepG2_09_cell_006_lipid.tif","27310","320210291417d0a991e574b03197976d774d803149e924a717e34db0cccea2c1"
"data\raw\res\HepG2\HepG2_09_cell_006\HepG2_09_cell_006_mask.tif","27310","7e7dd7b3df54147f4e7ed081d09ea5bdb37410b33cd5a9a17638ba7db18b7ac7"
"data\raw\res\HepG2\HepG2_09_cell_006\HepG2_09_cell_006_nadh.tif","27310","fcc82c7de3fe9ffa8857f6e2ad9e1de6ef5264973351ea00780a083006ece5b7"
"data\raw\res\HepG2\HepG2_09_cell_006\HepG2_09_cell_006_OCT.tif","81434","bb6a618e5e321e7e059316c20ad42e53325f1255314ec454cc5638724033edd4"
"data\raw\res\HepG2\HepG2_09_cell_006\HepG2_09_cell_006_protein.tif","27310","832c200320d1f2ab8d051962f6d6e546f5e35451bc471c5603a9d08fa4072432"
"data\raw\res\HepG2\HepG2_09_cell_006\metadata.json","263","9639f1cdc898178e3def17ae39a044f6befa55172c19249a1a7278db135677ea"
"data\raw\res\HepG2\HepG2_09_cell_007\HepG2_09_cell_007_fad.tif","20705","c8ba94dba1c3cf497a74b2cac2f651f3dc3b733171534a13255bc2e5568f0a7b"
"data\raw\res\HepG2\HepG2_09_cell_007\HepG2_09_cell_007_lipid.tif","20705","87a007cad068de877f30a5de3be459ac3f8873abe399bcfcc90aae17b27a6a12"
"data\raw\res\HepG2\HepG2_09_cell_007\HepG2_09_cell_007_mask.tif","20705","e316096e277f8aa4a010aadfc8bfd3621455e6de80708a958ab07a4d8cdc9adb"
"data\raw\res\HepG2\HepG2_09_cell_007\HepG2_09_cell_007_nadh.tif","20705","98ac887ae4924f3061003c8c71d96cd1d5cad8ffec67be9e1024f042b07a6489"
"data\raw\res\HepG2\HepG2_09_cell_007\HepG2_09_cell_007_OCT.tif","61619","f017127d1b13a79ef10786667405efcd474ced4aedb62727756928c97852fd09"
"data\raw\res\HepG2\HepG2_09_cell_007\HepG2_09_cell_007_protein.tif","20705","f0b3691558a6a3e1ffaa0578b93c3761cd842d250b4f95de83711629a8531d37"
"data\raw\res\HepG2\HepG2_09_cell_007\metadata.json","263","135a3a15d1647e29a018ce6e03f7a365248c7e3f6bf4c3c55848d4074a278b73"
"data\raw\res\HepG2\HepG2_09_cell_008\HepG2_09_cell_008_fad.tif","29131","b41cd480f92d69571643e62780b45df831eeb0f8b60f603151d03aac7d5e9414"
"data\raw\res\HepG2\HepG2_09_cell_008\HepG2_09_cell_008_lipid.tif","29131","6c8b0ecc57e4e7ce0e10289fb6a5944915219be2840c1c53e2aa6af64b0fcf0c"
"data\raw\res\HepG2\HepG2_09_cell_008\HepG2_09_cell_008_mask.tif","29131","4a7b5ebae1dc6b7a7c372a9072c7fbc024202e70933d4af28a184884d1ebe8f0"
"data\raw\res\HepG2\HepG2_09_cell_008\HepG2_09_cell_008_nadh.tif","29131","9e5478c72afc000772f451f0b9ddbb215053fb32e54144e042517b5ed579810e"
"data\raw\res\HepG2\HepG2_09_cell_008\HepG2_09_cell_008_OCT.tif","86897","99657bcb1a4b2d1d766b8a9ac9b56eaee2d36c53cfa72b983274726f3effbabb"
"data\raw\res\HepG2\HepG2_09_cell_008\HepG2_09_cell_008_protein.tif","29131","9f53d61f1c9f4157f870314e54d3168fe23842195fb79f17149d1c28e953c1a0"
"data\raw\res\HepG2\HepG2_09_cell_008\metadata.json","263","456624504822fabe3755cb3f3f797b4b26de40731527de29df2d7168c8e31326"
"data\raw\res\HepG2\HepG2_10_cell_001\HepG2_10_cell_001_fad.tif","30200","3dcd68a4bac4f15f10672a46e044206e95d48bf3df2b29f5a684b21a903b1f15"
"data\raw\res\HepG2\HepG2_10_cell_001\HepG2_10_cell_001_lipid.tif","30200","39ce83ea9c98bb4d6f71e3c267ab616ab1cbe6fe381a77913c9514025fa0b237"
"data\raw\res\HepG2\HepG2_10_cell_001\HepG2_10_cell_001_mask.tif","30200","847e797ec023ed8106715d17911a585e5a077e7dcc307147e9a7cce0372b62e1"
"data\raw\res\HepG2\HepG2_10_cell_001\HepG2_10_cell_001_nadh.tif","30200","4d48d93046ca38d36d768033dba5e011545a337c84c5a8154e0a8339d12fdb68"
"data\raw\res\HepG2\HepG2_10_cell_001\HepG2_10_cell_001_OCT.tif","90104","45c77dc748d4db02e3a40a97f66ccf5b19bf5fce04aff24e1866eae775cedfb3"
"data\raw\res\HepG2\HepG2_10_cell_001\HepG2_10_cell_001_protein.tif","30200","f7637c7ee17627b6dcf83804b4eac9a5521b077b9272dfdb5546c2530bdc046c"
"data\raw\res\HepG2\HepG2_10_cell_001\metadata.json","261","e785abe5b7667f7539342c0e6800fe28b6ec9f227eac667b8ffbb65ee1fbd84a"
"data\raw\res\HepG2\HepG2_10_cell_002\HepG2_10_cell_002_fad.tif","29670","bcb75295ccc94deb9f0063ed867de696f52593074308170e261c0af371aae48c"
"data\raw\res\HepG2\HepG2_10_cell_002\HepG2_10_cell_002_lipid.tif","29670","f3147af4d711a797c56941c5b87b566781e0e15ebb174731a48cf9a675182325"
"data\raw\res\HepG2\HepG2_10_cell_002\HepG2_10_cell_002_mask.tif","29670","4cc94bf7440d7512a292910eee991dc5dd770a17214cbb75e3c45ae0829129db"
"data\raw\res\HepG2\HepG2_10_cell_002\HepG2_10_cell_002_nadh.tif","29670","4c9d20407593bd00592171d89f07002ada7c390291a111a715981a45fbceeaff"
"data\raw\res\HepG2\HepG2_10_cell_002\HepG2_10_cell_002_OCT.tif","88514","995e89d7e310dc3f7c42dbd25850f7cebe773907ce67496b3d8436493d82376b"
"data\raw\res\HepG2\HepG2_10_cell_002\HepG2_10_cell_002_protein.tif","29670","e31660e4543b83d451d457fb86e474f7481996dbe4b0391ff41a2b13165e104b"
"data\raw\res\HepG2\HepG2_10_cell_002\metadata.json","262","7e98b9e842c226e4caae0a3ba73914e45bfeb5250c858e91234d30602363bdc7"
"data\raw\res\HepG2\HepG2_10_cell_003\HepG2_10_cell_003_fad.tif","30086","b38af713063b04f79386269fc81f215e7e69a86068feb79803a1b6d01312bfd1"
"data\raw\res\HepG2\HepG2_10_cell_003\HepG2_10_cell_003_lipid.tif","30086","5c3502c80218624e5a7e883070918ff95bef7aec271612fa5dc1147427b7a52b"
"data\raw\res\HepG2\HepG2_10_cell_003\HepG2_10_cell_003_mask.tif","30086","7a8550f2a3140c6ad48aafb036d5956635f82ce5ac7306f85f0e57a75bdd121b"
"data\raw\res\HepG2\HepG2_10_cell_003\HepG2_10_cell_003_nadh.tif","30086","53f4ae48df4d5c80ebae0f50e1bf34462a51499699699b4d830ef1badfd8a2c9"
"data\raw\res\HepG2\HepG2_10_cell_003\HepG2_10_cell_003_OCT.tif","89762","2deea58705684b022f82adacedcf63f5e327c293bc6db6acb5920fc0f1701ce3"
"data\raw\res\HepG2\HepG2_10_cell_003\HepG2_10_cell_003_protein.tif","30086","5d989030c1b41e974aafa72117bed9e22d10f0e04996d9c6d2081644acd7b03e"
"data\raw\res\HepG2\HepG2_10_cell_003\metadata.json","263","c5e27c4b6019e8ac130c91ecba6cac07d82917bbf3a6acb312718287ed75a3b3"
"data\raw\res\HepG2\HepG2_10_cell_004\HepG2_10_cell_004_fad.tif","27081","347e72a8774c583411c11457324f6bd27a6f1884b9ca284cf99c5e6f7c2e3e0f"
"data\raw\res\HepG2\HepG2_10_cell_004\HepG2_10_cell_004_lipid.tif","27081","d1658d97dd49b297fbd470764b8ee7dba38de577e3e617247a7d2b57f46e62ab"
"data\raw\res\HepG2\HepG2_10_cell_004\HepG2_10_cell_004_mask.tif","27081","588baa9451af90239d982eae1d1d2f829113e65fe1ac212abc3b90c381aa137e"
"data\raw\res\HepG2\HepG2_10_cell_004\HepG2_10_cell_004_nadh.tif","27081","f65e4106d0cf781898ad6e62751880206e5592d46423a579d4e05addd196a061"
"data\raw\res\HepG2\HepG2_10_cell_004\HepG2_10_cell_004_OCT.tif","80747","a8225406ad9e85e66ac99add8e69daab703b5fc58611bf418024304af732dc9a"
"data\raw\res\HepG2\HepG2_10_cell_004\HepG2_10_cell_004_protein.tif","27081","3a161b69c600d74fc2563bf467c339e1da4d1bce0731b396650879f9ad82470a"
"data\raw\res\HepG2\HepG2_10_cell_004\metadata.json","263","af22b2aad5e3eac3502afefe1e82c4c349604f9d172aa278f48247eff8e5f612"
"data\raw\res\HepG2\HepG2_10_cell_005\HepG2_10_cell_005_fad.tif","40936","27bc16d0558405abd55771ec46105a00d0353ea10ab866f8e2ab301e89df1b64"
"data\raw\res\HepG2\HepG2_10_cell_005\HepG2_10_cell_005_lipid.tif","40936","bab3fdbbb4ca174fa451373bd41458ec57df4a7721fbb460b3bf51b68f970f58"
"data\raw\res\HepG2\HepG2_10_cell_005\HepG2_10_cell_005_mask.tif","40936","e15f0e64ee493ee5848bbefc4a238dcef8ece8781d99daeff9f95266a6ab30be"
"data\raw\res\HepG2\HepG2_10_cell_005\HepG2_10_cell_005_nadh.tif","40936","63956dc70ea215b776efbfe1841cc67d0cb20b9c36c7cdf51242f30733488db3"
"data\raw\res\HepG2\HepG2_10_cell_005\HepG2_10_cell_005_OCT.tif","122312","143e50bfe6a017c880a222712ba72399b60d90e2cb796476c81aa58c4b936c15"
"data\raw\res\HepG2\HepG2_10_cell_005\HepG2_10_cell_005_protein.tif","40936","a13077990612559affc280a9835d9012e19fe40d955c1da696fb47a856c4eebb"
"data\raw\res\HepG2\HepG2_10_cell_005\metadata.json","263","4695d56c91c99951c9dce095cbeac76aa434cf16bc62928b8c3eb93ad8fd6f9e"
"data\raw\res\HepG2\HepG2_10_cell_006\HepG2_10_cell_006_fad.tif","65438","04d44e2d7458d86c2f154b5bed316bba0f66dc506d276c0e79d77be0e33a60c3"
"data\raw\res\HepG2\HepG2_10_cell_006\HepG2_10_cell_006_lipid.tif","65438","ff38da92a5d09343bcf0d2c64861fabaaf7107cd023e1ff1f61fe09d8023c60f"
"data\raw\res\HepG2\HepG2_10_cell_006\HepG2_10_cell_006_mask.tif","65438","a6e9245918495b4bb169e993586569e8340f0b81c2833518505e5130e46eccf2"
"data\raw\res\HepG2\HepG2_10_cell_006\HepG2_10_cell_006_nadh.tif","65438","bfbd6dd697514f2335a27659137873500022970c9986826d6574102910ffc8eb"
"data\raw\res\HepG2\HepG2_10_cell_006\HepG2_10_cell_006_OCT.tif","195818","460e5757398bac00e2403a9d43e7b0632d553022aaea619bf1a536b6df745bc2"
"data\raw\res\HepG2\HepG2_10_cell_006\HepG2_10_cell_006_protein.tif","65438","c7ed4fdf36bb16908ca603ddadba28628a261850b133f9477998cb44351230a5"
"data\raw\res\HepG2\HepG2_10_cell_006\metadata.json","262","0cee3f78ad17e3cd96852f3954e8476a8999a589df54b25ea125d4710ce36344"
"data\raw\res\HepG2\HepG2_11_cell_001\HepG2_11_cell_001_fad.tif","57181","5ef595afc60e45d15b1350b96eb919e7d2f998a6b17d47c1cb97701c42d3713a"
"data\raw\res\HepG2\HepG2_11_cell_001\HepG2_11_cell_001_lipid.tif","57181","00c427e6e95cea279141d283418bcbf9a3683717f2b10cc649e918a4388a5631"
"data\raw\res\HepG2\HepG2_11_cell_001\HepG2_11_cell_001_mask.tif","57181","e719cc7a391a351ea7894254ba8d26641dd16b4af0320fb88b1debea4e10d9f5"
"data\raw\res\HepG2\HepG2_11_cell_001\HepG2_11_cell_001_nadh.tif","57181","84adc623907ab41d05bedd18eb5cef8d75b7a57e505a94899e663d22da01506e"
"data\raw\res\HepG2\HepG2_11_cell_001\HepG2_11_cell_001_OCT.tif","171047","db4ee44578efeb59f2bf3ac7761420f980cf60e0f61766e44f9410e3eeaa03fe"
"data\raw\res\HepG2\HepG2_11_cell_001\HepG2_11_cell_001_protein.tif","57181","52448c608eddf77cd4122cd1fb8da8ab3f622f0d3f396408d81fb53cecf3974e"
"data\raw\res\HepG2\HepG2_11_cell_001\metadata.json","263","9c296a1d06f8a1110d2ecb9c0949afa4811b68972e7a4ea21725fbf1b1c11f78"
"data\raw\res\HepG2\HepG2_11_cell_002\HepG2_11_cell_002_fad.tif","81856","dd20cb10287c6a5c248dde18120c6224a9de7269933d5e43edef1a1d77ce8339"
"data\raw\res\HepG2\HepG2_11_cell_002\HepG2_11_cell_002_lipid.tif","81856","fec01987c95b36ef0f78e10bd946ef86b1d6fc92cfba2d90fdba4b71862c4b97"
"data\raw\res\HepG2\HepG2_11_cell_002\HepG2_11_cell_002_mask.tif","81856","77d111380b991940d5eff01316cf25b89e14aa731bacc58cb61f4489731f987a"
"data\raw\res\HepG2\HepG2_11_cell_002\HepG2_11_cell_002_nadh.tif","81856","2f0afc474e1673dc52759bb851c0f827803f3242df3959f26a72294fb67f6c3d"
"data\raw\res\HepG2\HepG2_11_cell_002\HepG2_11_cell_002_OCT.tif","245072","c173a9d59d99e16bacae8c3e1a219ec99caf646f2122e335dcb304cf76ffd7b1"
"data\raw\res\HepG2\HepG2_11_cell_002\HepG2_11_cell_002_protein.tif","81856","030662f28178589a4856a50fc0d165ec2c2d796c3987460c9f289c88e4078916"
"data\raw\res\HepG2\HepG2_11_cell_002\metadata.json","263","8772131e4c42702f9c033ba42a1dfa67c6cd8b37ac1bca3432a689cd00a84226"
"data\raw\res\HepG2\HepG2_11_cell_003\HepG2_11_cell_003_fad.tif","51552","292fa2926dfda716415bc2c628b79cf77e46c1d3e2bab67e33e1fcc9b7f29a86"
"data\raw\res\HepG2\HepG2_11_cell_003\HepG2_11_cell_003_lipid.tif","51552","39bd695c298f4158f70c3d67a06e5f9b9c90eb47d64d6cd18cf2db1dfb66c4dc"
"data\raw\res\HepG2\HepG2_11_cell_003\HepG2_11_cell_003_mask.tif","51552","740e5ce7ef2ca45613e54b31a439fa92f962e381befda106be762fdef89baed4"
"data\raw\res\HepG2\HepG2_11_cell_003\HepG2_11_cell_003_nadh.tif","51552","69639b2e9b6786309c2fce1d7504b3f021fa726b5e3324a63a07cade58a29e91"
"data\raw\res\HepG2\HepG2_11_cell_003\HepG2_11_cell_003_OCT.tif","154160","561aadc39aaacb77419052e21b9b842b835545870f3618a1fab94a7222a3a627"
"data\raw\res\HepG2\HepG2_11_cell_003\HepG2_11_cell_003_protein.tif","51552","0f52abdc93010989a75f778e2167e1d2b73a37efb3ef1c3f86bbe278cd6945e5"
"data\raw\res\HepG2\HepG2_11_cell_003\metadata.json","263","c67704050289ce7528ef066ae7451e32d380cba90a728436d7ff75169f29bb2b"
"data\raw\res\HepG2\HepG2_12_cell_001\HepG2_12_cell_001_fad.tif","64012","88197e4c9b8b98d0d2dab45f4ffe515a6dd4427a4d19da394dad3a24a2bacdf0"
"data\raw\res\HepG2\HepG2_12_cell_001\HepG2_12_cell_001_lipid.tif","64012","ce21dea339e69e4ac6e9b09568fbe709fb2ef8458d8f9d00299814a1a0c2f128"
"data\raw\res\HepG2\HepG2_12_cell_001\HepG2_12_cell_001_mask.tif","64012","f00f2698780c9bc0bc3a3c92ac1a2e8ab003dd0d0ddc7608027fbe2cd935b697"
"data\raw\res\HepG2\HepG2_12_cell_001\HepG2_12_cell_001_nadh.tif","64012","71aa619c4f73ff0867cf3830a83decbec88de8e0243d32746659f99cdc6d5572"
"data\raw\res\HepG2\HepG2_12_cell_001\HepG2_12_cell_001_OCT.tif","191540","5401d3c43dd02b63423fac5f5a5131fb86f0457ab69298248a28a2e26c2128f5"
"data\raw\res\HepG2\HepG2_12_cell_001\HepG2_12_cell_001_protein.tif","64012","5cd5ca35eca64911d4886d36f72bdfc9a4744c16026289ba3b0e46925521d958"
"data\raw\res\HepG2\HepG2_12_cell_001\metadata.json","261","ecd9ccce4fce6441ac29760848507f4df298df04e46b75be3ede2bc2130ed411"
"data\raw\res\HepG2\HepG2_12_cell_002\HepG2_12_cell_002_fad.tif","45544","4bf6b0dbe4ec0a483da9bef3eb0d8c405b553c5a7b13945aee09a6a352db5c63"
"data\raw\res\HepG2\HepG2_12_cell_002\HepG2_12_cell_002_lipid.tif","45544","41c94e199c6aa7584548223b833af8e73a80ecc992037923f489abd54654a744"
"data\raw\res\HepG2\HepG2_12_cell_002\HepG2_12_cell_002_mask.tif","45544","1b81c4b1f6c384b81cbcfa8ad97d353ddd6e2d8f2cf70a399923323a2f5ebf2d"
"data\raw\res\HepG2\HepG2_12_cell_002\HepG2_12_cell_002_nadh.tif","45544","aa9f9f5161f6033d34bc6c2028ba57ed286f6e8822c5be762d76b7fcb150d410"
"data\raw\res\HepG2\HepG2_12_cell_002\HepG2_12_cell_002_OCT.tif","136136","58adc4dc48c70f14d3bf8a998f1d0365a629316f6e1ec88b3d010559d488179a"
"data\raw\res\HepG2\HepG2_12_cell_002\HepG2_12_cell_002_protein.tif","45544","c3995f8400428d12265ded1bb29fa9819d37cfe8bbe58f8cf2325e5e093db0bf"
"data\raw\res\HepG2\HepG2_12_cell_002\metadata.json","263","830eb4fc945fb3d8aae3ccfd09a6ad9aa2e171574cf6a9b9f06ce08d4fac33e6"
"data\raw\res\HepG2\HepG2_12_cell_003\HepG2_12_cell_003_fad.tif","24423","af0a35b77bd9b762f11ab04e2d34e9d29c6ac17ecbae9eb2781058948401d6cb"
"data\raw\res\HepG2\HepG2_12_cell_003\HepG2_12_cell_003_lipid.tif","24423","61168a662825fd568e6cd90336d924f6868968f50b58c0e33502ba4a2e9ba877"
"data\raw\res\HepG2\HepG2_12_cell_003\HepG2_12_cell_003_mask.tif","24423","51173abb2c301b9a5adb2a0ea49c85ea044c4501679dd05f4034be3a475c64bb"
"data\raw\res\HepG2\HepG2_12_cell_003\HepG2_12_cell_003_nadh.tif","24423","411208647ed6572c211ac88a5fd3eb81a4dc31114c64a6a3ea5a124500d36cc3"
"data\raw\res\HepG2\HepG2_12_cell_003\HepG2_12_cell_003_OCT.tif","72773","347f5d8ac0ea2fa886d99267e256638683296aec70694592abf081ee90a56f7e"
"data\raw\res\HepG2\HepG2_12_cell_003\HepG2_12_cell_003_protein.tif","24423","67b93e7925abac8c3c2dd7b3a30ddb413e6bc76a09d1d46ab034109d339482e7"
"data\raw\res\HepG2\HepG2_12_cell_003\metadata.json","263","89223b1782b86ec9796e2de98600fd4107a2269a005ce4ac8a139abd0797b1f7"
"data\raw\res\HepG2\HepG2_12_cell_004\HepG2_12_cell_004_fad.tif","23402","c382640fdab77bb4cca5837bdcc01b6f40c6557119cf97d76ba4b46e369e932c"
"data\raw\res\HepG2\HepG2_12_cell_004\HepG2_12_cell_004_lipid.tif","23402","c66ea3afe186beeb2804d3ff3465efaa3e8db718c21ea0b65a24d232f3620de5"
"data\raw\res\HepG2\HepG2_12_cell_004\HepG2_12_cell_004_mask.tif","23402","9319735087859f99c16ce2b3cd5f1adbde60218a1a7e638aa6549de7b24a8443"
"data\raw\res\HepG2\HepG2_12_cell_004\HepG2_12_cell_004_nadh.tif","23402","9d115bcdbbbc5f3965b01cd2b4832d9a6f5809d4323072dc834af5365a492584"
"data\raw\res\HepG2\HepG2_12_cell_004\HepG2_12_cell_004_OCT.tif","69710","99dd839ff53565e61b73225ce38e60f51544cb3ec60add5456d12a7695b05d11"
"data\raw\res\HepG2\HepG2_12_cell_004\HepG2_12_cell_004_protein.tif","23402","52f4f6cf8d6f3a2472f9d5cd14fe2cc5fac505f07370494ad4719a44084b0aaa"
"data\raw\res\HepG2\HepG2_12_cell_004\metadata.json","263","e731945832587d3bb51e0799f91d74eded8efe33369a37589d7645078cf01d79"
"data\raw\res\HepG2\HepG2_12_cell_005\HepG2_12_cell_005_fad.tif","14536","8e011791081b35ed3a8f602075190af1c0d80a4a8d3ead0d53bb53abd88b886f"
"data\raw\res\HepG2\HepG2_12_cell_005\HepG2_12_cell_005_lipid.tif","14536","27b79ddf601c9bdd4f25ddddd8a391b8d331a772f50af86a97d8b3ba3f9c073d"
"data\raw\res\HepG2\HepG2_12_cell_005\HepG2_12_cell_005_mask.tif","14536","e4f7ffe4d1236e877c97ad7ff4fd72ed196ef474ac315620ff447ff003822cec"
"data\raw\res\HepG2\HepG2_12_cell_005\HepG2_12_cell_005_nadh.tif","14536","51acc7afa9ab1aaa1b0b14b520b49a6da1776986353ba42fa3a5766b4f4d2bf0"
"data\raw\res\HepG2\HepG2_12_cell_005\HepG2_12_cell_005_OCT.tif","43112","5c2ccd77adbf8c3d340c8cda75238bf26dfcc72583617d5de1b36835e3233227"
"data\raw\res\HepG2\HepG2_12_cell_005\HepG2_12_cell_005_protein.tif","14536","3785dc29483829ea121c8dc712a46562381434429dce04bff610ff06269b1d1b"
"data\raw\res\HepG2\HepG2_12_cell_005\metadata.json","263","bf16eab105c5190aecf55684a3dc45e68248ee49a8900cc420a09c9f29522295"
"data\raw\res\HepG2\HepG2_12_cell_006\HepG2_12_cell_006_fad.tif","27644","b4b862c1697836cda3eabf01fb5777901fb807025a677aa7bd2e4972dec19db3"
"data\raw\res\HepG2\HepG2_12_cell_006\HepG2_12_cell_006_lipid.tif","27644","a16266d3ab662df3becd260bb170a363e4f92877741623e54dcd12dfcb00687b"
"data\raw\res\HepG2\HepG2_12_cell_006\HepG2_12_cell_006_mask.tif","27644","5101ab8d45b78b0458374e1239821573c52b59b5079b9c57b6722c0b24c76d7d"
"data\raw\res\HepG2\HepG2_12_cell_006\HepG2_12_cell_006_nadh.tif","27644","377fb331855b3fee45620a1240b07137cf84fc39e22d63c72442a976d9a67a82"
"data\raw\res\HepG2\HepG2_12_cell_006\HepG2_12_cell_006_OCT.tif","82436","ea7dc6a5399ca539e87b3ee49bbb34296a551992ef53642e7bc845599b20217c"
"data\raw\res\HepG2\HepG2_12_cell_006\HepG2_12_cell_006_protein.tif","27644","678a3051cad98dd1ea187457d44d30a5a10358e4945d513d799d67d3a376998d"
"data\raw\res\HepG2\HepG2_12_cell_006\metadata.json","262","20e5ea71f48d9c9db7e141159788979010653de3810220de021565de59884466"
"data\raw\res\HepG2\HepG2_12_cell_007\HepG2_12_cell_007_fad.tif","19984","cac65cba2848833c3043d81f672a2662fb1c2c138d6f3be3b242c5199ebe365d"
"data\raw\res\HepG2\HepG2_12_cell_007\HepG2_12_cell_007_lipid.tif","19984","ae3a28319887e45558f74fd5ec157741e016e87b2d73f8cd8ac1d51fa82d01a6"
"data\raw\res\HepG2\HepG2_12_cell_007\HepG2_12_cell_007_mask.tif","19984","f0cbfe401156b3f742059cc8762c491f3aed347955b3fa5c684340474e334157"
"data\raw\res\HepG2\HepG2_12_cell_007\HepG2_12_cell_007_nadh.tif","19984","09843525bcdaec97eded4c3fdca6d02ef72b21953fe2fd578f1b3bc73ee339c6"
"data\raw\res\HepG2\HepG2_12_cell_007\HepG2_12_cell_007_OCT.tif","59456","23416aee22ad80a1bbb05cf9f230d1fb148fe4fa003b0b5bbcf42ef696f7cb53"
"data\raw\res\HepG2\HepG2_12_cell_007\HepG2_12_cell_007_protein.tif","19984","619baf4b5d7f3856e9a3237bb28dcda6595a8405056b025f8f7d88405f73302b"
"data\raw\res\HepG2\HepG2_12_cell_007\metadata.json","262","56724f4098c411c476541333e909974ffc7414b48dcea49436e2d51551cebd99"
"data\raw\res\HepG2\HepG2_13_cell_001\HepG2_13_cell_001_fad.tif","30966","9b6cfd8a1714b6a6d70a9dff09fa213801678f22ee54c95893d22299289b3b64"
"data\raw\res\HepG2\HepG2_13_cell_001\HepG2_13_cell_001_lipid.tif","30966","e64eee2b2f097035ac7e28899d880ea593d6508786b536f135fd10340b222610"
"data\raw\res\HepG2\HepG2_13_cell_001\HepG2_13_cell_001_mask.tif","30966","f59357caa8f9059ce283ab7b7c05e70e67327c0612804fce8dd27e86b3ce91c6"
"data\raw\res\HepG2\HepG2_13_cell_001\HepG2_13_cell_001_nadh.tif","30966","961060761a68a3407c763853e320c9655cf349c7b5ef9dc517130229e607395b"
"data\raw\res\HepG2\HepG2_13_cell_001\HepG2_13_cell_001_OCT.tif","92402","0f420a81d71afd6b93e4c8c61373e403df836a6aceb33957af448210c2c4af09"
"data\raw\res\HepG2\HepG2_13_cell_001\HepG2_13_cell_001_protein.tif","30966","082e4f28062c67309538cc17dbf5389870411688cb21b72bfacefcfc1c659b6b"
"data\raw\res\HepG2\HepG2_13_cell_001\metadata.json","262","fca3f4d71f9f5828aa97ae343ea0e1eed43007984bb260b568714fae351b86a2"
"data\raw\res\HepG2\HepG2_13_cell_002\HepG2_13_cell_002_fad.tif","27049","9edf0d00fbcdb00f313e59caf12422613e0421e288305a71fb1dc4d1b6cfdcc5"
"data\raw\res\HepG2\HepG2_13_cell_002\HepG2_13_cell_002_lipid.tif","27049","dc1c33a8916499f083735f2ae6d8e78079ef20a7cd0cb134ec67f9a3de1e5007"
"data\raw\res\HepG2\HepG2_13_cell_002\HepG2_13_cell_002_mask.tif","27049","d039832fd081b738719024b2b2c175fa4bfbb29faba44ec6699a7e4c705c9eca"
"data\raw\res\HepG2\HepG2_13_cell_002\HepG2_13_cell_002_nadh.tif","27049","ad118bd1a6e1883b795fcbe59bd737f46064a3a2581a260a0deaa90012a74964"
"data\raw\res\HepG2\HepG2_13_cell_002\HepG2_13_cell_002_OCT.tif","80651","69e345440a628a3a24d7a388ddbf69e0c7542286937896d2a4e05c36dd163bb5"
"data\raw\res\HepG2\HepG2_13_cell_002\HepG2_13_cell_002_protein.tif","27049","728b0d655927322dab779229938ce2a4e64bcf4b9242f2fda75d1baa792adfff"
"data\raw\res\HepG2\HepG2_13_cell_002\metadata.json","261","01bd66108260d603b163bc2a26c07685842d32e9417152dfc7234c2a31329fd3"
"data\raw\res\HepG2\HepG2_13_cell_003\HepG2_13_cell_003_fad.tif","26576","ef8f82e33afa3827d0716c3d26b73bfe9ca7478c786936b25050be7abe8bac61"
"data\raw\res\HepG2\HepG2_13_cell_003\HepG2_13_cell_003_lipid.tif","26576","ab55e0a0acaeba8fbbbff668b78c62a0754a1651574d14a437f13cbe56100157"
"data\raw\res\HepG2\HepG2_13_cell_003\HepG2_13_cell_003_mask.tif","26576","85b1e0a37b9f692c30c9055709a4e1d1bc0dde244fea418f889bb0a098d6dbf9"
"data\raw\res\HepG2\HepG2_13_cell_003\HepG2_13_cell_003_nadh.tif","26576","15cce2fce7ed404152844af53a6c30bfb57498cea1a4ce13721f9cc12c7a07cf"
"data\raw\res\HepG2\HepG2_13_cell_003\HepG2_13_cell_003_OCT.tif","79232","729603d0945571fea9fd7190767f9f249ad812fa06366ba9530c552414aca205"
"data\raw\res\HepG2\HepG2_13_cell_003\HepG2_13_cell_003_protein.tif","26576","f4f769d62589d72a81e2f5eb24ec8ebe7b3ef6f6f35b0e2dac88eeabf275b1be"
"data\raw\res\HepG2\HepG2_13_cell_003\metadata.json","261","d37f98cac729c38aad1de9a067d29157dd29408a1bbc20b8b9dce4275715f728"
"data\raw\res\HepG2\HepG2_13_cell_004\HepG2_13_cell_004_fad.tif","28024","d95fc5fda0e1e189104e0090dcf5fc857f24c54bec5a1c61eeddc615c489c9a5"
"data\raw\res\HepG2\HepG2_13_cell_004\HepG2_13_cell_004_lipid.tif","28024","b41ec068679fd1f4a4ccf7f7057fe6e59840b18ec7da63875b84d4a13cc64620"
"data\raw\res\HepG2\HepG2_13_cell_004\HepG2_13_cell_004_mask.tif","28024","5de3cb759d8e225e06c59cec98a6bf25d0c3d013f78510d8526cd325e4dd6eb8"
"data\raw\res\HepG2\HepG2_13_cell_004\HepG2_13_cell_004_nadh.tif","28024","b0cf02b72c2a5b315a21281cd6ad7c4a4175d5028eaba2392703bfebace69fe5"
"data\raw\res\HepG2\HepG2_13_cell_004\HepG2_13_cell_004_OCT.tif","83576","239e6c5ea643dde3a16da2c48384a24e473b79e582ced887f0a3df8e01b65b85"
"data\raw\res\HepG2\HepG2_13_cell_004\HepG2_13_cell_004_protein.tif","28024","99b118af21b59a49000cb3e28ea74eb5bb250f9ff46df2f1497dfb8e7c5e986d"
"data\raw\res\HepG2\HepG2_13_cell_004\metadata.json","263","71032a43c717db3588c6b306e82454a12df09377b6f71a478457d835d9110893"
"data\raw\res\HepG2\HepG2_13_cell_005\HepG2_13_cell_005_fad.tif","48756","01fb352fc60c58879355aa952c9f78041204ff04c7f2fb9c87444cee30522571"
"data\raw\res\HepG2\HepG2_13_cell_005\HepG2_13_cell_005_lipid.tif","48756","8071c6182f5f7fbc3b88ef458abcf7c76432d2e3705f9c82d6d93b6b0a2793fa"
"data\raw\res\HepG2\HepG2_13_cell_005\HepG2_13_cell_005_mask.tif","48756","b40202ddefe182a9d96072c17f392f83834e88634d5087ce949c1945c595a7cb"
"data\raw\res\HepG2\HepG2_13_cell_005\HepG2_13_cell_005_nadh.tif","48756","60640ad02d4cb8f0e52ed74725ac1841811f2b56fe11d86471b964e928ba7462"
"data\raw\res\HepG2\HepG2_13_cell_005\HepG2_13_cell_005_OCT.tif","145772","3f1b42f6a10f77d5311a00e06887dcefaca105a976086b63a5b1790f93ebc2ff"
"data\raw\res\HepG2\HepG2_13_cell_005\HepG2_13_cell_005_protein.tif","48756","1c84cd1e3850332b858cf356aadbfb7d94b7b83579300f698863d5c997c551c2"
"data\raw\res\HepG2\HepG2_13_cell_005\metadata.json","262","eaf4aa92cba7d1ca4ddeafba424a79c41b9e19ba3334d68c04c290162ea9e3db"
"data\raw\res\HepG2\HepG2_14_cell_001\HepG2_14_cell_001_fad.tif","32936","efb811cc075b8f20fc03877c570cdb513b3fc741350b3d11cb87d41cc6ae0896"
"data\raw\res\HepG2\HepG2_14_cell_001\HepG2_14_cell_001_lipid.tif","32936","1c924ac5c2d64cd00eac4b3715d5cc4deeb3bc313e4399095832e999c8ac9cf4"
"data\raw\res\HepG2\HepG2_14_cell_001\HepG2_14_cell_001_mask.tif","32936","bbff9ebfeb5073a16658d2ba479ad4954230748ae99fee8033d0fd0dec156747"
"data\raw\res\HepG2\HepG2_14_cell_001\HepG2_14_cell_001_nadh.tif","32936","1392793e3633084f6be77eb22b2227bc086a0dd31a5cb0fd015e814c793ba3c0"
"data\raw\res\HepG2\HepG2_14_cell_001\HepG2_14_cell_001_OCT.tif","98312","ada044b49de036ebfedca7ad529fe2c7f4475bc8d7876aa3f8c684fd5aa11da6"
"data\raw\res\HepG2\HepG2_14_cell_001\HepG2_14_cell_001_protein.tif","32936","fa97ce533f4bbdf94040bc7bc65e8ff6e98d46c8f75014a1b3db5900c077ef18"
"data\raw\res\HepG2\HepG2_14_cell_001\metadata.json","262","8df7ca01d03dc2345fd917491590dbd4d777e4115ae26122c61b413ab472f962"
"data\raw\res\HepG2\HepG2_14_cell_002\HepG2_14_cell_002_fad.tif","18066","c3c099e987add2442f6000470847a76ad490ab93174fbd12ef39fea76bca9f40"
"data\raw\res\HepG2\HepG2_14_cell_002\HepG2_14_cell_002_lipid.tif","18066","e6ffb4eef0c7e9151fa5712fb21e69c83246ac56e8032e99db5a4178903d39b5"
"data\raw\res\HepG2\HepG2_14_cell_002\HepG2_14_cell_002_mask.tif","18066","91956b95c8a869dfe022cea2f338c1cbb672d963a6400774c1952c91e800e390"
"data\raw\res\HepG2\HepG2_14_cell_002\HepG2_14_cell_002_nadh.tif","18066","e2559b93dc1ec3fa3b34a0fadd33197f31b6b3c65a0e980f583cef4b41dd4060"
"data\raw\res\HepG2\HepG2_14_cell_002\HepG2_14_cell_002_OCT.tif","53702","a321e7a4029b6f08f773e03c89f21579ff629239a8a3b765ae23ce73e1c80b33"
"data\raw\res\HepG2\HepG2_14_cell_002\HepG2_14_cell_002_protein.tif","18066","17cc2bcdf3fb985572e1e4be74a8aa2c392bf3baf81a1061d3db750997871b76"
"data\raw\res\HepG2\HepG2_14_cell_002\metadata.json","263","20cdcf63c55c4be9920d467296981a007f27c3cc397cd6374a074f8690e667b5"
"data\raw\res\HepG2\HepG2_14_cell_003\HepG2_14_cell_003_fad.tif","13941","6cf51339cc03580c6e0c7674f8e5c24be5336703fee17289588466cf56d4112e"
"data\raw\res\HepG2\HepG2_14_cell_003\HepG2_14_cell_003_lipid.tif","13941","fbf004cf2e5e78f9ac0ceaccb07acd7f91116c4d68d3e9f9dcddb0560c650fc4"
"data\raw\res\HepG2\HepG2_14_cell_003\HepG2_14_cell_003_mask.tif","13941","6af545f60d83727965648921ebef6065493045b4e0ae1b85bc76ffc9005778b1"
"data\raw\res\HepG2\HepG2_14_cell_003\HepG2_14_cell_003_nadh.tif","13941","8ffd9c70530316c47045a2012a4a4b06a96ea20a4af088122d96daa107bf1669"
"data\raw\res\HepG2\HepG2_14_cell_003\HepG2_14_cell_003_OCT.tif","41327","faa627ce225b40407d4332a54a0c2505a1a218e6712aaed71b5e8e0e9ceb6259"
"data\raw\res\HepG2\HepG2_14_cell_003\HepG2_14_cell_003_protein.tif","13941","fe8bab52eb7cb5e92736be233e155d4ef47163e41351762d6e692894c6655565"
"data\raw\res\HepG2\HepG2_14_cell_003\metadata.json","263","51af74e5aa7e61cff8048da496ee745a79b29638334586fec00aa5c644c6a1ae"
"data\raw\res\HepG2\HepG2_14_cell_004\HepG2_14_cell_004_fad.tif","32014","d3a7af67056567b94666cca6b2b91db1344d9fad4453532e2ef5147149257c42"
"data\raw\res\HepG2\HepG2_14_cell_004\HepG2_14_cell_004_lipid.tif","32014","8eff102cc4303bb9ae292f747d311c02bca0cb0d3f00e5cd2630b664d52a3e25"
"data\raw\res\HepG2\HepG2_14_cell_004\HepG2_14_cell_004_mask.tif","32014","a2a250473141b5aba548ba301c1065b9de7e39cd19a08cec8e06f9eaecfc6e11"
"data\raw\res\HepG2\HepG2_14_cell_004\HepG2_14_cell_004_nadh.tif","32014","2f9d947a1a741e6c00b7bf4127d4a5a95d440310e1d1017fecad045f930fb893"
"data\raw\res\HepG2\HepG2_14_cell_004\HepG2_14_cell_004_OCT.tif","95546","0af391e7b8cbae3652eb0c0b6c10c4ffd1b017d7875357dfb0e4d1f6111354f6"
"data\raw\res\HepG2\HepG2_14_cell_004\HepG2_14_cell_004_protein.tif","32014","b4c56d284d9f34da1d67792ea47f749eea3998756815e22c5af25f1fd0f650aa"
"data\raw\res\HepG2\HepG2_14_cell_004\metadata.json","263","9b33e430d6e6cc751105d56eb3b9210abc2b0f2f18935554c62f7494a46f5203"
"data\raw\res\HepG2\HepG2_14_cell_005\HepG2_14_cell_005_fad.tif","20992","5161ccdd9a4e63856f75a4be86e8b6150f2da05cf6b7db491096c8411a470f71"
"data\raw\res\HepG2\HepG2_14_cell_005\HepG2_14_cell_005_lipid.tif","20992","4eb6b6174da3e289e4482e2f1973e6c94898e4584eed2de26679333c85b55a2d"
"data\raw\res\HepG2\HepG2_14_cell_005\HepG2_14_cell_005_mask.tif","20992","db567f0704ac32a93ef4f9acc700ff9424180fcbd990b9b235c647e57f22ae06"
"data\raw\res\HepG2\HepG2_14_cell_005\HepG2_14_cell_005_nadh.tif","20992","9a3a8739143408e1fdf18201a83c79f74bcf1002e913afdcbefa5d088bbaaf27"
"data\raw\res\HepG2\HepG2_14_cell_005\HepG2_14_cell_005_OCT.tif","62480","7b3565cd464594562d460acb482488a80c380a6cefe47669fdcf35c736643426"
"data\raw\res\HepG2\HepG2_14_cell_005\HepG2_14_cell_005_protein.tif","20992","ff1c769058e77683cdfd2f4e2bb470095103d43b4bd2fb19689837b2cd364dd2"
"data\raw\res\HepG2\HepG2_14_cell_005\metadata.json","263","505f6e2aca6f3feda4d2afba1d312fc0bba9a3848dbbb5879bb772e3e8506d90"
"data\raw\res\HepG2\HepG2_15_cell_001\HepG2_15_cell_001_fad.tif","40981","4d6aa15fc818e3f7ad36cf8a761777dd838f659b81ff2940704b0c7a9a9fec9c"
"data\raw\res\HepG2\HepG2_15_cell_001\HepG2_15_cell_001_lipid.tif","40981","ae79b9a0afb2292035ea4dc5af9562f12900f4e01163e9008503e21d1ca73c34"
"data\raw\res\HepG2\HepG2_15_cell_001\HepG2_15_cell_001_mask.tif","40981","34f19367fad7b67229204cde2b8b3e45aec24007f1750c7ba4af33c1953234ef"
"data\raw\res\HepG2\HepG2_15_cell_001\HepG2_15_cell_001_nadh.tif","40981","f81cb3caadcbd651227c96e7c3ab3d9e6a12dd874678723c2a26e77fa03b85ee"
"data\raw\res\HepG2\HepG2_15_cell_001\HepG2_15_cell_001_OCT.tif","122447","bf12decf9235b10d0bc6dfc97929efe53b40225e2f472bf55f4bdefff6b0a186"
"data\raw\res\HepG2\HepG2_15_cell_001\HepG2_15_cell_001_protein.tif","40981","644ecbe2aee16cbe83b734073f284411e97e1f2d65e0f367dd2283b4225a1f80"
"data\raw\res\HepG2\HepG2_15_cell_001\metadata.json","263","a9066859340ed1e72bd45c331d64841dca96d549f4aceca0f966410eb78cbf68"
"data\raw\res\HepG2\HepG2_15_cell_002\HepG2_15_cell_002_fad.tif","24990","5009626f5f11fbe059e462635e7b3ebed427a6bc36ea17962b2a6f3e5294b589"
"data\raw\res\HepG2\HepG2_15_cell_002\HepG2_15_cell_002_lipid.tif","24990","9e5c038d9663ba3f649947d45084ae66619a0c21fc90b76ab3cdb5797cc19d50"
"data\raw\res\HepG2\HepG2_15_cell_002\HepG2_15_cell_002_mask.tif","24990","15ef1b8a747c2f379c948df920dadc784c079d763fa184cdc6b5bfe982cb490f"
"data\raw\res\HepG2\HepG2_15_cell_002\HepG2_15_cell_002_nadh.tif","24990","7a7155403b1923718cdb1ae0c00c9d92d6743ca4dd590e09c8cd24b59fbcda0a"
"data\raw\res\HepG2\HepG2_15_cell_002\HepG2_15_cell_002_OCT.tif","74474","c97b626ddfbfc21bd424edc01662283347a449c2e8adf4e307a74bed74307c18"
"data\raw\res\HepG2\HepG2_15_cell_002\HepG2_15_cell_002_protein.tif","24990","10d14eb59d5f53073d1bf164a9273ae4cb939fdb18a1307c8f850aaf64f3401a"
"data\raw\res\HepG2\HepG2_15_cell_002\metadata.json","263","236958c322324865486a993e25bbf8aec36a04a5a25a200c2b121c2afefbc819"
"data\raw\res\HepG2\HepG2_15_cell_003\HepG2_15_cell_003_fad.tif","43024","2338c97737d4680c3555a6314dc0efc14b19f9e99c5304a52df422e7f06c56bd"
"data\raw\res\HepG2\HepG2_15_cell_003\HepG2_15_cell_003_lipid.tif","43024","6cd773d3f472ffa87f2f0a915e306374432837aad0d03665e4eb50d2af1f2652"
"data\raw\res\HepG2\HepG2_15_cell_003\HepG2_15_cell_003_mask.tif","43024","23aebb9a5b85ef9d6f457ac81eb703344776965908f2bff5df0417b32842c1ab"
"data\raw\res\HepG2\HepG2_15_cell_003\HepG2_15_cell_003_nadh.tif","43024","e4a3febd87d36044919ce248a00b9cc2f4af48d49e1725ee7321abb33e4f4e0e"
"data\raw\res\HepG2\HepG2_15_cell_003\HepG2_15_cell_003_OCT.tif","128576","08c3f528085a399548ba95220ca4bf3f3b302ecbfc6d0ca65897ad78c3424c88"
"data\raw\res\HepG2\HepG2_15_cell_003\HepG2_15_cell_003_protein.tif","43024","f9a0bdf4853a2dca4faa4ab612ce16510859647e4de0ea58a30754c3832822d2"
"data\raw\res\HepG2\HepG2_15_cell_003\metadata.json","263","2d68a0b409f1ad47f5691e0f155c3aafad3da17793e129983836904cb80ddf4e"
"data\raw\res\HepG2\HepG2_15_cell_004\HepG2_15_cell_004_fad.tif","22724","2e30c682331bd3e286c75c093ab982f13274028c3c7bc393b6d7d7e2981558c0"
"data\raw\res\HepG2\HepG2_15_cell_004\HepG2_15_cell_004_lipid.tif","22724","bc95515172ebce5d871a2d53dad56edf6082cefa83cf2f07af96667016737bb2"
"data\raw\res\HepG2\HepG2_15_cell_004\HepG2_15_cell_004_mask.tif","22724","8ea9892690bc5f26e53d48128dcfc4014005cc572afc761e88355dcc2d7e9b22"
"data\raw\res\HepG2\HepG2_15_cell_004\HepG2_15_cell_004_nadh.tif","22724","801ab5e5cfefa4c87044e46dbcda00bd41bb7e7f57853b3cdd7856285839625a"
"data\raw\res\HepG2\HepG2_15_cell_004\HepG2_15_cell_004_OCT.tif","67676","4256d19d819e2773169b91eae20f6f8d5869a1e9a7f92f6b9aa1bf4fbdbb19ff"
"data\raw\res\HepG2\HepG2_15_cell_004\HepG2_15_cell_004_protein.tif","22724","125f9cbc8b09b7ae7772621522a164d69733f79e42afcd34124c161810f6782d"
"data\raw\res\HepG2\HepG2_15_cell_004\metadata.json","263","2f0eca182adeb7d534bd42fb2ecb9d5ecbe1fc8eb58d6fb0a5ea5278584f9f0b"
"data\raw\res\HepG2\HepG2_15_cell_005\HepG2_15_cell_005_fad.tif","31088","f911ba577eb7b74543dcd5aa86f7d591fa8df84dfcfbd65d4c23ce07970e768d"
"data\raw\res\HepG2\HepG2_15_cell_005\HepG2_15_cell_005_lipid.tif","31088","fefd5636b9b094f35d982cff4ef35fe0bc11b145e7f3208ef651213de3272862"
"data\raw\res\HepG2\HepG2_15_cell_005\HepG2_15_cell_005_mask.tif","31088","d7259faf076db9d34b690d1046324f223e3b2c7818f4dd583ef860ad63c36b17"
"data\raw\res\HepG2\HepG2_15_cell_005\HepG2_15_cell_005_nadh.tif","31088","831d457ac749fbafe96ede1889e337d73cae012563a437480df7343df058c479"
"data\raw\res\HepG2\HepG2_15_cell_005\HepG2_15_cell_005_OCT.tif","92768","c121bf2ffed76e5519bee73ef0d706c8a9a2a44a7c9a6c69a6c47800abaedb3f"
"data\raw\res\HepG2\HepG2_15_cell_005\HepG2_15_cell_005_protein.tif","31088","c8a7a23346ef9472c196a22faf57d8bbdc0b405819f31aede5a851afc6ba3339"
"data\raw\res\HepG2\HepG2_15_cell_005\metadata.json","261","e7141ba5f6c613ae9c8722fa7165e1b1d65dbe71fc1359fd3813eae205825c7c"
"data\raw\res\HepG2\HepG2_16_cell_001\HepG2_16_cell_001_fad.tif","52044","821a839ad49310d111dc2f3f7c4fb6b74bb2114708c01edb78031b0041536174"
"data\raw\res\HepG2\HepG2_16_cell_001\HepG2_16_cell_001_lipid.tif","52044","841b36398d77e314f443ecd2b0842ac0b5e5fe219ad17372fc4e030e0b0d0616"
"data\raw\res\HepG2\HepG2_16_cell_001\HepG2_16_cell_001_mask.tif","52044","1cb4568f1637031cbb56de31507e833b3470781d7cb90e0fbf01669db898ace9"
"data\raw\res\HepG2\HepG2_16_cell_001\HepG2_16_cell_001_nadh.tif","52044","e98db1bfb647be30b65833e0a84d9c6df5a543aadd3d226eb77b1e59e569461b"
"data\raw\res\HepG2\HepG2_16_cell_001\HepG2_16_cell_001_OCT.tif","155636","633e21d37d3675228bab379f264c2cc5cbde14c4d8a59ab3fa4501ee8979b889"
"data\raw\res\HepG2\HepG2_16_cell_001\HepG2_16_cell_001_protein.tif","52044","4093780895e6badeeeb9caaa44da4c554c9f7e089d4b447272aa26e07163038e"
"data\raw\res\HepG2\HepG2_16_cell_001\metadata.json","261","ff0e37a4aafae3c97388597f916373e3f71891b8528f8ea84269d720bd3482ad"
"data\raw\res\HepG2\HepG2_16_cell_002\HepG2_16_cell_002_fad.tif","15744","81cf034b75c5d7f6a5400efb7a6ddcac6d75dbe43f47d99b3e4d06a419da94ff"
"data\raw\res\HepG2\HepG2_16_cell_002\HepG2_16_cell_002_lipid.tif","15744","4e4051d42f86764da31bab93c6be4dc7b161d21dab2c3c3d22d1aa2dd568bdc5"
"data\raw\res\HepG2\HepG2_16_cell_002\HepG2_16_cell_002_mask.tif","15744","11d01c4e01e233409a22556303a2f7184a9af6182d2c13d4feb092a548c96c5b"
"data\raw\res\HepG2\HepG2_16_cell_002\HepG2_16_cell_002_nadh.tif","15744","68bb93846eea8527b1e0031aa7587c45786f2300e7c71a508302bbed952d0ad0"
"data\raw\res\HepG2\HepG2_16_cell_002\HepG2_16_cell_002_OCT.tif","46736","549506685622f577f6c2afb453bf755a2e7251147bd6d4295557d10dae367f54"
"data\raw\res\HepG2\HepG2_16_cell_002\HepG2_16_cell_002_protein.tif","15744","3254f6eb2b98911a2ccb63c2c413d4b1cd945344273e9653d35bd50591170180"
"data\raw\res\HepG2\HepG2_16_cell_002\metadata.json","263","3694f60a728d9cbac12c907405112ce84dd20f8d1c0f3c5655ab0e262b8a267b"
"data\raw\res\HepG2\HepG2_16_cell_003\HepG2_16_cell_003_fad.tif","26282","693b9221e41b24b259bd4a4fc9b33a9a500fb1bf0dac6e370ec9358e005a56d0"
"data\raw\res\HepG2\HepG2_16_cell_003\HepG2_16_cell_003_lipid.tif","26282","9f4f6cc4c4ee8871104d82eb34b050b83c7f84ad51fa0cbd8d4eb0221b79582c"
"data\raw\res\HepG2\HepG2_16_cell_003\HepG2_16_cell_003_mask.tif","26282","f914615b18bef9fb8a11e16219c3e09d3035acc32fb2aa111fdc923e66f37290"
"data\raw\res\HepG2\HepG2_16_cell_003\HepG2_16_cell_003_nadh.tif","26282","f77580bc5b46afe7ae815c04285ef08f64a9dd1779e6a3c412776d00de95f573"
"data\raw\res\HepG2\HepG2_16_cell_003\HepG2_16_cell_003_OCT.tif","78350","6fc5f012ee09578703072a39c93cfe4189e8b2d49466b7b2d779919ac7e31e26"
"data\raw\res\HepG2\HepG2_16_cell_003\HepG2_16_cell_003_protein.tif","26282","803e425447acb27f2ff46b46a139805ae1668ef43818e07bbe9f0090931008f0"
"data\raw\res\HepG2\HepG2_16_cell_003\metadata.json","263","531e5cac9ad9d82f188214f121b3c7d6204426454458c8e66043c00957ca738e"
"data\raw\res\HepG2\HepG2_16_cell_004\HepG2_16_cell_004_fad.tif","18116","233e8be7ea748b64d0e62f1949562d610477cb82e39bb5d449604850e284582f"
"data\raw\res\HepG2\HepG2_16_cell_004\HepG2_16_cell_004_lipid.tif","18116","20358dc653ddcfdcbcf3a90538ba9e9006cd06725e975ad75a48dd04417f9483"
"data\raw\res\HepG2\HepG2_16_cell_004\HepG2_16_cell_004_mask.tif","18116","a25e6a7eec4aab2720059388441160faf3044981a1f85062977e9707530c91a5"
"data\raw\res\HepG2\HepG2_16_cell_004\HepG2_16_cell_004_nadh.tif","18116","1479b39dfb4c4b3c8ba4efccc3593cddaf72bec0622a02014d993e1fc8e1f2a6"
"data\raw\res\HepG2\HepG2_16_cell_004\HepG2_16_cell_004_OCT.tif","53852","7a9714a78be0a7bf44a640316a4cfb4c8b0e9f15aca87f39c95154092e3bf902"
"data\raw\res\HepG2\HepG2_16_cell_004\HepG2_16_cell_004_protein.tif","18116","63671b3b3b4014e4655ce53b541ccea02e827ad349fb3f7a302843923452b8e6"
"data\raw\res\HepG2\HepG2_16_cell_004\metadata.json","263","714158665f8e9eed2f29c2fd84f058ab92af5129e1feafbf80ca1828e933f9bb"
"data\raw\res\HepG2\HepG2_16_cell_005\HepG2_16_cell_005_fad.tif","76612","efe581ac3fd9a6304500c6d3d05f90bb833826c9d699b46957f2b28678ace3e8"
"data\raw\res\HepG2\HepG2_16_cell_005\HepG2_16_cell_005_lipid.tif","76612","1786dd7c1b84ddf66067b364d88bb6608dac69c6915faf983be3d429bb660f30"
"data\raw\res\HepG2\HepG2_16_cell_005\HepG2_16_cell_005_mask.tif","76612","e6bfb5dd66a2294128518cf690978a24c4b0a60add7393672706b6496bda1cc2"
"data\raw\res\HepG2\HepG2_16_cell_005\HepG2_16_cell_005_nadh.tif","76612","66d1c893180cb7d34b5323ee0572ce9236ed73788d550618b12aebe2d36ca37e"
"data\raw\res\HepG2\HepG2_16_cell_005\HepG2_16_cell_005_OCT.tif","229340","5d90b85e353007fccf0ab093045362f2f413f34be293cfdbc9396bf9d07a6211"
"data\raw\res\HepG2\HepG2_16_cell_005\HepG2_16_cell_005_protein.tif","76612","c239abff367680a895b4c91bdbf879367186af1ca0e9c66c3c6ec37a1aa5da9b"
"data\raw\res\HepG2\HepG2_16_cell_005\metadata.json","263","81cc51d6507b06eea989ab314795e17fe18e1f1e94ebf9a9b1be0e501af2257d"
"data\raw\res\HepG2\HepG2_16_cell_006\HepG2_16_cell_006_fad.tif","23371","8738180dadaf99ff411fd52e04bb7f68c4bfd37621d035d9256f9d2ff8062d56"
"data\raw\res\HepG2\HepG2_16_cell_006\HepG2_16_cell_006_lipid.tif","23371","4e0a1dd9ad88314fd33d304eb3311e59bc546f5c900c25bd646e3267a6ed273e"
"data\raw\res\HepG2\HepG2_16_cell_006\HepG2_16_cell_006_mask.tif","23371","9fdbfe98956a0121745fd3f59593b71fd939e61759e19a553012157800b8281e"
"data\raw\res\HepG2\HepG2_16_cell_006\HepG2_16_cell_006_nadh.tif","23371","b632b47e002f33140acd2527d71b9d1918eb1ad1a4bb6508ac3b7c4f90978a2b"
"data\raw\res\HepG2\HepG2_16_cell_006\HepG2_16_cell_006_OCT.tif","69617","096393f0f1151a7ea6de7bb621e18e554b1b21716bbaf114f1525ed59cb1d321"
"data\raw\res\HepG2\HepG2_16_cell_006\HepG2_16_cell_006_protein.tif","23371","2256dcd7e6ee0679aa2270b9102e2d53c9cf9f52f2484503de173e505f474e2e"
"data\raw\res\HepG2\HepG2_16_cell_006\metadata.json","262","fdfef360eb199926ee76f07bd9d4aafdd9337b7abd16b569cef6d3b7c96c072a"
"data\raw\res\HepG2\HepG2_16_cell_007\HepG2_16_cell_007_fad.tif","32726","26c91dc00f9474d91b1a5a97e6d8472a27d8d1cdd8756c1708c9b641453b84c4"
"data\raw\res\HepG2\HepG2_16_cell_007\HepG2_16_cell_007_lipid.tif","32726","af87f4b23b1221cdc6869664f6d5d3d02793df8c3bfaf41bba6e1153997f7671"
"data\raw\res\HepG2\HepG2_16_cell_007\HepG2_16_cell_007_mask.tif","32726","57a8d2f7daa44895325cc78f3ae30169eade5ef558c5bf7bf866273c47ee7e56"
"data\raw\res\HepG2\HepG2_16_cell_007\HepG2_16_cell_007_nadh.tif","32726","3fa5645c22abe0a2bc54d492956a4b000b799df239748eac3fb59b1d4db90fe8"
"data\raw\res\HepG2\HepG2_16_cell_007\HepG2_16_cell_007_OCT.tif","97682","9d58b84a298ca9c3281fd2afa59010bd52aaeec7766e3748a939d262bdc4d31c"
"data\raw\res\HepG2\HepG2_16_cell_007\HepG2_16_cell_007_protein.tif","32726","b6382c19c7c491eb1bd07ede9505c2ab0750215b751b623d602a37f146bfcb38"
"data\raw\res\HepG2\HepG2_16_cell_007\metadata.json","263","1b8a6f52c93a2534f502901514ff002657376db1712466e9bd8a03e82ed354a0"
"data\raw\res\HepG2\HepG2_16_cell_008\HepG2_16_cell_008_fad.tif","24592","9e5833703f9348bac652dd6e922126109af96a88488eae37b1ffde028e12bfaf"
"data\raw\res\HepG2\HepG2_16_cell_008\HepG2_16_cell_008_lipid.tif","24592","61b6c7af548052a75b294b85aef3e2040bd36cd47065aafcf8af2ef5d215e602"
"data\raw\res\HepG2\HepG2_16_cell_008\HepG2_16_cell_008_mask.tif","24592","908f5a2adb984b3603b7714bdd216164d17f1598779a0ecacd53fb1a2bf820ba"
"data\raw\res\HepG2\HepG2_16_cell_008\HepG2_16_cell_008_nadh.tif","24592","d5fb86949693aeadeba9c6e1c22568eee14e44bf941faa4a753454d23e407214"
"data\raw\res\HepG2\HepG2_16_cell_008\HepG2_16_cell_008_OCT.tif","73280","3937af9c6a782a65acce29874210fc675add666104964a2a74a24bef19a5cf2f"
"data\raw\res\HepG2\HepG2_16_cell_008\HepG2_16_cell_008_protein.tif","24592","5c316fc0b9ccc6017f91cabaf591daea3a628036ed0e8f6700df07dc5cd17451"
"data\raw\res\HepG2\HepG2_16_cell_008\metadata.json","263","33ec68ac6838bb3f0551bd24cbcc130b5249d3c3b7a0984d1d3d4ee5fd81df02"
"data\raw\res\HepG2\HepG2_16_cell_009\HepG2_16_cell_009_fad.tif","36776","ac0d9a31614f8c5dd89451ed08eb3a451c5b936aaf8343cd41c411d14cb38f0f"
"data\raw\res\HepG2\HepG2_16_cell_009\HepG2_16_cell_009_lipid.tif","36776","c9837276d9ffee19089438301fb3015b8fd153d8329fff21fe6658b0b400d2ce"
"data\raw\res\HepG2\HepG2_16_cell_009\HepG2_16_cell_009_mask.tif","36776","c0db5f0ec057befc7e941d53d252aa58399cb1b56cecc1979b4fd2806d31e20f"
"data\raw\res\HepG2\HepG2_16_cell_009\HepG2_16_cell_009_nadh.tif","36776","bb9510e097fd8c1ba267ad6029c2400205c1af39f992b7451c126f4d3082e799"
"data\raw\res\HepG2\HepG2_16_cell_009\HepG2_16_cell_009_OCT.tif","109832","38b48d39929b10c960480d7f25aa78092d1e8e546c063a087320050e958e96fc"
"data\raw\res\HepG2\HepG2_16_cell_009\HepG2_16_cell_009_protein.tif","36776","69b605bc933cebed21709a4024988f11c28dc7ed91d51332d10d7de3ddc0a59e"
"data\raw\res\HepG2\HepG2_16_cell_009\metadata.json","263","8e45875c5a967839bbea51700ae0c2f8f7a1d6fd2ab84aeda3c83ba4bec9fcb9"
"data\raw\res\HepG2\HepG2_17_cell_001\HepG2_17_cell_001_fad.tif","15484","69e16467217d9de6cac8ab0c8f7651a3ccb4eca307500a17cee668e135830970"
"data\raw\res\HepG2\HepG2_17_cell_001\HepG2_17_cell_001_lipid.tif","15484","fbfbdcefda093157507c95df97dd59b94b99c4fb4b8c3a55c519233ae6e6cc73"
"data\raw\res\HepG2\HepG2_17_cell_001\HepG2_17_cell_001_mask.tif","15484","0b28ee9a76749ab18e55ef5ac65d9cea6a3bd1bb76d4b2efe387854dab0a0c71"
"data\raw\res\HepG2\HepG2_17_cell_001\HepG2_17_cell_001_nadh.tif","15484","fe668f441cbe29d5e52e5abac727eb48b9cf3753d42b6b51256747d6c6bed441"
"data\raw\res\HepG2\HepG2_17_cell_001\HepG2_17_cell_001_OCT.tif","45956","96c6959feab84fb6d198f9d4cc8724888f5a15fb20e4678ae1c4986012e5e9fe"
"data\raw\res\HepG2\HepG2_17_cell_001\HepG2_17_cell_001_protein.tif","15484","da362be86eaeb1df57cd34614b800e8c613c9dd1df638dcdd2f234b076ec25b2"
"data\raw\res\HepG2\HepG2_17_cell_001\metadata.json","260","32706c7c1f332cbaa5366cd510d2a7f11ca008cec92418eb4cae9cf9dc39b867"
"data\raw\res\HepG2\HepG2_17_cell_002\HepG2_17_cell_002_fad.tif","30006","2cd0253f9c1acf5fe8c090d2eb24070da50297bf94488587c1fc12845812a157"
"data\raw\res\HepG2\HepG2_17_cell_002\HepG2_17_cell_002_lipid.tif","30006","8acd414b7adccf5045cf70fc81bb15c4ce02ac8ab02fa74d9abc86b9e63175a9"
"data\raw\res\HepG2\HepG2_17_cell_002\HepG2_17_cell_002_mask.tif","30006","e41fc22c26e8e6af0015d7a9c1c040d0d3214ba9ce44731d75fa8a067b30b174"
"data\raw\res\HepG2\HepG2_17_cell_002\HepG2_17_cell_002_nadh.tif","30006","659a5626ecd11d1b55d9a79fbcae1fa32352c23ea8e8c654b1a4dc090f54a50d"
"data\raw\res\HepG2\HepG2_17_cell_002\HepG2_17_cell_002_OCT.tif","89522","c58d75cbe67e474a76cf083dde575cda5162b2732f01176146c2c6ab1c209b4f"
"data\raw\res\HepG2\HepG2_17_cell_002\HepG2_17_cell_002_protein.tif","30006","edbce1539b53be47d11ed28455a6dcbaa195ed83ec68d4fa05b69f39c6c442d1"
"data\raw\res\HepG2\HepG2_17_cell_002\metadata.json","262","f7868493db33cfc0e32cd5f72ee96b8a0289b33a0a4c5914f165c06776f06edb"
"data\raw\res\HepG2\HepG2_17_cell_003\HepG2_17_cell_003_fad.tif","25653","069e05c08cb356b9ea2565746114115ced16e59b07f507732b09b31e27f90211"
"data\raw\res\HepG2\HepG2_17_cell_003\HepG2_17_cell_003_lipid.tif","25653","cd59c1df36d403416d6e7737e4e6c6a5e58271794ff1220135bcf37a0ad669b5"
"data\raw\res\HepG2\HepG2_17_cell_003\HepG2_17_cell_003_mask.tif","25653","f4049ef4adfb7d3cadecc895276099a25143ff564dff9c9fd945f2c8ef024be4"
"data\raw\res\HepG2\HepG2_17_cell_003\HepG2_17_cell_003_nadh.tif","25653","db2a9d64af9e0f756a0d7b31703fcab4143aec8f72a584384d7552c6b040a991"
"data\raw\res\HepG2\HepG2_17_cell_003\HepG2_17_cell_003_OCT.tif","76463","f1f972663a99ffc56b30b0e44bee1253a7f85cb68cd54071cab4098fa54bb4e9"
"data\raw\res\HepG2\HepG2_17_cell_003\HepG2_17_cell_003_protein.tif","25653","402925f3569c36770fb6a822702f6deaaa89da77f97658374ae652d7d9ec1399"
"data\raw\res\HepG2\HepG2_17_cell_003\metadata.json","262","ac07b95f205daeeb02de2e487f725575ae1fad044db150a2b6b44c594d0e0ccc"
"data\raw\res\HepG2\HepG2_17_cell_004\HepG2_17_cell_004_fad.tif","43196","3bb11d4394db2aed87f22eef63b2492846e2849cce21bccca2f400ae60a61994"
"data\raw\res\HepG2\HepG2_17_cell_004\HepG2_17_cell_004_lipid.tif","43196","462f321d5673e6fbb07bebe79117b537c1b5847dfa50cff5cb74886ff96b58d7"
"data\raw\res\HepG2\HepG2_17_cell_004\HepG2_17_cell_004_mask.tif","43196","701f41b9fcf6f99c6ea6b57f6e3d2280f7ee6e34e02e388ae77f15224ce2717b"
"data\raw\res\HepG2\HepG2_17_cell_004\HepG2_17_cell_004_nadh.tif","43196","2f6118a3a5e180ffa8ec9f2e0cfdd6510878c7590a3d764ac023ef350f4292e0"
"data\raw\res\HepG2\HepG2_17_cell_004\HepG2_17_cell_004_OCT.tif","129092","fb45a0d7c759a3fe9f6374f7f7a6431a8b1a9cce1f6300d13612cf0df33d2741"
"data\raw\res\HepG2\HepG2_17_cell_004\HepG2_17_cell_004_protein.tif","43196","c5b782c77a535b5f34e583b99db791aeceba6ec1d62f48f6e699c0fa51a9b218"
"data\raw\res\HepG2\HepG2_17_cell_004\metadata.json","263","cfaf179de1d3712a64aad3a6a61102fb01ca64418c6eef28ee575b5334cc6282"
"data\raw\res\HepG2\HepG2_17_cell_005\HepG2_17_cell_005_fad.tif","27640","629dafb0f1bc1ee7484a6b66352dbc79f4848dae71fa96994cda9253212b2cad"
"data\raw\res\HepG2\HepG2_17_cell_005\HepG2_17_cell_005_lipid.tif","27640","ffde602e7864f53cecf64b0d3684ad1dda7d62e950ea79843ab8a98918e0d097"
"data\raw\res\HepG2\HepG2_17_cell_005\HepG2_17_cell_005_mask.tif","27640","f997b59b5828504ba8052236aa82dc35579b1270eddce9a6a3ddc77d2a457cc1"
"data\raw\res\HepG2\HepG2_17_cell_005\HepG2_17_cell_005_nadh.tif","27640","61669bd1ff90935c3c495794067236f6a956c449b2bfdf197fc2d64e39e3ca7a"
"data\raw\res\HepG2\HepG2_17_cell_005\HepG2_17_cell_005_OCT.tif","82424","161c579ea25e7d4beced58bab88dde1f789cdb94d020721481fe26998898890e"
"data\raw\res\HepG2\HepG2_17_cell_005\HepG2_17_cell_005_protein.tif","27640","28a3dfa8b8e9b4bead8d991299a5c3d234878496e411007591dd242402122b4e"
"data\raw\res\HepG2\HepG2_17_cell_005\metadata.json","263","12f81bb02d0e9a7b3414659bf5f73bb9e4d3d9c30048ab722bed09a4250b5f48"
"data\raw\res\HepG2\HepG2_17_cell_006\HepG2_17_cell_006_fad.tif","27083","d07d21ff46b856a68ae776a927a38af3083919ea3f32286c04601e5dc31cede7"
"data\raw\res\HepG2\HepG2_17_cell_006\HepG2_17_cell_006_lipid.tif","27083","f4830209b923f39e366a4d91838056138562fb920f98f682c85dcb636ef0a390"
"data\raw\res\HepG2\HepG2_17_cell_006\HepG2_17_cell_006_mask.tif","27083","5b220040fdf0128c5f71f5c1485eb200960700a9e2d2fb1642e8585e14f42719"
"data\raw\res\HepG2\HepG2_17_cell_006\HepG2_17_cell_006_nadh.tif","27083","81fca0bd532e948df3b71fd9ac1f3281af72987e0caa5b27be5adc99ce3c9169"
"data\raw\res\HepG2\HepG2_17_cell_006\HepG2_17_cell_006_OCT.tif","80753","2e036c504cf619cbfde94af353336eab860cc338046a2c256973635349953c19"
"data\raw\res\HepG2\HepG2_17_cell_006\HepG2_17_cell_006_protein.tif","27083","85c0fd65f896c77b59f90efeb9d0affa0049b49c51775fd8dcee7a9c21931842"
"data\raw\res\HepG2\HepG2_17_cell_006\metadata.json","262","720710fd4ad209ff74ca0162897256674c0f38a6289ce83bd7402e3a7b3a2384"
"data\raw\res\HepG2\HepG2_17_cell_007\HepG2_17_cell_007_fad.tif","37865","aa93ef09ec2577a3ae22757d8bd98fcd23d755cb6ecc59e4ff419fe0dc5033e3"
"data\raw\res\HepG2\HepG2_17_cell_007\HepG2_17_cell_007_lipid.tif","37865","6d096d4db7f52507e18251483c02fb2dedb1a0cb62d8044094c466790fe26ec1"
"data\raw\res\HepG2\HepG2_17_cell_007\HepG2_17_cell_007_mask.tif","37865","da26c1764b2a043729945e101ded0b11780e0ef464308f42b8733f6e10252138"
"data\raw\res\HepG2\HepG2_17_cell_007\HepG2_17_cell_007_nadh.tif","37865","2bec477d00622e95c768640cd38017f9b71aa9d73a003c5096b20e1151d716ce"
"data\raw\res\HepG2\HepG2_17_cell_007\HepG2_17_cell_007_OCT.tif","113099","56bb32df35d7a317014e1ccee7cf9565a87a19942b2291d6ba2e751f5be5c288"
"data\raw\res\HepG2\HepG2_17_cell_007\HepG2_17_cell_007_protein.tif","37865","b7639207e6aea104264258a33afc650e29ccc4babfc831adfd352fe133865bd4"
"data\raw\res\HepG2\HepG2_17_cell_007\metadata.json","261","d9ab620f26fb35ae26fb33810dc1ba333ebd2ada2e7c0021ada5d40aeb5ec0ec"
"data\raw\res\HepG2\HepG2_18_cell_001\HepG2_18_cell_001_fad.tif","84151","4f96b5238e2d2402d7d81275db96942d104b21a5ebedca128746eb5194195d13"
"data\raw\res\HepG2\HepG2_18_cell_001\HepG2_18_cell_001_lipid.tif","84151","60981a609bc0ffff686c4e15ccfe13232ea3d1013168e541c7ec76a6de9f2d72"
"data\raw\res\HepG2\HepG2_18_cell_001\HepG2_18_cell_001_mask.tif","84151","94b6e2440dcaa52dafffb035d33c2ccc51e17b3aaf39c3f362cb650afbda3bfb"
"data\raw\res\HepG2\HepG2_18_cell_001\HepG2_18_cell_001_nadh.tif","84151","d6b61b8be8b9885636327c7da20ce31c0c9c972ae749eaa0915ba62bcf069c8c"
"data\raw\res\HepG2\HepG2_18_cell_001\HepG2_18_cell_001_OCT.tif","251957","87b6e17bc5c2a253200941d2599ed4d45c24fc48070c644d0b6b29537fd455ae"
"data\raw\res\HepG2\HepG2_18_cell_001\HepG2_18_cell_001_protein.tif","84151","32429f78141a4fc084d8687de5443082ac8dc7f25a6146508b0d8c5ee211dd62"
"data\raw\res\HepG2\HepG2_18_cell_001\metadata.json","262","8652e4a321d100e91ff2c7fb9cceb0ec8475a5baaed2727d981059358eac9216"
"data\raw\res\HepG2\HepG2_18_cell_002\HepG2_18_cell_002_fad.tif","25322","57114b3f38802e1341fce30187d9e3430d3ba6776ff653643a9d515c9d63a2ec"
"data\raw\res\HepG2\HepG2_18_cell_002\HepG2_18_cell_002_lipid.tif","25322","e481b9d57e6780feebe651602f512ceb75bd75e1d5db8424d3b2f364f79b0f0c"
"data\raw\res\HepG2\HepG2_18_cell_002\HepG2_18_cell_002_mask.tif","25322","df118f6100576557e6c70933ae54393b3782f62cbf421d02809078a72fa47792"
"data\raw\res\HepG2\HepG2_18_cell_002\HepG2_18_cell_002_nadh.tif","25322","01ad9df310e5c487a1c7ca90e146c8c5ecf979b21ce913cc2735a0097c1fcad2"
"data\raw\res\HepG2\HepG2_18_cell_002\HepG2_18_cell_002_OCT.tif","75470","c61dd5b16ac3d3811a0069489d561996853bef5310bf8c42c8ede63f37846e14"
"data\raw\res\HepG2\HepG2_18_cell_002\HepG2_18_cell_002_protein.tif","25322","4a0316162ecd8b186956b1010166247c82049cd41dd8edf312e83872d85f2605"
"data\raw\res\HepG2\HepG2_18_cell_002\metadata.json","263","00c76f00c0065dbd3c05a5e6af41de26b1c505222757d22c61a6668188634663"
"data\raw\res\HepG2\HepG2_18_cell_003\HepG2_18_cell_003_fad.tif","78512","7e163b053048b36dc2053f594ddd87fbe885e021d0b8c70d2a6ba91ed7a54c0a"
"data\raw\res\HepG2\HepG2_18_cell_003\HepG2_18_cell_003_lipid.tif","78512","f4e97ebd79aa8a29099fc41ec4dfc3372a62b81f62942c4b72c3e816a0787068"
"data\raw\res\HepG2\HepG2_18_cell_003\HepG2_18_cell_003_mask.tif","78512","d07d440eb85c2299b3e7993eea2bec5f1d53269490daa4bb014bec52a032b6b5"
"data\raw\res\HepG2\HepG2_18_cell_003\HepG2_18_cell_003_nadh.tif","78512","d83bbd7589dfd3d0fa6a32f22708fca605b81f9ceff8c0a41230f36e503e9a69"
"data\raw\res\HepG2\HepG2_18_cell_003\HepG2_18_cell_003_OCT.tif","235040","a70728be419aa35f411a878744b157654c9d70bdfc5b8b699d638e46d95eaccd"
"data\raw\res\HepG2\HepG2_18_cell_003\HepG2_18_cell_003_protein.tif","78512","b331a77cd65289fd6306371e49c7808e55fc58f32b32002f33ff83a318aec8e5"
"data\raw\res\HepG2\HepG2_18_cell_003\metadata.json","262","8e83cff3e04e1f54d9419d1c44761a696a4678719c9668113fdd54bee9a8dfbe"
"data\raw\res\HepG2\HepG2_18_cell_004\HepG2_18_cell_004_fad.tif","34456","d13c6435cdb073441f25194b36cc275b84fd1670c2c2d3d123ef0ed914ba9460"
"data\raw\res\HepG2\HepG2_18_cell_004\HepG2_18_cell_004_lipid.tif","34456","e94001cbbde68360373b1a9e7f32b2461d7d8f291b1c6408d4bac15c6ecbeb9e"
"data\raw\res\HepG2\HepG2_18_cell_004\HepG2_18_cell_004_mask.tif","34456","c5d52cbea5c091ae41d4e73fea296b8646c56ba86cc6c6fdd3e6efe56787df76"
"data\raw\res\HepG2\HepG2_18_cell_004\HepG2_18_cell_004_nadh.tif","34456","cca11675c3bda41a319d889bcaad47048944109eaa9faa25a2c0431e2fbf104e"
"data\raw\res\HepG2\HepG2_18_cell_004\HepG2_18_cell_004_OCT.tif","102872","79235bc9f3b2887839d8641330403342f3c0d09c7de25fa9c0743c77bc779a67"
"data\raw\res\HepG2\HepG2_18_cell_004\HepG2_18_cell_004_protein.tif","34456","c51a697f592ddf3cf2500646b302a0147c47db37c3dbb8ac687baf2d755bb31f"
"data\raw\res\HepG2\HepG2_18_cell_004\metadata.json","263","7e53ee468ed7e37cfc0c8a4f936a0d312474125b428190141edc82833eba837d"
"data\raw\res\HepG2\HepG2_19_cell_001\HepG2_19_cell_001_fad.tif","45748","f8787006c4608b97bf9d0e79da6b2569fe9d0fb72e99776a63063bc28ca40a0e"
"data\raw\res\HepG2\HepG2_19_cell_001\HepG2_19_cell_001_lipid.tif","45748","b1678778594182f344e1155bd297e8db9c39b5694381a367b7d5f31892375f83"
"data\raw\res\HepG2\HepG2_19_cell_001\HepG2_19_cell_001_mask.tif","45748","04e09e28b0cef28b3498fb3a2280c9d3eb53325d01f7b72962dd9e334e286d2c"
"data\raw\res\HepG2\HepG2_19_cell_001\HepG2_19_cell_001_nadh.tif","45748","52fc1ab0431d460227f7568f711d42c4ea50a8d5296251acaa962e9afef7bd85"
"data\raw\res\HepG2\HepG2_19_cell_001\HepG2_19_cell_001_OCT.tif","136748","96506b72d8a468d6e1d52f80b75e7754874f9f4520091b1224b5b9dfde9f85ce"
"data\raw\res\HepG2\HepG2_19_cell_001\HepG2_19_cell_001_protein.tif","45748","9c1cd730746c06b723961914f3ae009af6f321e29f834411747b884690588e72"
"data\raw\res\HepG2\HepG2_19_cell_001\metadata.json","263","3093c1a212f19a55d67255fa032407d0577132daf09db3c3e69cfc6e270a3889"
"data\raw\res\HepG2\HepG2_19_cell_002\HepG2_19_cell_002_fad.tif","31300","88afb0ccfa7d6d900ab6e0a068c643bac3760ad7f13772678eeb0dfb54d4c13d"
"data\raw\res\HepG2\HepG2_19_cell_002\HepG2_19_cell_002_lipid.tif","31300","160d42d6171489969dbdd0bd12154831882addec5c634c7046dfcc90a0e34d99"
"data\raw\res\HepG2\HepG2_19_cell_002\HepG2_19_cell_002_mask.tif","31300","c2314863d47d8a3a48198ac6beb946e068aef81005df8742f458b85f11069f19"
"data\raw\res\HepG2\HepG2_19_cell_002\HepG2_19_cell_002_nadh.tif","31300","6b3fee6fe53a604ea4a596ebb5bc9a8ae86a3de7d1338dcd9a691f0f99345b0c"
"data\raw\res\HepG2\HepG2_19_cell_002\HepG2_19_cell_002_OCT.tif","93404","9c6f6d44201a74f3901df7bef8e227160126de5f4cc9fe6e1de57f6ad4d518ab"
"data\raw\res\HepG2\HepG2_19_cell_002\HepG2_19_cell_002_protein.tif","31300","e322f7e265aef69b8e00b709ba63f4568a2c611284a088b7b418a087775ecfc7"
"data\raw\res\HepG2\HepG2_19_cell_002\metadata.json","263","ce287110cdd88ca968372b360db4973606cd11b4942d44c5929e018dfe7db2c4"
"data\raw\res\HepG2\HepG2_19_cell_003\HepG2_19_cell_003_fad.tif","34596","26a003346d4c18b8d72320e5847ce594e0a32e75e2c0d250eaf20b0397e34d57"
"data\raw\res\HepG2\HepG2_19_cell_003\HepG2_19_cell_003_lipid.tif","34596","56f5d0275f3d94db4fa2817c0556a03ac66eb88ebee4b62dc391727ada033316"
"data\raw\res\HepG2\HepG2_19_cell_003\HepG2_19_cell_003_mask.tif","34596","28359b584c40cac62354cadab42ba56c40f38e156acbffc40ffaa850a7a23dbf"
"data\raw\res\HepG2\HepG2_19_cell_003\HepG2_19_cell_003_nadh.tif","34596","0fbebee463d074d0812eeb96c57d1d527d5601af157b15ce33e6663dcae7a51a"
"data\raw\res\HepG2\HepG2_19_cell_003\HepG2_19_cell_003_OCT.tif","103292","2d496309e38aa7de5e861ad202fa75d9673cacefafd7111c6c937a71a4cf8e76"
"data\raw\res\HepG2\HepG2_19_cell_003\HepG2_19_cell_003_protein.tif","34596","bd84865087779e340b888927bdf652f2f314f693a26736a4b8819441706784a2"
"data\raw\res\HepG2\HepG2_19_cell_003\metadata.json","263","75cf9183e685e6e3b3f58cecf787f0dbf88f302b634a54e44e040f49ef4c2b07"
"data\raw\res\HepG2\HepG2_19_cell_004\HepG2_19_cell_004_fad.tif","48667","cf6164f620f2a54fdd1bbab01c4d1703e72bf1a7129c8fcff58dcbea1601a97c"
"data\raw\res\HepG2\HepG2_19_cell_004\HepG2_19_cell_004_lipid.tif","48667","5ee1db444f1193495db147a261c76fcc041b7f173f8caae70f658ee39e0bdf3a"
"data\raw\res\HepG2\HepG2_19_cell_004\HepG2_19_cell_004_mask.tif","48667","c3538d0ecdbbb6a25ced6359f79a408590447cf16202df39ec7f35878ad5787d"
"data\raw\res\HepG2\HepG2_19_cell_004\HepG2_19_cell_004_nadh.tif","48667","d00a4fe4b8404a7cb62b29c5c179b5d891e1e372da4041030a4a2f28c182251d"
"data\raw\res\HepG2\HepG2_19_cell_004\HepG2_19_cell_004_OCT.tif","145505","8fff2a1edc003028986fc47e9ed77e9af65953aaa525852bc41e1bbb38ad9f7a"
"data\raw\res\HepG2\HepG2_19_cell_004\HepG2_19_cell_004_protein.tif","48667","af19867a5f5d8b5e584f5a3b8df9b20b8f9190fbcf7a03351efbf97b1fdd0e50"
"data\raw\res\HepG2\HepG2_19_cell_004\metadata.json","263","a2a47a65eabe43c91fe7bdf9ad7238cc4f7154454f309d747f80d1fd330a18b3"
"data\raw\res\HepG2\HepG2_19_cell_005\HepG2_19_cell_005_fad.tif","31738","e3f3387592da6c3df3a0cddf6ba0a0aca7bf46fe213593249536b91e218caf7a"
"data\raw\res\HepG2\HepG2_19_cell_005\HepG2_19_cell_005_lipid.tif","31738","0673548455cc9676ecc2634a546ebe06f93c128007c6d6fbfe9ad6b16a9ab4c5"
"data\raw\res\HepG2\HepG2_19_cell_005\HepG2_19_cell_005_mask.tif","31738","0f264f50ad688aa55f131d70ca8a3e41becd5a5b2e205d723cc78d2cede6f0f8"
"data\raw\res\HepG2\HepG2_19_cell_005\HepG2_19_cell_005_nadh.tif","31738","8592946523f0b92134128530919643b448e0b7b60552ddbae22d98659a2eec8c"
"data\raw\res\HepG2\HepG2_19_cell_005\HepG2_19_cell_005_OCT.tif","94718","6330da047797c83d9f63e5f57363c74abfb9b2ca972f4a7638a753acf2a6a8ff"
"data\raw\res\HepG2\HepG2_19_cell_005\HepG2_19_cell_005_protein.tif","31738","2190ca3507b72c282c10f68fbbfb733e20656cc9c5388a81f06bc967d8ac8e81"
"data\raw\res\HepG2\HepG2_19_cell_005\metadata.json","262","6fa24cfa1298098f0cc6fc15ec4d1a74ea7812c787bb60b2abbad37dc04787f8"
"data\raw\res\HepG2\HepG2_19_cell_006\HepG2_19_cell_006_fad.tif","30346","0730965d99e37da1631eeced40aad9fcdbc3e5b064f691482f3b4de2e1059f35"
"data\raw\res\HepG2\HepG2_19_cell_006\HepG2_19_cell_006_lipid.tif","30346","e6f68acd8673363f467476b1703b17cc9c9f0580dfea3542023065fa594007ef"
"data\raw\res\HepG2\HepG2_19_cell_006\HepG2_19_cell_006_mask.tif","30346","81ffd511f3b5875df83b11397e19b521042499336f4da54d4d870f9da3c0607a"
"data\raw\res\HepG2\HepG2_19_cell_006\HepG2_19_cell_006_nadh.tif","30346","6f7509fe7d53dccffe443888ca0754ed582e9ea4d85a2a64bf4685086848992e"
"data\raw\res\HepG2\HepG2_19_cell_006\HepG2_19_cell_006_OCT.tif","90542","763dd6b50d6f274ad797b164e5feec47cefc4192825389710adeba632925cac7"
"data\raw\res\HepG2\HepG2_19_cell_006\HepG2_19_cell_006_protein.tif","30346","91d18e62b9bff99418bc3344923286fe187c82dd34777e7807987a37bf9de078"
"data\raw\res\HepG2\HepG2_19_cell_006\metadata.json","263","6edf27555378d5ba88634547a89b879b555b4145f725bcda76ea4dfbec666c20"
"data\raw\res\HepG2\HepG2_20_cell_001\HepG2_20_cell_001_fad.tif","19541","0b1b9df13d00adc4f9f35b3fbc3c7a6f5d822c7b983cea5c567a493a5d59c3de"
"data\raw\res\HepG2\HepG2_20_cell_001\HepG2_20_cell_001_lipid.tif","19541","36a4d471136b50fb24712ee83ae70db28418627e73c4a0e4a8195d2969fff3df"
"data\raw\res\HepG2\HepG2_20_cell_001\HepG2_20_cell_001_mask.tif","19541","ad202c564cd2784947a4d08a1ba265efb3a0adf5c1e9efdd8fa18187d66cff43"
"data\raw\res\HepG2\HepG2_20_cell_001\HepG2_20_cell_001_nadh.tif","19541","4a7857efc16fc0dcc3555e883f22117e35c944cde34210c8183c29aefd06c7af"
"data\raw\res\HepG2\HepG2_20_cell_001\HepG2_20_cell_001_OCT.tif","58127","bd2b4e1efd6635f0adb1909454a0b172d8aa5b3183c1e26db06058bfbe04e070"
"data\raw\res\HepG2\HepG2_20_cell_001\HepG2_20_cell_001_protein.tif","19541","1747e97e7a6484cd1b8188a90407336b24c1a54fb77444f2175db2ba1943be91"
"data\raw\res\HepG2\HepG2_20_cell_001\metadata.json","261","0a61e5f58f1dd968f1425e0b2863679ee89094296cd093485b64514633c12fae"
"data\raw\res\HepG2\HepG2_20_cell_002\HepG2_20_cell_002_fad.tif","22720","43e435f164b799f4610fbaea0d72bfc4dc3776db0f1638a056c41b0888f8f9f3"
"data\raw\res\HepG2\HepG2_20_cell_002\HepG2_20_cell_002_lipid.tif","22720","cb8a39095f04f9942cd7f5487f36cf07672583ac2c80c67fd236ebb8d09171aa"
"data\raw\res\HepG2\HepG2_20_cell_002\HepG2_20_cell_002_mask.tif","22720","584564d9368b3915ba5637d82b936035b8473362242fc221044a0a3cf0e92364"
"data\raw\res\HepG2\HepG2_20_cell_002\HepG2_20_cell_002_nadh.tif","22720","3b3d4ab703a5a8dfc8431cf9dc35bcbb2ed21843cf5dee1057146230a471d1d7"
"data\raw\res\HepG2\HepG2_20_cell_002\HepG2_20_cell_002_OCT.tif","67664","d3745e93b257a2f46a75ab22aad46a75ae27207acdb2feb9e2c90054014b58b3"
"data\raw\res\HepG2\HepG2_20_cell_002\HepG2_20_cell_002_protein.tif","22720","0c2c7348e6338d0cf012052fff4af49897801e0c44ac59ecb6a82269078ab7d2"
"data\raw\res\HepG2\HepG2_20_cell_002\metadata.json","261","985a54669c3b3605525903841759059e275f60ada89e00c62a29c372d3a7d0a4"
"data\raw\res\HepG2\HepG2_20_cell_003\HepG2_20_cell_003_fad.tif","21136","7269a8f5e26bcf5d697dfc2fd3cee5b27977bc04b10764e2f70a43ff38e5263b"
"data\raw\res\HepG2\HepG2_20_cell_003\HepG2_20_cell_003_lipid.tif","21136","a2e10302fb0933ea397876f6901585f7a5e4f3c66eeb0fc06e28cccdc755901d"
"data\raw\res\HepG2\HepG2_20_cell_003\HepG2_20_cell_003_mask.tif","21136","8177fad86e085bfdd593d415c10f7900e2ce7942e3d32bd7547b67943f991ab6"
"data\raw\res\HepG2\HepG2_20_cell_003\HepG2_20_cell_003_nadh.tif","21136","2241f25197842e6a4623bb7dfe1709dc70c9a3c6157cb2e530b3e81db10edd5d"
"data\raw\res\HepG2\HepG2_20_cell_003\HepG2_20_cell_003_OCT.tif","62912","4e0a42a44d52ca8dbe713eb98033d106607ec88d9f68fe791f192a1d11de2180"
"data\raw\res\HepG2\HepG2_20_cell_003\HepG2_20_cell_003_protein.tif","21136","9ef794a513a97c61207818946b770c41b6e28a1434b45431b18f820c8affa8c0"
"data\raw\res\HepG2\HepG2_20_cell_003\metadata.json","262","dad4f993f897d7e6f3aaf8b5210cd6b485d8abc017453e5a2ea01de4ad72b28a"
"data\raw\res\HepG2\HepG2_20_cell_004\HepG2_20_cell_004_fad.tif","29264","1aac21484e90168f7caa0e45f74aa4a98e9de899594ad3393f4f4e085b05eab4"
"data\raw\res\HepG2\HepG2_20_cell_004\HepG2_20_cell_004_lipid.tif","29264","ad23e0b4945bb4e51ad134f8630e7c5202390319f23def34e32c58f321b32cfa"
"data\raw\res\HepG2\HepG2_20_cell_004\HepG2_20_cell_004_mask.tif","29264","cb2763bf207d770395d2515fa716b7e8cbd4d97fde8cd63043a98e0f2eb1daf0"
"data\raw\res\HepG2\HepG2_20_cell_004\HepG2_20_cell_004_nadh.tif","29264","813725e842d3421f2a15d2ce3dbf91bce5bdcf0038e787cad03faa0caaa37732"
"data\raw\res\HepG2\HepG2_20_cell_004\HepG2_20_cell_004_OCT.tif","87296","edb19fdbc6fb09906152c503b36a026322d006aeb53980f057c0da75b1b198dd"
"data\raw\res\HepG2\HepG2_20_cell_004\HepG2_20_cell_004_protein.tif","29264","4aa710395086a8dd14984dc0a2ebf7c90a49806d06a56f7bb389b1f8ca1bec1e"
"data\raw\res\HepG2\HepG2_20_cell_004\metadata.json","263","abcc605432023bf57f2e03c3240cdda57ca3f5d152ae719f9c79bbe9c008e80f"
"data\raw\res\HepG2\HepG2_20_cell_005\HepG2_20_cell_005_fad.tif","24471","663453c1dec30886e414ec07758ba98a4c4adb5b72d4977ee8c3b42e17d920f2"
"data\raw\res\HepG2\HepG2_20_cell_005\HepG2_20_cell_005_lipid.tif","24471","2f867bbd0a539ca3852d0039cbf4a055fe46afaf75c8b06e1b4e33a0d54e1d5a"
"data\raw\res\HepG2\HepG2_20_cell_005\HepG2_20_cell_005_mask.tif","24471","7831f313dede7c8ceb6267f28dda905992400e0ed06bdd0f8a66f4487f4a8445"
"data\raw\res\HepG2\HepG2_20_cell_005\HepG2_20_cell_005_nadh.tif","24471","9cfcf016a5bcbc9ce80507b4cc360e4942825232910a3e7c7c644d44ac82baf0"
"data\raw\res\HepG2\HepG2_20_cell_005\HepG2_20_cell_005_OCT.tif","72917","2e7ae168b84f1d187294b13ea82619bb16bdceb4aa350a25a986e3977f02f708"
"data\raw\res\HepG2\HepG2_20_cell_005\HepG2_20_cell_005_protein.tif","24471","425d0f164a26c4484f8a37901fa80597d573d51d29bc7abea9ae3c7ebe21338e"
"data\raw\res\HepG2\HepG2_20_cell_005\metadata.json","263","aeb563ec18c18304cf842b858be3d826aecb2ecca1b932c84f99d75ba3614ced"
"data\raw\res\HepG2\HepG2_20_cell_006\HepG2_20_cell_006_fad.tif","31716","3d673c808dd299af810bb3bfb0331d68a966c8cff6dc385225da8dd5e9814532"
"data\raw\res\HepG2\HepG2_20_cell_006\HepG2_20_cell_006_lipid.tif","31716","fa1c1d2e4ce832e1b23a0baae09f17667a67048cfaf1d233cc8adb503013b404"
"data\raw\res\HepG2\HepG2_20_cell_006\HepG2_20_cell_006_mask.tif","31716","56e672bbc8ba2145c9bbe3d5aa21e13928e151e5dd5561e04e07a097d8fc0271"
"data\raw\res\HepG2\HepG2_20_cell_006\HepG2_20_cell_006_nadh.tif","31716","3ba07ba6a84ab01acb4c2190c46438649dcf96df2598e96b712fd9215d6f1e10"
"data\raw\res\HepG2\HepG2_20_cell_006\HepG2_20_cell_006_OCT.tif","94652","be8ae845e5e2ddc0e4e0f54da356da75948f397515831c853082c6796218cc12"
"data\raw\res\HepG2\HepG2_20_cell_006\HepG2_20_cell_006_protein.tif","31716","dc8afa6bf8d1d45df63a5d1e349bd0ec6ca2ead1af4fbfdfa0121923df554434"
"data\raw\res\HepG2\HepG2_20_cell_006\metadata.json","263","d88c9913ec6e99e43b7d70c8690cfeb4b6d985c74dcbd6f5f703fc3753fda932"
"data\raw\res\OA\oa_02_cell_001\metadata.json","257","fa0244376486c92841adfe88c34a51e9ab77270a2a08e0d9a46ece7430aed661"
"data\raw\res\OA\oa_02_cell_001\oa_02_cell_001_fad.tif","27760","7f22bbff2ac0d6fc9e2b4265a88d2f69ff1558024665444fe8dc64f20af7c65d"
"data\raw\res\OA\oa_02_cell_001\oa_02_cell_001_lipid.tif","27760","d29683b991481b930a26d8e58e20a260bee1c51ae2aa1d5c34328f0fd2d9183f"
"data\raw\res\OA\oa_02_cell_001\oa_02_cell_001_mask.tif","27760","ccc518783f78b26fd4d1429a77b1ace614c0b3c424cb633c98e80f6074f4246b"
"data\raw\res\OA\oa_02_cell_001\oa_02_cell_001_nadh.tif","27760","7d823f45bb5bea1ae6a24c4487a93fa6ea7a86091754f5e781a2dfb270a60183"
"data\raw\res\OA\oa_02_cell_001\oa_02_cell_001_OCT.tif","82784","636ce9f9f56658e08c20dd34fa95a65b4dbc474d283eebeade99b0e522ff6768"
"data\raw\res\OA\oa_02_cell_001\oa_02_cell_001_protein.tif","27760","09dd24da07a8172ca24eb2bb2cbc2683f37e129f2226119c7d0abf6e5e1540f8"
"data\raw\res\OA\oa_02_cell_002\metadata.json","255","7b743351339d26e9ba94498d1dbdba39fa5d4bffddcc9351ef1db0488b37381d"
"data\raw\res\OA\oa_02_cell_002\oa_02_cell_002_fad.tif","27307","ab603f55a3af3bf0571ffdd37ab4aeeffee9d4f3d884c465bb064844e814b2a4"
"data\raw\res\OA\oa_02_cell_002\oa_02_cell_002_lipid.tif","27307","765ea3e1fc4c9ee6a38452c18e71c23be89f21ba06f44a4b7fb0d1feada8d892"
"data\raw\res\OA\oa_02_cell_002\oa_02_cell_002_mask.tif","27307","ffc2f1f17314295494fb342a6e1cacb3977ccb9979ae0eb98bc2e789c5e1c871"
"data\raw\res\OA\oa_02_cell_002\oa_02_cell_002_nadh.tif","27307","2641105f497085dee2005d1efbf314239dd9717d38786c92d8d717c2c9b0866c"
"data\raw\res\OA\oa_02_cell_002\oa_02_cell_002_OCT.tif","81425","a4ccb1514b1089e408af1ccb0bef799efb1923b3e7f037230d5e5db7ed7df858"
"data\raw\res\OA\oa_02_cell_002\oa_02_cell_002_protein.tif","27307","48eaf3d68cb5eed80d368c99bd2e38f53a1c5f6d19dcd187b22cb89fc1655da3"
"data\raw\res\OA\oa_02_cell_003\metadata.json","257","a76dfae743ea725524e97e652396a4cdaeaada03af265ed68ab411deb1ab99f8"
"data\raw\res\OA\oa_02_cell_003\oa_02_cell_003_fad.tif","40255","88db232c5ae23653fec3d0450f8ea0dcd624612e15921dd5e080d5215b5f73cd"
"data\raw\res\OA\oa_02_cell_003\oa_02_cell_003_lipid.tif","40255","78b0239f24b908287b979e18d7e9f49f71a072e1c71f4280d2a85357fdc5996f"
"data\raw\res\OA\oa_02_cell_003\oa_02_cell_003_mask.tif","40255","f150ff71a9f679aee05f34c8c1ad973d57988f4b3d69c51b3a4cabf1129d41c3"
"data\raw\res\OA\oa_02_cell_003\oa_02_cell_003_nadh.tif","40255","d6889ac54b39ff9e3e6de51917174a8505f646f25b2497fccde8906b81ea533c"
"data\raw\res\OA\oa_02_cell_003\oa_02_cell_003_OCT.tif","120269","ac2b2c5fbea1dd3c8921dd26ed0a323df82bd3dae3deb54bac0efa42879b61ed"
"data\raw\res\OA\oa_02_cell_003\oa_02_cell_003_protein.tif","40255","c89fbb9ab7931fe397df9c9783c44612bb07da6ab41e68a67696a1547526bfba"
"data\raw\res\OA\oa_02_cell_004\metadata.json","257","0d9a7a7b209c8dbbea69e1d5d6d2d2c71949e5dbb7747cb10e457840e60e24db"
"data\raw\res\OA\oa_02_cell_004\oa_02_cell_004_fad.tif","22641","1ebea646ee6bb35e445b44b06eb0a957cd3b6de6e7e44f11c44dff32a7c7ae87"
"data\raw\res\OA\oa_02_cell_004\oa_02_cell_004_lipid.tif","22641","6b01bd80058be794cb935da8a2db65022825222f6a68d3419b87a0186b6620a3"
"data\raw\res\OA\oa_02_cell_004\oa_02_cell_004_mask.tif","22641","bde727c93dc1fad46b7a6d12b6e33a9c99279ca45037491338de34ff68041f90"
"data\raw\res\OA\oa_02_cell_004\oa_02_cell_004_nadh.tif","22641","ef75e80dedf15d4ddaf6b78d0604fbc74645893d662faf2bd852da9a2e63908f"
"data\raw\res\OA\oa_02_cell_004\oa_02_cell_004_OCT.tif","67427","f3ff506128ebddd3da2f4dace00946234b58f6ecaee06efef7d92efdb409a57e"
"data\raw\res\OA\oa_02_cell_004\oa_02_cell_004_protein.tif","22641","e72972f29f3d8694d9258bd929b3ffa386525343b22123c44ff7efc35a30019d"
"data\raw\res\OA\oa_02_cell_005\metadata.json","257","3ca92bcfd309dbba903c4865c474c131a0bef5e640e74e463009f6fdf26490bd"
"data\raw\res\OA\oa_02_cell_005\oa_02_cell_005_fad.tif","44388","82cb22598860006e2e01c9d951fede1c4bd48ec6f80c68389b6df06c2a024037"
"data\raw\res\OA\oa_02_cell_005\oa_02_cell_005_lipid.tif","44388","0a728be9899de55a4e51c01584f818e656d1c6af1f88050572bf20422cb886d9"
"data\raw\res\OA\oa_02_cell_005\oa_02_cell_005_mask.tif","44388","7e57a2202510717dac9fe86d3e63604be0d53cebe5ba330ea3198ef799d93508"
"data\raw\res\OA\oa_02_cell_005\oa_02_cell_005_nadh.tif","44388","b94465c1dc486e4427775b42a94178a215679f4e4368c31a765a49493c4817c1"
"data\raw\res\OA\oa_02_cell_005\oa_02_cell_005_OCT.tif","132668","eae39672ce90df044d912a0725f4f380f70d7eb5b9f204e89f6ef9be09d4df4f"
"data\raw\res\OA\oa_02_cell_005\oa_02_cell_005_protein.tif","44388","0569afbe0f2506122e75a9ac08a58c048357d144b48e6772b22622fd03f2e2ff"
"data\raw\res\OA\oa_02_cell_006\metadata.json","255","2ee98db0450c714181398128aef95d40ea42ada1bc13ab8d9066e431cb6eeb8d"
"data\raw\res\OA\oa_02_cell_006\oa_02_cell_006_fad.tif","35739","e57b4a360c1d79c5668ba859177dcb732222a0dd91a53501057e683601b4c619"
"data\raw\res\OA\oa_02_cell_006\oa_02_cell_006_lipid.tif","35739","895241a77f445abe3c64ca3146aa8e019bded3b6dafcb2b7d074029b5de3e73d"
"data\raw\res\OA\oa_02_cell_006\oa_02_cell_006_mask.tif","35739","b3a84365c058698c7fa67a0a882a707439d399307297ea99c44c2dc4f1396868"
"data\raw\res\OA\oa_02_cell_006\oa_02_cell_006_nadh.tif","35739","63bdb584833851059e199d66c81a8a27ce20aa6bbb0536e4f37c02bc5d9b4bbd"
"data\raw\res\OA\oa_02_cell_006\oa_02_cell_006_OCT.tif","106721","6033eb9be7284e961301b3847e97183906f0c5cb57288344c52ee0c439b043ef"
"data\raw\res\OA\oa_02_cell_006\oa_02_cell_006_protein.tif","35739","059450fe8acf97107d00ea8f9fe340bcf2d6b57bce37b327e331173945de3e0a"
"data\raw\res\OA\oa_03_cell_001\metadata.json","254","dbe746f840d78d098529df0f5ec5cc2c9e00523e0a32a46fae0c21e2fb52bee5"
"data\raw\res\OA\oa_03_cell_001\oa_03_cell_001_fad.tif","9876","827e28f6ac4717622221b6e0f6360e6d9249abe50e8155810fff1bdda2e5f087"
"data\raw\res\OA\oa_03_cell_001\oa_03_cell_001_lipid.tif","9876","67c242c2a79ea6b13f505112a228f825741f86391258d13a11c0d55fbbc382d4"
"data\raw\res\OA\oa_03_cell_001\oa_03_cell_001_mask.tif","9876","3ebc77a3592cf4b458fa674f8803ee0867fac420dc5d5a4710ce1a3a93ee02e3"
"data\raw\res\OA\oa_03_cell_001\oa_03_cell_001_nadh.tif","9876","a97c3c15236228d7bc01b9ba0bc40c4075d587933a0567933730b9d69b5bf82b"
"data\raw\res\OA\oa_03_cell_001\oa_03_cell_001_OCT.tif","29132","6d56b94e6adddee326f1d9551e1ee386ed5c4fd4ef7d13427dac730a91f68ad0"
"data\raw\res\OA\oa_03_cell_001\oa_03_cell_001_protein.tif","9876","e0d0af91979ae0e296c62bec326e802c5a43125220fe96dd501e37a57426158c"
"data\raw\res\OA\oa_03_cell_002\metadata.json","253","f3a60bffc4532de90e06b97c8d811a85aeca02a61935554e88b1a36a345e8043"
"data\raw\res\OA\oa_03_cell_002\oa_03_cell_002_fad.tif","27160","72c180702b3950ba2417c4372d3acdeb122b3f20873351da1dac42a9d64b44cb"
"data\raw\res\OA\oa_03_cell_002\oa_03_cell_002_lipid.tif","27160","4f9f44b18531341dbac3b206582a752b1b48fc1875f4c729a0ac31586fe38356"
"data\raw\res\OA\oa_03_cell_002\oa_03_cell_002_mask.tif","27160","5bf797f904b89cacc7170d6e96e9060e491cf50bd98b2ed5322d4bf31da77b65"
"data\raw\res\OA\oa_03_cell_002\oa_03_cell_002_nadh.tif","27160","5c64093ca33a021ea68799f84641758d5e7d197203f806c3bba50467af9e806f"
"data\raw\res\OA\oa_03_cell_002\oa_03_cell_002_OCT.tif","80984","df858abbff7c376a178e1eaf642d96d2e3286dc6f762f4547c288c394ec45713"
"data\raw\res\OA\oa_03_cell_002\oa_03_cell_002_protein.tif","27160","2a83532258658cdd8bbce40a68d2ab83d5f88096c1733c251fd411803c7d9d69"
"data\raw\res\OA\oa_03_cell_003\metadata.json","256","2346de51b05d86d9cc63e69484082b1a54ed44e9aa814147d98faca6fbceb8e1"
"data\raw\res\OA\oa_03_cell_003\oa_03_cell_003_fad.tif","33838","2cdae727f78d24e886c336e39451897bfcc71371c83dd9693af9d9b4fe6b7e57"
"data\raw\res\OA\oa_03_cell_003\oa_03_cell_003_lipid.tif","33838","81addc4cd05c482855f77f01bff696ae19be3797e831cfe86062918245faaa6b"
"data\raw\res\OA\oa_03_cell_003\oa_03_cell_003_mask.tif","33838","1ae9fec03af9d28df6efef304e2eb52ee9e7ba6400eeac8adb9270ebf0bae712"
"data\raw\res\OA\oa_03_cell_003\oa_03_cell_003_nadh.tif","33838","48d69b6e4431d40508b373a8c205f265ff1fd039bf6125376a2f057712de0ad8"
"data\raw\res\OA\oa_03_cell_003\oa_03_cell_003_OCT.tif","101018","bef128fa09bedc2e02775aee37f63dca1a8049d67ca2fe076e51ff61815fd2aa"
"data\raw\res\OA\oa_03_cell_003\oa_03_cell_003_protein.tif","33838","e548bc5bcd76659a855cbc04f3e32cf46478175e333cd449f309638b23f4ce36"
"data\raw\res\OA\oa_03_cell_004\metadata.json","256","667a3b55da52a76a5dd6dd33c8d7a42fdfc8b9ae0edae56e8b4f0ab0790d60f0"
"data\raw\res\OA\oa_03_cell_004\oa_03_cell_004_fad.tif","22564","13d634e0f3ef433ad9c1be537e49b449f2cf5a92d28933ed2561d2fbab55494d"
"data\raw\res\OA\oa_03_cell_004\oa_03_cell_004_lipid.tif","22564","af8ab1c2b62be9c970f6a4799c8bb71d27eb271378726910f86c27092dbba323"
"data\raw\res\OA\oa_03_cell_004\oa_03_cell_004_mask.tif","22564","e0b6f24e808d4c08b595bb101857ce988cc390b070f4e7ec1b387c74fdd355d1"
"data\raw\res\OA\oa_03_cell_004\oa_03_cell_004_nadh.tif","22564","eef38814e8f430cc7272ceb1f375e7960ecc5b01949cf6c00df1c08c4f48bbfb"
"data\raw\res\OA\oa_03_cell_004\oa_03_cell_004_OCT.tif","67196","20e2191d1cb612685e23d870e0e42c1ef29151aeb534d97475775c24934a3289"
"data\raw\res\OA\oa_03_cell_004\oa_03_cell_004_protein.tif","22564","b2c872deffc7bd602d8577f03228fa1487613e3f312598f222e8155d28980423"
"data\raw\res\OA\oa_03_cell_005\metadata.json","257","c7d60a3064fd11e79ad01e34cb07378e27acf95abf31da5ae7f20deb3d43dd14"
"data\raw\res\OA\oa_03_cell_005\oa_03_cell_005_fad.tif","33352","9e9123f692f71ac33355b07111e782d2714dc0bdd3d4badbb9eaa0414cb2dfbf"
"data\raw\res\OA\oa_03_cell_005\oa_03_cell_005_lipid.tif","33352","90ed2e99865d52772dfec4ce8ef118cbf8abb506661a2963e7da2a9599785f4f"
"data\raw\res\OA\oa_03_cell_005\oa_03_cell_005_mask.tif","33352","98aead47a387e35e6b421f507f792d64f166d37726d2d7b0595c9af14c17a0be"
"data\raw\res\OA\oa_03_cell_005\oa_03_cell_005_nadh.tif","33352","acf23de0c226df488befc6e4a89f6cde32a16da805b86c58788a589221007397"
"data\raw\res\OA\oa_03_cell_005\oa_03_cell_005_OCT.tif","99560","019e56de32bcd7aa58cda9ee0282f927cbdb9e257bebf0256228ffc646192b1f"
"data\raw\res\OA\oa_03_cell_005\oa_03_cell_005_protein.tif","33352","6c3e4ade0ab79c05597fad018cd2ea427d567d1f657b94545aa6010c4fa59184"
"data\raw\res\OA\oa_03_cell_006\metadata.json","257","49e341e9134b678f367b4da98ecb9fead0ea2b2e9a5c9e21391efc2a30056579"
"data\raw\res\OA\oa_03_cell_006\oa_03_cell_006_fad.tif","15635","33dab9c8f9254433d69e5a528a622b035b9aecb6e7e12d801db1b806f82bb505"
"data\raw\res\OA\oa_03_cell_006\oa_03_cell_006_lipid.tif","15635","54f2b75a0bd64c58f748220020678093905c6bb77d5e0dc6df6e65c438b8798f"
"data\raw\res\OA\oa_03_cell_006\oa_03_cell_006_mask.tif","15635","cf69cf190e05193311a9ac6e437c9d7e6b164da7d168b8c51e00d4ad8ff3aeec"
"data\raw\res\OA\oa_03_cell_006\oa_03_cell_006_nadh.tif","15635","2a753fd7c258cca6d036bb02983779c3efeae4dd5962a060031c146fcbd3910b"
"data\raw\res\OA\oa_03_cell_006\oa_03_cell_006_OCT.tif","46409","6ec64c8cac5c48a95b97cc06f08fadc97c01a486a9317be178e92a19bbef731a"
"data\raw\res\OA\oa_03_cell_006\oa_03_cell_006_protein.tif","15635","8f49a251c78d0b9fef109487361530ef4a396d18531764901b573fcfbb9c67c8"
"data\raw\res\OA\oa_03_cell_007\metadata.json","257","fbb1f82d45c14b493a0f3311ebd69bb24fc2957dc9bf8f2f01f591ac2c01caa0"
"data\raw\res\OA\oa_03_cell_007\oa_03_cell_007_fad.tif","28270","73d4e69d55350565529ba0a40f352cd876c25e662d765e2dedf05fdd182ab7be"
"data\raw\res\OA\oa_03_cell_007\oa_03_cell_007_lipid.tif","28270","bec7f7547cf59d272d6feee13cd4fc03d57690050afb2d3f98a7d53309e5475e"
"data\raw\res\OA\oa_03_cell_007\oa_03_cell_007_mask.tif","28270","f5dca7399bb64d4bb32aed315cc5c779e4f8c14ab2c2624b07d55c0bed2f160a"
"data\raw\res\OA\oa_03_cell_007\oa_03_cell_007_nadh.tif","28270","dab13e1b12e68ccf0acde9e9706043cb200553efa73ff0a650924b5668af3ddb"
"data\raw\res\OA\oa_03_cell_007\oa_03_cell_007_OCT.tif","84314","22ec131a6bf1830c4d6f36380cd1d24d68b7d377490f50c01df1c494d5d95a96"
"data\raw\res\OA\oa_03_cell_007\oa_03_cell_007_protein.tif","28270","00c37bed984eb0f0a3788af59438e8ebdd798d5171c97d8a41520c9039ca07bc"
"data\raw\res\OA\oa_03_cell_008\metadata.json","257","78639286785d03389e1c9b79dda51b7f0ce18fff80310b2a77f5a15976c0d676"
"data\raw\res\OA\oa_03_cell_008\oa_03_cell_008_fad.tif","17860","53faa9e91d5018fb16ab0f403446938e27f129f6bcba8316bf408be7a9a0aa5d"
"data\raw\res\OA\oa_03_cell_008\oa_03_cell_008_lipid.tif","17860","8144723837ba2556ec62e90d2dee4b39a8f681bd3ed4bc7e505ac3afcc209ac6"
"data\raw\res\OA\oa_03_cell_008\oa_03_cell_008_mask.tif","17860","ac70e361aa577fbb1c4844043c9601b91f47431f3f0c2f129e7acc7262745861"
"data\raw\res\OA\oa_03_cell_008\oa_03_cell_008_nadh.tif","17860","02943c029c323e65f48cadea3dec5e623c6e4dc06c0576b9611e526c7d857280"
"data\raw\res\OA\oa_03_cell_008\oa_03_cell_008_OCT.tif","53084","ea90333216e65b68c0a798681f8c3550965323bd189e3bfc6538273cb7a58ee2"
"data\raw\res\OA\oa_03_cell_008\oa_03_cell_008_protein.tif","17860","f92879eaef675e05aa19b0e072f8e52b47ffbb520afb1dc75310a7faffa6c26e"
"data\raw\res\OA\oa_03_cell_009\metadata.json","257","25dc04e8abfdbc0bf0b534e0c02bc62999bb3e39dae576f43622218d27b37dc1"
"data\raw\res\OA\oa_03_cell_009\oa_03_cell_009_fad.tif","32008","37cf8af6de9999d0bacc53087297238ce61e17f68fdd1224c31606199023f0b5"
"data\raw\res\OA\oa_03_cell_009\oa_03_cell_009_lipid.tif","32008","55db3b31791a43d87c2e90517fc7b8e3209489db3289d0f817dc601dfaad7029"
"data\raw\res\OA\oa_03_cell_009\oa_03_cell_009_mask.tif","32008","1df95f094bc39a00489de6542190ab7bae8a1d0d7bbc3a7364a286b9203eaa3a"
"data\raw\res\OA\oa_03_cell_009\oa_03_cell_009_nadh.tif","32008","2ca2ffdb891f42e786048d2855dfd78728ae89546b209fb36a0ad5864eb3fbf1"
"data\raw\res\OA\oa_03_cell_009\oa_03_cell_009_OCT.tif","95528","76004a34f89fac4b461df8e798f40768fde97b2a81be59b29f3298ce93bcc333"
"data\raw\res\OA\oa_03_cell_009\oa_03_cell_009_protein.tif","32008","d85335254ea2d88d266c3281cbde7c66d99e01ea33cb5d0eb37c84a1300e986d"
"data\raw\res\OA\oa_04_cell_001\metadata.json","255","5d927418ad6d1221bc4107e11f796d490e79557c6e4e686aa679c2648b026e96"
"data\raw\res\OA\oa_04_cell_001\oa_04_cell_001_fad.tif","26572","c3bec530ce3e1828ef8bddb8b4842321d739d7de6afb48af3ffe43b9a332a22f"
"data\raw\res\OA\oa_04_cell_001\oa_04_cell_001_lipid.tif","26572","c14e9b2f5b8887d744325b6817feca0f24174feff1cd45e451a2542befd26ffd"
"data\raw\res\OA\oa_04_cell_001\oa_04_cell_001_mask.tif","26572","a22d55596916a1c42925499d73918caaa8c87b08957621ce6e836521fb671a8f"
"data\raw\res\OA\oa_04_cell_001\oa_04_cell_001_nadh.tif","26572","0de20a53bfd0f947f892e99f547ca5d33b27169d7ddd275cf3370c688b5bef10"
"data\raw\res\OA\oa_04_cell_001\oa_04_cell_001_OCT.tif","79220","6be1a021f5899926168fb53cf5042d911fe1fd5f8e7f51a7165d0f96ad72bf0a"
"data\raw\res\OA\oa_04_cell_001\oa_04_cell_001_protein.tif","26572","7e28be3095d56089e152815b218c3174353643c60fdccc1549d257bd1ea1ab0a"
"data\raw\res\OA\oa_04_cell_002\metadata.json","256","27f3310956eef9c923b58b60bae07d169eb5504357df546d0969173f4b35c774"
"data\raw\res\OA\oa_04_cell_002\oa_04_cell_002_fad.tif","29824","3f77dee326c70204a873145c1298788502a08e405c07f03c932a123c216d2051"
"data\raw\res\OA\oa_04_cell_002\oa_04_cell_002_lipid.tif","29824","2043164583caa2d21afc46420a7142e89183a613225d897de1bfd1928aa3dbfa"
"data\raw\res\OA\oa_04_cell_002\oa_04_cell_002_mask.tif","29824","e646ccfbc05f5232696b88bb7353b8028f5eea94ecfcd2912eec842a650e5775"
"data\raw\res\OA\oa_04_cell_002\oa_04_cell_002_nadh.tif","29824","698db902ecb2796243191c99ec36003dbcb1ed3d3e9004f0ec40f83033c28d3b"
"data\raw\res\OA\oa_04_cell_002\oa_04_cell_002_OCT.tif","88976","d1f2d149561720ebb7669dd72ac8e7ac6fc05e4e7db1267ed091732b3b5972f6"
"data\raw\res\OA\oa_04_cell_002\oa_04_cell_002_protein.tif","29824","4eee758b6749688a1b2909e45f246f3c4cfc4561d014fed253b7246ec901e40d"
"data\raw\res\OA\oa_04_cell_003\metadata.json","256","921d8d61e90318d7793db64e69c54815a21e10d9df330f87e10e589dc8fce509"
"data\raw\res\OA\oa_04_cell_003\oa_04_cell_003_fad.tif","36999","358820842cf3bba48bef54d9cac70109314d6f8e12eeb3f44f63f66e0cd38dcd"
"data\raw\res\OA\oa_04_cell_003\oa_04_cell_003_lipid.tif","36999","c96868842dde1f50e5e1ffef5254ff6d81cb7d16ca5948d9422286bdd1a5e973"
"data\raw\res\OA\oa_04_cell_003\oa_04_cell_003_mask.tif","36999","c52f901c647e932c13fcfa27056ae110b600ce7e8314e65243af7969311adf08"
"data\raw\res\OA\oa_04_cell_003\oa_04_cell_003_nadh.tif","36999","b6659f7a34fc9fafa93dd067036d59e560cbbebf623c4c913b7ac09258ada9a4"
"data\raw\res\OA\oa_04_cell_003\oa_04_cell_003_OCT.tif","110501","545dc673b0f7c8f2de28e52090dedf4268fba0a8c22f3c224a9ad0b92e8ce28a"
"data\raw\res\OA\oa_04_cell_003\oa_04_cell_003_protein.tif","36999","9e85180e81bcdadc964c49d313cc78a86f02268ff7caf320875f07308a535c72"
"data\raw\res\OA\oa_04_cell_004\metadata.json","257","1e37e34ce3a97c6ace451a16833b543f50a2f26f05646ae662a2081f307832e7"
"data\raw\res\OA\oa_04_cell_004\oa_04_cell_004_fad.tif","36540","8e88d58a7961bf56033fd39eda2fe59de737646128f83acd59c66241f4166efa"
"data\raw\res\OA\oa_04_cell_004\oa_04_cell_004_lipid.tif","36540","1c5ab53ea152c3303e1639f8296f1193fa42d1eb41c4ea48b9fbb8ff32566588"
"data\raw\res\OA\oa_04_cell_004\oa_04_cell_004_mask.tif","36540","37f3ecedd5e7e0a3fc3ae2d5866b45ec264761e1667d4884d9c7b6197faf9244"
"data\raw\res\OA\oa_04_cell_004\oa_04_cell_004_nadh.tif","36540","9a4a772d44a2dfe9e8780cb14babfab3afb10bb43dac520f46087d7dd338ea7d"
"data\raw\res\OA\oa_04_cell_004\oa_04_cell_004_OCT.tif","109124","05f2a2d04a698666fa9fb4717d3cae09552ef4d1e50b983682ba82fbf7889b11"
"data\raw\res\OA\oa_04_cell_004\oa_04_cell_004_protein.tif","36540","28d175a1e141c65a314dd18d2540725ee87d77ad0a4da49785124058e893030e"
"data\raw\res\OA\oa_05_cell_001\metadata.json","256","063ed9e49a3843496b1e3b6cc5994bf0594e23866efc91516efe87a0fd6fab87"
"data\raw\res\OA\oa_05_cell_001\oa_05_cell_001_fad.tif","27320","ea6fddbafdab9e49de5647da93a61924f69c81988d40f981971efdc7cc66626c"
"data\raw\res\OA\oa_05_cell_001\oa_05_cell_001_lipid.tif","27320","b577f12f61a3c4cf716ba65d1ec112c8b8012ef863c26e061ddea2fc514e1d4e"
"data\raw\res\OA\oa_05_cell_001\oa_05_cell_001_mask.tif","27320","c3633880805c45d014f78454f1733101dc9029e34edf6ccfb19e19ee1ae5adba"
"data\raw\res\OA\oa_05_cell_001\oa_05_cell_001_nadh.tif","27320","368b31f929b228f54a7c6a793648b71d7355ac37962b393e3a13a20ca2466989"
"data\raw\res\OA\oa_05_cell_001\oa_05_cell_001_OCT.tif","81464","d970e9d0ddeff93eb9a98db9c7266ca844c7b5baad4934bf0502a10cfa19cc93"
"data\raw\res\OA\oa_05_cell_001\oa_05_cell_001_protein.tif","27320","352c0d7802107df8303c3d49e7d84b6196cdbf7009016cb84267222d35694811"
"data\raw\res\OA\oa_05_cell_002\metadata.json","257","2884454796e32a4ee8f1338151a270b4093331d836045dce0219c5e476358b28"
"data\raw\res\OA\oa_05_cell_002\oa_05_cell_002_fad.tif","29712","e62baee037341b53dc18f944017f7b6fbe6ea2fa2dcaec99d66710625ae9813b"
"data\raw\res\OA\oa_05_cell_002\oa_05_cell_002_lipid.tif","29712","167a2b69173812a0b196daef10405e341910ffd631b331a6c5e7978e95f16f51"
"data\raw\res\OA\oa_05_cell_002\oa_05_cell_002_mask.tif","29712","76462d34df4ebab61869f0c63d5ebe259fc20a4565521d388171c143fdc920a8"
"data\raw\res\OA\oa_05_cell_002\oa_05_cell_002_nadh.tif","29712","fbbe302f654644a216dfc2d07208b68937d20f05af87ad173ff39079d537e26e"
"data\raw\res\OA\oa_05_cell_002\oa_05_cell_002_OCT.tif","88640","79d43564f962abf782a9b378eb5c1e94a412baad757a1a0d9dda1f81fe43e8ef"
"data\raw\res\OA\oa_05_cell_002\oa_05_cell_002_protein.tif","29712","fab74e705b20ca5ce32c29e89f169d6a7afb41dcee71c548978b3ad11eccb208"
"data\raw\res\OA\oa_05_cell_003\metadata.json","257","ecb97c280483265b05d3fe394b7ea1e6d5e6774c7bc07480748028a66e30ff2b"
"data\raw\res\OA\oa_05_cell_003\oa_05_cell_003_fad.tif","26240","b1901dbb54155c7ca5e280cd4e6ada8a4278fc26a1494e50be0e0e7a5b233f8d"
"data\raw\res\OA\oa_05_cell_003\oa_05_cell_003_lipid.tif","26240","3a31d9b7761c26df217f22c060702f831ca995833bc0ca3ab4e04a9b33766bf6"
"data\raw\res\OA\oa_05_cell_003\oa_05_cell_003_mask.tif","26240","44ba11b4b07e4e4f4c80e37815357a494ab329839400d1ae8c3ee64eed338c28"
"data\raw\res\OA\oa_05_cell_003\oa_05_cell_003_nadh.tif","26240","18928f57dc9c7b7e2f171378bafafc0b36157b11abf47666ef6ac7ecbccfbc67"
"data\raw\res\OA\oa_05_cell_003\oa_05_cell_003_OCT.tif","78224","bf1c0cc0125aa29e7614cd03d257b69862faffcceadf76598d3d2465b96bc689"
"data\raw\res\OA\oa_05_cell_003\oa_05_cell_003_protein.tif","26240","ffb60e6b6e8e6928cfe166c609e5687e031a45558c0f49b6aaa238ccdfeb0804"
"data\raw\res\OA\oa_05_cell_004\metadata.json","255","bdaf383e77b6276ee941b22c868bdea6baf9b6f0f8d453e514e3bf7e776eb095"
"data\raw\res\OA\oa_05_cell_004\oa_05_cell_004_fad.tif","66112","8c14cad325190f778a8eb74d349acd693a32bc756473f8c9fa81b9a64d17c5aa"
"data\raw\res\OA\oa_05_cell_004\oa_05_cell_004_lipid.tif","66112","34149a260156ed36af04bd8346992754264693a4316325e292a7fa21b9434578"
"data\raw\res\OA\oa_05_cell_004\oa_05_cell_004_mask.tif","66112","92fffaeea577000ab5cdcb2d0c2a05820b3f78e9804e89525b0580c11c1914df"
"data\raw\res\OA\oa_05_cell_004\oa_05_cell_004_nadh.tif","66112","6aa0fd60712a146e9f57cddcac39240f3dd480afedfab8dabd5cd69e0c1c9b4d"
"data\raw\res\OA\oa_05_cell_004\oa_05_cell_004_OCT.tif","197840","756feda7ad6a77e3ad865936be2db10e7a0124a435cf2064cdba40f09bdc2da8"
"data\raw\res\OA\oa_05_cell_004\oa_05_cell_004_protein.tif","66112","5e1743129066e3a997193bd8ed7e4039a8c11e1acd8e1f519857b50150b3caec"
"data\raw\res\OA\oa_05_cell_005\metadata.json","257","85a134093f3ae47d053b427ac95b34b842968bfd5fa45d1636ab726d90dc8b7f"
"data\raw\res\OA\oa_05_cell_005\oa_05_cell_005_fad.tif","63256","79d8cae89dc69a95ff04b788862a1a86b603ec70de394d069ec1966bd712d0cb"
"data\raw\res\OA\oa_05_cell_005\oa_05_cell_005_lipid.tif","63256","301cf2836000b778e55ceb2119611cc0bcefb77d101478f19456dc2b63a46f8f"
"data\raw\res\OA\oa_05_cell_005\oa_05_cell_005_mask.tif","63256","3fe84fb5068ba5a8deddf355bb39f54e66f5d41ff32a63930f1b88a46e11a5ae"
"data\raw\res\OA\oa_05_cell_005\oa_05_cell_005_nadh.tif","63256","2f73e0b0be01a95aea5c31b9cd81a72d4fdabbbe61b8d095e6d853604d08ec7b"
"data\raw\res\OA\oa_05_cell_005\oa_05_cell_005_OCT.tif","189272","e37908e5b0eb518cb64abadc8cca851338c3a36f89e73b4d3efa5262dc9e3e31"
"data\raw\res\OA\oa_05_cell_005\oa_05_cell_005_protein.tif","63256","b3fe53ad0ee0e185dafbed1a16c3ddaaa9a5b86966509ff07e9d3dff140926ca"
"data\raw\res\OA\oa_08_cell_001\metadata.json","257","6ec352cf757e21e8b68a3f14840928a710c0528250a4d677409f0c2dbaa75a98"
"data\raw\res\OA\oa_08_cell_001\oa_08_cell_001_fad.tif","31252","ccc785dc3566e54269e332b43191d2271d4a9a195e42ea444eb70879824532d4"
"data\raw\res\OA\oa_08_cell_001\oa_08_cell_001_lipid.tif","31252","8e1bf5a9bfbd27a0f49ee9b5964b2f98c4da45bd3050781a335d05c2ad13b748"
"data\raw\res\OA\oa_08_cell_001\oa_08_cell_001_mask.tif","31252","08a0502dfae5c0ad55c044eeda97cb949d0023a6b0c8bc6fd040f6ac26d559c4"
"data\raw\res\OA\oa_08_cell_001\oa_08_cell_001_nadh.tif","31252","c627ebe78139cdacd18457ec8d824bbad6747882512bdd9e43863f80d6640d5e"
"data\raw\res\OA\oa_08_cell_001\oa_08_cell_001_OCT.tif","93260","3e3bed05719e91c9105a449c457e6ab53a493c72b4936fde6b1a0d33a313d7ee"
"data\raw\res\OA\oa_08_cell_001\oa_08_cell_001_protein.tif","31252","516fbd7d1edc583b0665c3eb98946dd901261ada4c906d82a89742d6d6777d89"
"data\raw\res\OA\oa_08_cell_002\metadata.json","256","d8988b5fc022adf919137fce5befef06e0f58109ab4719395b4367b758325f05"
"data\raw\res\OA\oa_08_cell_002\oa_08_cell_002_fad.tif","35256","396c2a558528460bbddec7da8e141a0f1271468403e00060b1ad041fc800e443"
"data\raw\res\OA\oa_08_cell_002\oa_08_cell_002_lipid.tif","35256","f5e9005991d976bcbf1da1b167814a40d50ae2cb87004806992e851564e6e18b"
"data\raw\res\OA\oa_08_cell_002\oa_08_cell_002_mask.tif","35256","ab41b3e8c7a10ced3e1ff58f90db9d39d72943c00ba61e42f2fcb711179f83a6"
"data\raw\res\OA\oa_08_cell_002\oa_08_cell_002_nadh.tif","35256","b0ebdbf728c524d03cf79a19a945202324f144e9db870e7fe42b89d7a1c2ef06"
"data\raw\res\OA\oa_08_cell_002\oa_08_cell_002_OCT.tif","105272","839886d8431223021fc1f91d23a9377af366b2c46cc46960cb1fd44bd3c12e38"
"data\raw\res\OA\oa_08_cell_002\oa_08_cell_002_protein.tif","35256","3ea9f02c83fa2d72f7bf838e98510518fd0addc7c9c9c9792242b763401c6ccc"
"data\raw\res\OA\oa_08_cell_003\metadata.json","257","7ef9fbe9a6f1fbebd2fd980588718f235d9bd559bed0e9885bcea4db6e92fd7c"
"data\raw\res\OA\oa_08_cell_003\oa_08_cell_003_fad.tif","29168","76f33bd679cf81383d3dc197f63c8c263f051344f74c2a4634e33eabea8d1f31"
"data\raw\res\OA\oa_08_cell_003\oa_08_cell_003_lipid.tif","29168","6a5fa75debff7aa2ee01209060298982ce366575640e9623267a6f6d3f7a5b21"
"data\raw\res\OA\oa_08_cell_003\oa_08_cell_003_mask.tif","29168","f84b2ac29ec8569ae741d2c53cfe94b28276f886e34cf607622076de00eaf351"
"data\raw\res\OA\oa_08_cell_003\oa_08_cell_003_nadh.tif","29168","6d9ff065538956daf9883d8b4a10937865334a0b79ce7c3d448483a49c246f1d"
"data\raw\res\OA\oa_08_cell_003\oa_08_cell_003_OCT.tif","87008","a933080ae3293968e2d9de226f714f65c4cc5c67aab7d1285625bdff3ec3e442"
"data\raw\res\OA\oa_08_cell_003\oa_08_cell_003_protein.tif","29168","5543db53156e601bd32cab151109bbcbc2822f8203c808dc5dd3c1e3da6b5d1c"
"data\raw\res\OA\oa_09_cell_001\metadata.json","255","9757452d1955cb3cdc77ffd83ddebc9d99669a47d63ddcb70c461a66e8a2ae7c"
"data\raw\res\OA\oa_09_cell_001\oa_09_cell_001_fad.tif","41362","0adbec06e8fd7e0d56936e88a56b6e16e9971003d18073270b6556233c70af65"
"data\raw\res\OA\oa_09_cell_001\oa_09_cell_001_lipid.tif","41362","624fb49474aaca86adc315608bc7309c593ab88d0538d7eba1c700841d7edc9d"
"data\raw\res\OA\oa_09_cell_001\oa_09_cell_001_mask.tif","41362","15a0a88a19445fe5a719d1b34d1cd3ed8c58609bbd25e41f8deef424abb6be9e"
"data\raw\res\OA\oa_09_cell_001\oa_09_cell_001_nadh.tif","41362","112e1ff654d4da207e8891974bd1844230c3a471bcb2bff0c0a9b9650d8b8b60"
"data\raw\res\OA\oa_09_cell_001\oa_09_cell_001_OCT.tif","123590","966249b7c26ec2faea8f66c1b2535be019066ac13fd779c8a0da744612332b2c"
"data\raw\res\OA\oa_09_cell_001\oa_09_cell_001_protein.tif","41362","04723281c7c5222f5a7a03e7b1fb3d10a4221e4062b977fb0924966f7a7e4ed5"
"data\raw\res\OA\oa_09_cell_002\metadata.json","255","6306748635bae25a00f988acfaae4e32be1275cf196904b2e4eb6d2fdf6beb47"
"data\raw\res\OA\oa_09_cell_002\oa_09_cell_002_fad.tif","18868","fdc966f86e817b9700e82d1baaf840aee709e05b944e1d9b2f140a123dae6856"
"data\raw\res\OA\oa_09_cell_002\oa_09_cell_002_lipid.tif","18868","fb85878a6830dd41598ed4c64726861e9466e9f80f63f26f78ec97fd9162cb0f"
"data\raw\res\OA\oa_09_cell_002\oa_09_cell_002_mask.tif","18868","04f93e54c01cb6b0f21688df8ed3b01fbc1ea05396a9bc7fd415d4ca2191f473"
"data\raw\res\OA\oa_09_cell_002\oa_09_cell_002_nadh.tif","18868","1f53f35240983b653bec1a261647721ff838e7e4782e6fcc08494ea307d60b2c"
"data\raw\res\OA\oa_09_cell_002\oa_09_cell_002_OCT.tif","56108","11d0bb9d0a9fdd4b724d72b40755805a996ab8ff28960ab344f71eb8c370bb5f"
"data\raw\res\OA\oa_09_cell_002\oa_09_cell_002_protein.tif","18868","4ae56c8f57eb8a28df6cbaf05a8ca6db139028b601eb0654aec0b443ab99750d"
"data\raw\res\OA\oa_09_cell_003\metadata.json","257","ddb3baed3d61e39b80eaf8258dad2ac1f2d4f79743d1655416b6fc82ba71ddd2"
"data\raw\res\OA\oa_09_cell_003\oa_09_cell_003_fad.tif","38188","4695e0ff16d1bfe275708eb24d4b334fcd32f049e1e2d4653ca102fcb8d57426"
"data\raw\res\OA\oa_09_cell_003\oa_09_cell_003_lipid.tif","38188","fc0ea5c307d76efff9b4b5ec07ef19da689ce0c9572dc9a56cfcbf13f4e507b5"
"data\raw\res\OA\oa_09_cell_003\oa_09_cell_003_mask.tif","38188","3a702244310364aee77aefb5bedadeb6f19443cef8b98b324f2c9641d06a51b7"
"data\raw\res\OA\oa_09_cell_003\oa_09_cell_003_nadh.tif","38188","1532628e076f9bd0b45017befe7e149227893c70733510f17a7714dbae7184d2"
"data\raw\res\OA\oa_09_cell_003\oa_09_cell_003_OCT.tif","114068","c24df74a6e6a6a6389dd328c23a1d44691fde12fe60671fa1a2a142a3739acef"
"data\raw\res\OA\oa_09_cell_003\oa_09_cell_003_protein.tif","38188","8955a60bfc0ae1b4b2249426b3cb2db367d26d9d0fcbe6bc5c52fe5e04a60de9"
"data\raw\res\OA\oa_09_cell_004\metadata.json","257","1e2eef553cd7d3c224638e33593b09fed98441ce598576c1d80bec567ca0d542"
"data\raw\res\OA\oa_09_cell_004\oa_09_cell_004_fad.tif","37251","54984a626ceba4da3c6510d646b57be58782abcc99985f1f741c8e9e08daa05d"
"data\raw\res\OA\oa_09_cell_004\oa_09_cell_004_lipid.tif","37251","ce9a770c15b7142e5fe99b820681324f06394c793919cef90f732e4b733429ff"
"data\raw\res\OA\oa_09_cell_004\oa_09_cell_004_mask.tif","37251","b7b1ee1106d63f3d6b0de56cd41a79fb34f9be3c597be8f31d08b42fce417d00"
"data\raw\res\OA\oa_09_cell_004\oa_09_cell_004_nadh.tif","37251","66d67ae9f0a0fb740721f1065e23cab5a9bf8a0ad57212800397cf2fe781ca15"
"data\raw\res\OA\oa_09_cell_004\oa_09_cell_004_OCT.tif","111257","5f1b8bd9da7fceefb7cb2a84349b1204abb381b22d52e970e3051c27107f04ea"
"data\raw\res\OA\oa_09_cell_004\oa_09_cell_004_protein.tif","37251","591a9491041d95dd47239791d9673f455d313160ee40f74ec8c0419dacadeb7a"
"data\raw\res\OA\oa_09_cell_005\metadata.json","257","eba1220ec4d81a8d6ab9ae9865bb38eb6ecdd911a2d9460e66637004eef2cf8f"
"data\raw\res\OA\oa_09_cell_005\oa_09_cell_005_fad.tif","106999","e8ab5189e3db1c3252df41251fc41cdcb3d9d16ff4db74a7233cddaf80d77276"
"data\raw\res\OA\oa_09_cell_005\oa_09_cell_005_lipid.tif","106999","998134f53977fc2d0a68d1a6da51818e171d1fb0efc59c1867ea0e43feb1a262"
"data\raw\res\OA\oa_09_cell_005\oa_09_cell_005_mask.tif","106999","4ce7999a5b78e3b67b50b5a042442feb7c4beecec04ba96c649d81703d0bc3bf"
"data\raw\res\OA\oa_09_cell_005\oa_09_cell_005_nadh.tif","106999","066cc99d6c02f6d7d6de0758393e8119205490000a65221a1cbfa724514c88c2"
"data\raw\res\OA\oa_09_cell_005\oa_09_cell_005_OCT.tif","320501","11a6010eb646a974bfb61ac980533ea048745c705be7a8118a71abe31a938067"
"data\raw\res\OA\oa_09_cell_005\oa_09_cell_005_protein.tif","106999","423a665c39e14616a8e22f92198c30b29a60f40030a617a79376904bf92bc6d4"
"data\raw\res\OA\oa_10_cell_001\metadata.json","257","06bb04ac6acb9933a87190cf04a04853e8bc2c7448e481faaa2ac028a1251107"
"data\raw\res\OA\oa_10_cell_001\oa_10_cell_001_fad.tif","34066","53f6759e67332fad13016582e2bb5e1ea740f77319f4b1efd77d5a386c1d6a1d"
"data\raw\res\OA\oa_10_cell_001\oa_10_cell_001_lipid.tif","34066","a8adaffc317151f67abcfc7e3070275b6a977a861ea6fceb93d576977bba2a82"
"data\raw\res\OA\oa_10_cell_001\oa_10_cell_001_mask.tif","34066","dbb00418b9485ee590aa41a759b8405db5eb751160c6f94bb092ae9e61171226"
"data\raw\res\OA\oa_10_cell_001\oa_10_cell_001_nadh.tif","34066","d9fc65ed19e68ed942b5cdb78fca983f77083313478c4ffeef7b51964f62f850"
"data\raw\res\OA\oa_10_cell_001\oa_10_cell_001_OCT.tif","101702","6956761db2dc0eee322a28dc1e023b9df260cfbec6a6a877471c8d43b3423f72"
"data\raw\res\OA\oa_10_cell_001\oa_10_cell_001_protein.tif","34066","35de95c64befe68948fd6d6cc5184d4f0cc861f3450856c7aac7b5f66067c043"
"data\raw\res\OA\oa_10_cell_002\metadata.json","256","5fccba3bbb103aac43432f464629b54fb844f166789d043fabd27d4d5c81f543"
"data\raw\res\OA\oa_10_cell_002\oa_10_cell_002_fad.tif","21160","62ab2a57eb6c987a83b3a38413963559c25fdd6ddab7e15718e7b202c8b0f9b7"
"data\raw\res\OA\oa_10_cell_002\oa_10_cell_002_lipid.tif","21160","9423c19d33104d5796b098aacd2c11f0eacbbf203c5a12322e33290c3ee0428e"
"data\raw\res\OA\oa_10_cell_002\oa_10_cell_002_mask.tif","21160","9d4a3847cf89ec3b6339384948b2f25658824de9ea172e85b4e120df484065b5"
"data\raw\res\OA\oa_10_cell_002\oa_10_cell_002_nadh.tif","21160","1e71415ab4b1a7fefb97afe935e31c24e363c9dca62bed1eb6abfe7d4a0eb90e"
"data\raw\res\OA\oa_10_cell_002\oa_10_cell_002_OCT.tif","62984","ae5e69c6cdeccda3da0c562c273e254675e2c6f0db698a53414db3d5df9c649f"
"data\raw\res\OA\oa_10_cell_002\oa_10_cell_002_protein.tif","21160","2136c772e5db56b24b5f827d536b1b1d36b1be963129fed8c758af06c67f2418"
"data\raw\res\OA\oa_10_cell_003\metadata.json","257","a4cf6f0d4b6985c774ac9e95cbf63b5f08a8c288eae14222367276d68e7109ae"
"data\raw\res\OA\oa_10_cell_003\oa_10_cell_003_fad.tif","35230","2e4030b6096c00df67b01f4a41bb92d2d492a39f95672a71100580cb17c4568f"
"data\raw\res\OA\oa_10_cell_003\oa_10_cell_003_lipid.tif","35230","a5c41096280435422f67593b90a212dcfd14d83cb27d818a81be9cd12043ef0b"
"data\raw\res\OA\oa_10_cell_003\oa_10_cell_003_mask.tif","35230","035ad2fb30a64093c650f82e454d7cc3f149c4a5c6f7729febdc987d0aa949cf"
"data\raw\res\OA\oa_10_cell_003\oa_10_cell_003_nadh.tif","35230","19de7baf423e2790aa3439e550578b82231d69e200d0fdcacab7dc02cf2a2eb7"
"data\raw\res\OA\oa_10_cell_003\oa_10_cell_003_OCT.tif","105194","fbcc63dff2759f0026a02e69a5acd85a467502a749fbbf4d837d2440e479bc9a"
"data\raw\res\OA\oa_10_cell_003\oa_10_cell_003_protein.tif","35230","b6c7e4abc05cb60e45d59ff3ed65453fd5c68385157deae9171caa2eaf1b331d"
"data\raw\res\OA\oa_11_cell_001\metadata.json","257","da124ebcaab5d7a4f3481fb8a52f2af4677b2562e13547c91cd4ab44e0ccb1c1"
"data\raw\res\OA\oa_11_cell_001\oa_11_cell_001_fad.tif","14256","190e71030c7afd2216a6b371515318d74ed506d624a095bb2394520c7efce195"
"data\raw\res\OA\oa_11_cell_001\oa_11_cell_001_lipid.tif","14256","e0834b3797a78a76cab1e1942d7336bb3747e0b274f555ec7df39a6bcef03848"
"data\raw\res\OA\oa_11_cell_001\oa_11_cell_001_mask.tif","14256","f3f309e9337aaa6ad5f9ad0006ce7e9115317dac6301af19c5df6fd3fdda4456"
"data\raw\res\OA\oa_11_cell_001\oa_11_cell_001_nadh.tif","14256","7df5f4a505ed7a1894b0a24f89da3c878bffbe71dc4c16b1168a405675539c92"
"data\raw\res\OA\oa_11_cell_001\oa_11_cell_001_OCT.tif","42272","edafd6b8124dbde10e8f64c73120f8505e46ac9011c54b5aaa23b17ce783bf52"
"data\raw\res\OA\oa_11_cell_001\oa_11_cell_001_protein.tif","14256","a51124017cb1fe2db48ddfb5449aca82f44292b240e15bb587cade6255abe7fa"
"data\raw\res\OA\oa_11_cell_002\metadata.json","257","0aa344bf1f0b5e812e255002de3eb616efd01d89682c54301699c476d5087a0e"
"data\raw\res\OA\oa_11_cell_002\oa_11_cell_002_fad.tif","24736","26073abe371083af9b3373de23f5d82dd36da91d2af0bf508c52fb94183400dd"
"data\raw\res\OA\oa_11_cell_002\oa_11_cell_002_lipid.tif","24736","ad6c01bfb163b16a8a5ad1e20e192d6db287fa123f34bb82b6211292c65cb445"
"data\raw\res\OA\oa_11_cell_002\oa_11_cell_002_mask.tif","24736","4f4c139d0ad70ad3859561df16be28c480329549352f49b875acd3e83d674ae7"
"data\raw\res\OA\oa_11_cell_002\oa_11_cell_002_nadh.tif","24736","2dc64b114f6fb38cd0be025c5f5e49e74a7fe25c2bd01aee72b48aaa994dac74"
"data\raw\res\OA\oa_11_cell_002\oa_11_cell_002_OCT.tif","73712","ba056415fcc28195d031f6d0941f3dba915e4b68f8e7ddc8dcd38b1292bb37c2"
"data\raw\res\OA\oa_11_cell_002\oa_11_cell_002_protein.tif","24736","918c7a6a0504b594f361c32769f3a79d132131f60d6b46f380ed5659c081c1cc"
"data\raw\res\OA\oa_11_cell_003\metadata.json","255","8c2c7398127eb072b1acff1546cc77771d5a0b52d3ed0a25dad15117f52956de"
"data\raw\res\OA\oa_11_cell_003\oa_11_cell_003_fad.tif","22936","9c41dc680b26293a991e8ab54772c83b2ac8f27afc43e660e47655c44dce8136"
"data\raw\res\OA\oa_11_cell_003\oa_11_cell_003_lipid.tif","22936","d47b6bba576f1ccac88c6f53ae2e6512d6962e8ba8f101004351c8f8551ff5cd"
"data\raw\res\OA\oa_11_cell_003\oa_11_cell_003_mask.tif","22936","44b3fe4cca7c84aaa66eb09fc4f2bf5f1c9887be7611aa2c3701045627c2eece"
"data\raw\res\OA\oa_11_cell_003\oa_11_cell_003_nadh.tif","22936","a65e502e41bb7ff539455ecf259d8cd2bde1e985febb59f400b9b2877552a6a8"
"data\raw\res\OA\oa_11_cell_003\oa_11_cell_003_OCT.tif","68312","60ac0e8e811755eb5b74a7988a6ea67ddf683429fe7d2da80cbc01a0c7295980"
"data\raw\res\OA\oa_11_cell_003\oa_11_cell_003_protein.tif","22936","532b0a552d2b05d6864defb4f5277c9caba4762b11cdb1b756e6306a74c14f3a"
"data\raw\res\OA\oa_11_cell_004\metadata.json","257","372af06846fd5079adcebe0df75020479300a19fa87c8d13041071968edd5dbc"
"data\raw\res\OA\oa_11_cell_004\oa_11_cell_004_fad.tif","11544","f6a993b54a4b40e5622f5341eb70114c86ee51d9750f11c946e8a41893ce2344"
"data\raw\res\OA\oa_11_cell_004\oa_11_cell_004_lipid.tif","11544","c10d0dd766d5ec10798936a865a28a444e2e5608582d7eb7aa83a56864dc2253"
"data\raw\res\OA\oa_11_cell_004\oa_11_cell_004_mask.tif","11544","d4ee2b4e6e72a823b6f016a5f472d9d17edcbfa348139a79f52fd50a1a54ce39"
"data\raw\res\OA\oa_11_cell_004\oa_11_cell_004_nadh.tif","11544","15415604baa262930c518637440348b2b55fdddd9084fe47a664c3a3d5d6adf9"
"data\raw\res\OA\oa_11_cell_004\oa_11_cell_004_OCT.tif","34136","662680df520b40bec75c2347840b3588fd134f0bfe13ce53d714fecb6a2a34fe"
"data\raw\res\OA\oa_11_cell_004\oa_11_cell_004_protein.tif","11544","c37b0a8308483023a48bf1c42d011643b94af052464216686d058d8be24e169e"
"data\raw\res\OA\oa_12_cell_001\metadata.json","255","06afe124122cf6f6cd55d82f224d8511dbdeb534d2f6e1de33757f022c0693e3"
"data\raw\res\OA\oa_12_cell_001\oa_12_cell_001_fad.tif","22460","8fde0b91333c774f308a509a581df70da78cc58a57fcbeddfec30cfaaf5ed896"
"data\raw\res\OA\oa_12_cell_001\oa_12_cell_001_lipid.tif","22460","9585c42abe2f2cae8e6d6d20e8369a3e501577975c28cf4fdf313b39725cfbd3"
"data\raw\res\OA\oa_12_cell_001\oa_12_cell_001_mask.tif","22460","6b3878b249f41e13fcdcc9b2cff05711d164b33db1f43c14bef07af9a637225e"
"data\raw\res\OA\oa_12_cell_001\oa_12_cell_001_nadh.tif","22460","459e6bee0b0afaab86f6823616a3ff2cff170a654fc41bfc60b21ce238b69a66"
"data\raw\res\OA\oa_12_cell_001\oa_12_cell_001_OCT.tif","66884","496e8d36d3a6d221804bd42d8d7e295a6ec050a0928efd63a9a2a758d23e3359"
"data\raw\res\OA\oa_12_cell_001\oa_12_cell_001_protein.tif","22460","5a2fed262737b6027d0770942c447fdd651446d097f263ba448bf380adc1f427"
"data\raw\res\OA\oa_12_cell_002\metadata.json","255","d130cdd5d8af9f916a24f93bf40bb916e49565cde056695bca20cf6b3de8c818"
"data\raw\res\OA\oa_12_cell_002\oa_12_cell_002_fad.tif","29120","9dac43115908c5a2e97290b5e7ca8af6f7f11ba08fc8d99212dff2cd6246b8fb"
"data\raw\res\OA\oa_12_cell_002\oa_12_cell_002_lipid.tif","29120","8110f617013ded77f6211e366e04a4a8c9cd9a2b9a11746ed5bd35bd9a34a38e"
"data\raw\res\OA\oa_12_cell_002\oa_12_cell_002_mask.tif","29120","76dc64bb94c31cd9f37e0d43b389a0c0c4a34bd88a72ebabe5365e47090b60d2"
"data\raw\res\OA\oa_12_cell_002\oa_12_cell_002_nadh.tif","29120","171323be5a7175bc1b65adeb271c8c6a4d7a1611adbe1f7eb8da9711775170c2"
"data\raw\res\OA\oa_12_cell_002\oa_12_cell_002_OCT.tif","86864","462cf3e0824273bcb274f8792d5ec5cae6dc2c9a46cad7c1386353ec9fe1f1f9"
"data\raw\res\OA\oa_12_cell_002\oa_12_cell_002_protein.tif","29120","577e64821ec66dec5e96f4d716cccfa39ccf717a5726e99089159007c7ed4837"
"data\raw\res\OA\oa_12_cell_003\metadata.json","257","6aa4f366590b8a24a947ab25f96975b9eb9f64fc7ccc02177679d9ccc42bf97f"
"data\raw\res\OA\oa_12_cell_003\oa_12_cell_003_fad.tif","19786","bca222e53b379ce84d2390e5ebaba1ae6d474c969c7df3485f805189624f0df0"
"data\raw\res\OA\oa_12_cell_003\oa_12_cell_003_lipid.tif","19786","79431b1bdbfeb4629f94e7dede4b252cc11be532f994b12afe86c1039dbadb3f"
"data\raw\res\OA\oa_12_cell_003\oa_12_cell_003_mask.tif","19786","bc4164d01862f21feef8958d9220f75e94f04f4774fd1f36ae2a73c336565af7"
"data\raw\res\OA\oa_12_cell_003\oa_12_cell_003_nadh.tif","19786","a8f0950eb23f039268f115bbf61734bc42d6cf71b3dd49e587753f8ace12e8a9"
"data\raw\res\OA\oa_12_cell_003\oa_12_cell_003_OCT.tif","58862","76ff23ff0fb89927cf748b81400ee89a532743b9edae8a98eb6151d257232e72"
"data\raw\res\OA\oa_12_cell_003\oa_12_cell_003_protein.tif","19786","fd448ce07604876707e672b404c4b94645901fe34777338db526a94a2c0f8f35"
"data\raw\res\OA\oa_12_cell_004\metadata.json","257","d4d8ea4c2a3e47dd6756f62ccbd6d192f99eac8e150d63bb8f3405ac325e551a"
"data\raw\res\OA\oa_12_cell_004\oa_12_cell_004_fad.tif","40846","1454d27db463b4aeee2e09b803c9b8e3e2d2717594319c422419d2a61c9143ff"
"data\raw\res\OA\oa_12_cell_004\oa_12_cell_004_lipid.tif","40846","a3200f7a842022e3d62f3eecb80397b4bff6078f9ebd90f3487e4389c865bb55"
"data\raw\res\OA\oa_12_cell_004\oa_12_cell_004_mask.tif","40846","1a9b0314d66c6ce741acf3936464482c22ec98b65b321a12149be810208e220c"
"data\raw\res\OA\oa_12_cell_004\oa_12_cell_004_nadh.tif","40846","2b560027e5c04302172d7a6dc10cf08b86e15b62c178d9f9499c3d7a30e5102c"
"data\raw\res\OA\oa_12_cell_004\oa_12_cell_004_OCT.tif","122042","9f13696077e453b782830d0059e9208fc3e7813be8ac4e5e3fb8a3c5f8ec5c9e"
"data\raw\res\OA\oa_12_cell_004\oa_12_cell_004_protein.tif","40846","e7b4f106f3a95c479a15e3b9ad5d6e653ac8ff024d7224e6a69e0081aa306683"
"data\raw\res\OA\oa_12_cell_005\metadata.json","257","95db548b3ce67cc7e18532ea959f754a2dd7e536fc8ffe6993c57577d16e4e5c"
"data\raw\res\OA\oa_12_cell_005\oa_12_cell_005_fad.tif","33856","8c8a92b83e7f26440066c1fd4f5832d1ea59390534128c7421ebf67a60e4af50"
"data\raw\res\OA\oa_12_cell_005\oa_12_cell_005_lipid.tif","33856","baed358397b661256e65feba7ed43ac67941bb6f87b18dd0797680ed9879f625"
"data\raw\res\OA\oa_12_cell_005\oa_12_cell_005_mask.tif","33856","3f13e2484618ec6560d5481bc1266bee40568752c0564bfad814c7542898f26e"
"data\raw\res\OA\oa_12_cell_005\oa_12_cell_005_nadh.tif","33856","d7240992fde63b032a90a435d368b8d189ba3af9d4179e6428d72c13cbc45277"
"data\raw\res\OA\oa_12_cell_005\oa_12_cell_005_OCT.tif","101072","ac3c4e8af5eae5c1f0902880db878bb382ed8fd335fcbb0caafacbcdd542c8bd"
"data\raw\res\OA\oa_12_cell_005\oa_12_cell_005_protein.tif","33856","606f4b1de9c5bbd8b949d3c54e5d4a715b8be8cbdfaaba66bbc74e5c38ed72ee"
"data\raw\res\OA\oa_12_cell_006\metadata.json","257","622faf64196af1f1e7244783290ffdc46769b6d10994bc22a1b3ce48f4ca9b1c"
"data\raw\res\OA\oa_12_cell_006\oa_12_cell_006_fad.tif","10864","cd828ad4c270eb1fbb93b444c4b22e9c8d39aaa3ff4924672e2cbda6e69d40e1"
"data\raw\res\OA\oa_12_cell_006\oa_12_cell_006_lipid.tif","10864","7ab6f96f6f45d41d6e9b3d1173d1a76afed6a1245690e71c7b066af8874d029c"
"data\raw\res\OA\oa_12_cell_006\oa_12_cell_006_mask.tif","10864","32f227d0e38232f3246aaf382295e46a43a9fb59a8eec6e8218e4c1886130057"
"data\raw\res\OA\oa_12_cell_006\oa_12_cell_006_nadh.tif","10864","6a2a19d76855b3feb548a31ad502fc70c2b2ca4c2ffb096474a4005c4dc693bb"
"data\raw\res\OA\oa_12_cell_006\oa_12_cell_006_OCT.tif","32096","1cabd596a71a6b5f7182f1d333ef2a2a5bfb59e88ef23c72bd1a01f02d130146"
"data\raw\res\OA\oa_12_cell_006\oa_12_cell_006_protein.tif","10864","f2c40520943a41306283713979703291d8c4481fb112ffb8d7f320438191975b"
"data\raw\res\OA\oa_13_cell_001\metadata.json","252","79c30306e9f0797734d26941ce927d850d1052218763e9dec1c5c7231802dde2"
"data\raw\res\OA\oa_13_cell_001\oa_13_cell_001_fad.tif","21664","37625f15016bf81d6e310e3245fe86fd65eb7ee910c701fbf4a16d296ef9d5c9"
"data\raw\res\OA\oa_13_cell_001\oa_13_cell_001_lipid.tif","21664","6518ed6074e17f9571ba1f4fbf519af36639636cdf6225a9159ce1efa81f49ea"
"data\raw\res\OA\oa_13_cell_001\oa_13_cell_001_mask.tif","21664","3777a78201e6cec1c3cc33c8ea346c45edc89d4e8facaf84afa4ec6475afbee0"
"data\raw\res\OA\oa_13_cell_001\oa_13_cell_001_nadh.tif","21664","12e843a1227bce03e6cc98313b6912011e94a8a246b077a4814f193205287eb6"
"data\raw\res\OA\oa_13_cell_001\oa_13_cell_001_OCT.tif","64496","361d29e9737ced5c9b0053d5eabb92bc3eceecfee712ec9442ad049f854ed9cf"
"data\raw\res\OA\oa_13_cell_001\oa_13_cell_001_protein.tif","21664","5a968ea749fac5694c01f050c797b03de92c9604bf1ad643649e40205d4d9d9c"
"data\raw\res\OA\oa_13_cell_002\metadata.json","257","5bd181e2ba2fbe5fd4b9f54633da6e9195d18714106d8a8f4c284828ae0e262f"
"data\raw\res\OA\oa_13_cell_002\oa_13_cell_002_fad.tif","13486","e862a4e812e72fcdae672a932fd440a5cca27ce9225e4bd046c3af8c77baf84a"
"data\raw\res\OA\oa_13_cell_002\oa_13_cell_002_lipid.tif","13486","134893ad1897178a4674a38c04aa3b9636b5d1146ab904a2d27fb8a95acf9d27"
"data\raw\res\OA\oa_13_cell_002\oa_13_cell_002_mask.tif","13486","9015a432273961e6c0ddfbbecd39b47e56944274e7ed3209983d1496f5b4eeda"
"data\raw\res\OA\oa_13_cell_002\oa_13_cell_002_nadh.tif","13486","30559dbb8aa95decf13c41942180ea6492c6860f8743960b818134b40a157064"
"data\raw\res\OA\oa_13_cell_002\oa_13_cell_002_OCT.tif","39962","fa549811fed793db6c24c62dc4c5b8733bf7b9c4f50b57f4bf28c543bc42d0ad"
"data\raw\res\OA\oa_13_cell_002\oa_13_cell_002_protein.tif","13486","d48e9e44f3f7f2cb5731abf27a2276c6830af97b162374216d7232d43c7f5da4"
"data\raw\res\OA\oa_13_cell_003\metadata.json","257","272efdb009201784ef593ab32f59464094e8d422342ae09cd3f8f952ca0a02cc"
"data\raw\res\OA\oa_13_cell_003\oa_13_cell_003_fad.tif","26296","23cf273ead94c141157ddba877495e0c93ce6dbe09aab85dc9e866fc04388715"
"data\raw\res\OA\oa_13_cell_003\oa_13_cell_003_lipid.tif","26296","8034d406d0b56128cee87d85bb96b9aecae09bb2612dfea4a15cb9609ceb969c"
"data\raw\res\OA\oa_13_cell_003\oa_13_cell_003_mask.tif","26296","93fef11d9603814f8582a53eddccd8865888f2d807c141755c87ff6272ec8f60"
"data\raw\res\OA\oa_13_cell_003\oa_13_cell_003_nadh.tif","26296","fe3ef03ad4ebb10ee1f03a33de2d398f2aa932830288638d5d9f5a63d875b939"
"data\raw\res\OA\oa_13_cell_003\oa_13_cell_003_OCT.tif","78392","ba104c65b0e20c2b5d18b27b3b0e391101b4e945385fc47bf9ba21b7c61e65a0"
"data\raw\res\OA\oa_13_cell_003\oa_13_cell_003_protein.tif","26296","6317147fa53a1774b4a61675481e08cd0ac09de1c49d586f7d36e55b5b60911e"
"data\raw\res\OA\oa_13_cell_004\metadata.json","257","27ee0035c6a47b0861ace85e17bade66526511de6b28b582e5df7d19ef3a18ec"
"data\raw\res\OA\oa_13_cell_004\oa_13_cell_004_fad.tif","60365","2f3cbaab089bf7a409f6b6467147e208727ff3ca711ed83b9086a198c659cb37"
"data\raw\res\OA\oa_13_cell_004\oa_13_cell_004_lipid.tif","60365","83a0e849889ec1e391045a96d03ce68722aed024d49ce741b7dc5e0b33182232"
"data\raw\res\OA\oa_13_cell_004\oa_13_cell_004_mask.tif","60365","04ce512614cda2389128c2258f7660ee9ae9147e2ed40d1e2b476744860e79d9"
"data\raw\res\OA\oa_13_cell_004\oa_13_cell_004_nadh.tif","60365","45378247aa6218380e7a6db75ebdfb223fb4f32f913574935f2dbfb047881f51"
"data\raw\res\OA\oa_13_cell_004\oa_13_cell_004_OCT.tif","180599","17e18bedda272c3aa3d6ae0623f6726c90fd97899c40ee5de2d30e584f2d5a7f"
"data\raw\res\OA\oa_13_cell_004\oa_13_cell_004_protein.tif","60365","395325c7aae673ae4e4a3dae363e106300bf8eebe4f95fb5f378f594036dcdd7"
"data\raw\res\OA\oa_13_cell_005\metadata.json","256","26eb40fac4246891bcbbaf5f4c60aa5337072062bffd9a92391fc8e41462d013"
"data\raw\res\OA\oa_13_cell_005\oa_13_cell_005_fad.tif","45628","08c7899c79a2785ac937c74482517d60d2260e0e85e3606593b7e188aedb852c"
"data\raw\res\OA\oa_13_cell_005\oa_13_cell_005_lipid.tif","45628","aaf43afbfabd06b52b5ddf6b24964bcc72479c633b152480247c8958eeb290be"
"data\raw\res\OA\oa_13_cell_005\oa_13_cell_005_mask.tif","45628","bb89ff12e62624efe48a2761cad56f822bdf87a2c2eeff42188bf07cff39c170"
"data\raw\res\OA\oa_13_cell_005\oa_13_cell_005_nadh.tif","45628","fbe2cabd1afe9b56dd23a69946d384aa770de5c9aaafe0af4435d4282fc5b3c2"
"data\raw\res\OA\oa_13_cell_005\oa_13_cell_005_OCT.tif","136388","711c5dcabfb124bf8fd773edfaf642d411707ed023cb3dea844025c384f6d0f9"
"data\raw\res\OA\oa_13_cell_005\oa_13_cell_005_protein.tif","45628","1ca7fcaf7f482aa77b4b2f4882bdfa41a813fcf05c9eed4caf567e33a00498ee"
"data\raw\res\OA\oa_14_cell_001\metadata.json","256","40512bfa3397e5650e1b13929172c7c9b29747dae64d81479955a715486cb4d0"
"data\raw\res\OA\oa_14_cell_001\oa_14_cell_001_fad.tif","22765","c66595a0e9729320eebd25a9f6b985c04845c9ab93d4f3cd48076535910a6982"
"data\raw\res\OA\oa_14_cell_001\oa_14_cell_001_lipid.tif","22765","66fdfdf514452df5f16b0c2142f9bdf715c438384da3367e047598ee33f54b1c"
"data\raw\res\OA\oa_14_cell_001\oa_14_cell_001_mask.tif","22765","04b2c0514388d8154b8925a05d01871e9dfb6064023f85aa4a076031dfca978b"
"data\raw\res\OA\oa_14_cell_001\oa_14_cell_001_nadh.tif","22765","a2e4e64c6dfceb5890d7c481ab1f8ccb1f330ed991407978a4ee7e720e4823f1"
"data\raw\res\OA\oa_14_cell_001\oa_14_cell_001_OCT.tif","67799","5880aec69bfffb4a5c88319fb3644caf11fdc05d930160ca13af88ba1a4edb80"
"data\raw\res\OA\oa_14_cell_001\oa_14_cell_001_protein.tif","22765","221ed312e63a708842235b9a9a4cf1cdbae4a7a569157fd791d5801f86b9db01"
"data\raw\res\OA\oa_14_cell_002\metadata.json","256","0d4015e887a0e6c539e8bda2c6453e17db1804059add7ee83976242b77f291d6"
"data\raw\res\OA\oa_14_cell_002\oa_14_cell_002_fad.tif","41320","7d0e5d72f7c75f001f950cf6e9f55ac73c01260ab3bda801cc298c58405908af"
"data\raw\res\OA\oa_14_cell_002\oa_14_cell_002_lipid.tif","41320","1662463bfe953ffa332f8fafb8c3f6cb01a72aa9d0b825f875ea15ab1ef39bf3"
"data\raw\res\OA\oa_14_cell_002\oa_14_cell_002_mask.tif","41320","d77308c53d99c703617366a90271798cf528f92a580b85ea209928bc1ac5d6e5"
"data\raw\res\OA\oa_14_cell_002\oa_14_cell_002_nadh.tif","41320","e155adae4a5b7cab8eb27fc36a26904e45fae8e7a5eb5e4db1e7df0b519f6d54"
"data\raw\res\OA\oa_14_cell_002\oa_14_cell_002_OCT.tif","123464","b28152cc0214c314babbbaac7fb2591e2b3e9458b610aaff8cd827a2bce426cf"
"data\raw\res\OA\oa_14_cell_002\oa_14_cell_002_protein.tif","41320","49b4c456360707193d18c0350326fb951ac82e82a64205215ebafca4624592b0"
"data\raw\res\OA\oa_14_cell_003\metadata.json","257","459f53052c612c7e96d97b555dd404d43cf8171a06e23a56565bf6172abac3ed"
"data\raw\res\OA\oa_14_cell_003\oa_14_cell_003_fad.tif","33684","8317eccd2233ddb6f84d7fec727e362f76f29d9b7d4844336b637b464de37750"
"data\raw\res\OA\oa_14_cell_003\oa_14_cell_003_lipid.tif","33684","68cf1caf25b3747f32d9da6a0ace3ce07a9819a9a3ce0e4da6a4c37c2e04cf12"
"data\raw\res\OA\oa_14_cell_003\oa_14_cell_003_mask.tif","33684","20f0acea7461ec2c9a32439b95e436ca6f6432ed44655e6a2ec9832ae314002a"
"data\raw\res\OA\oa_14_cell_003\oa_14_cell_003_nadh.tif","33684","db3253e48989e1616f2e0be673ab964d1a33b88e2864b1e9cf49c5111fcca493"
"data\raw\res\OA\oa_14_cell_003\oa_14_cell_003_OCT.tif","100556","97a3de77ac81c3851a11fc52a79be6dbf18c367955a1ea7b1246491a367a73b2"
"data\raw\res\OA\oa_14_cell_003\oa_14_cell_003_protein.tif","33684","b29fa46a73195940aa7f8d4de74f4cf3b195c0c4ee9b49ad88427921a385b42a"
"data\raw\res\OA\oa_14_cell_004\metadata.json","257","69d68e7a43345c25d455e7476abf9690cf10e44db64826388f19f519e33e8b5a"
"data\raw\res\OA\oa_14_cell_004\oa_14_cell_004_fad.tif","28096","5ad1482c69cdbc94b5606030f01bb7310015b46cfdb3c46cf0e0aee7d237b309"
"data\raw\res\OA\oa_14_cell_004\oa_14_cell_004_lipid.tif","28096","a4845b2adb4c196b8a5432e0e808dd1acc2dc400e02d9a50b43222ca286115de"
"data\raw\res\OA\oa_14_cell_004\oa_14_cell_004_mask.tif","28096","82e0f2d048d70af4b400082bebad3f303d00e5a1c217acf531f5efd2934f204d"
"data\raw\res\OA\oa_14_cell_004\oa_14_cell_004_nadh.tif","28096","4ca344791ab2023a6db34e77091470b9f32c1b911963532c1912c7c2d128bd29"
"data\raw\res\OA\oa_14_cell_004\oa_14_cell_004_OCT.tif","83792","7e08ffe457c8702ca82b0b548f1d673bfb76da32e21e6f89d8acab011a605486"
"data\raw\res\OA\oa_14_cell_004\oa_14_cell_004_protein.tif","28096","47ef51671ad91ec3dd96cb58c477dddf61071c70d55911586228bb87e4e32edf"
"data\raw\res\OA\oa_14_cell_005\metadata.json","257","949a3ef0f65c122384ec0d5ab70e5dc809165818b2071d793dc736aee628d9b1"
"data\raw\res\OA\oa_14_cell_005\oa_14_cell_005_fad.tif","35375","368ee6af0cc1673863b4bbca4a2da7c38df590c4e829d751758768f578977d6d"
"data\raw\res\OA\oa_14_cell_005\oa_14_cell_005_lipid.tif","35375","1853cedb516a164a35dc85bc3b0930b97b19c87348f1840a84ac4b8f957650c0"
"data\raw\res\OA\oa_14_cell_005\oa_14_cell_005_mask.tif","35375","b45728c41de09cf8763c26cf8f972437a6d0f9d67c95181641183bfb2bc592fa"
"data\raw\res\OA\oa_14_cell_005\oa_14_cell_005_nadh.tif","35375","31437a18b9002d50703e426e7ae5a4e80373d2a48c33ef76cab76b01df24e819"
"data\raw\res\OA\oa_14_cell_005\oa_14_cell_005_OCT.tif","105629","36610155c869d5cdc5ff717a26bcaef11dfd97935876863fcc0998ca064795d5"
"data\raw\res\OA\oa_14_cell_005\oa_14_cell_005_protein.tif","35375","9dc23b56e5e13d20bb630f5c164163e70758c752763e4e2c75aa06aa83a7cf36"
"data\raw\res\OA\oa_14_cell_006\metadata.json","256","365ff8aac930dd99d5c6732dff84c0b15b5aefde356ff04673a14ef711897599"
"data\raw\res\OA\oa_14_cell_006\oa_14_cell_006_fad.tif","15202","314ed57cf997300dd9f78038bcf1b8e0919819e84d2c4348cb3d438441c34dda"
"data\raw\res\OA\oa_14_cell_006\oa_14_cell_006_lipid.tif","15202","1b377c5e8b3f39fb8191fd394899aaa99d2152dd885de1f78f410f5134067078"
"data\raw\res\OA\oa_14_cell_006\oa_14_cell_006_mask.tif","15202","aab35f0fe66e8264bdaab335ce6b1ed62f452e92bc8adda68e72e1058555b561"
"data\raw\res\OA\oa_14_cell_006\oa_14_cell_006_nadh.tif","15202","dc1e00c4ac56d1f824f1147ac39661a298cba2c46633cb939978341e853fdab2"
"data\raw\res\OA\oa_14_cell_006\oa_14_cell_006_OCT.tif","45110","09abe93b334a540160051a4f835b11f1c480ed8b88ab4e72a1b2ae9b70b324d8"
"data\raw\res\OA\oa_14_cell_006\oa_14_cell_006_protein.tif","15202","16bc441522943e097c9d4914717a6b5fd7e01fa29e7ced4c190b63ab41bc45e6"
"data\raw\res\OA\oa_15_cell_001\metadata.json","256","078f3243032f07bccf0c54efdc46a8a269daee266bddbf76dd4e54fc294b1265"
"data\raw\res\OA\oa_15_cell_001\oa_15_cell_001_fad.tif","33601","3d9262033e0ee55942c65fb6bacf1da96c2fb09aad69e92db8c967f2381936bc"
"data\raw\res\OA\oa_15_cell_001\oa_15_cell_001_lipid.tif","33601","ea6fc960c683f0307dd24ec5979ce22b5e95b301880573442b8798df2352a67d"
"data\raw\res\OA\oa_15_cell_001\oa_15_cell_001_mask.tif","33601","ca8f05271456fb34ac4e85c68fdf87fb99404017db319ac36a1c8ba533e1916e"
"data\raw\res\OA\oa_15_cell_001\oa_15_cell_001_nadh.tif","33601","d7f391ddf023a117ff54aa0a727d280dce99332835798cdbd98fe3acd427c102"
"data\raw\res\OA\oa_15_cell_001\oa_15_cell_001_OCT.tif","100307","df1add31c58a0f339659c1dd7cb1ac72dc59c335af79f204a06ad33bdffad8b3"
"data\raw\res\OA\oa_15_cell_001\oa_15_cell_001_protein.tif","33601","cf2fcd28047fd39c29d9c86f4aa57285bce73c3c5dbdf38b66ce80130e54dfdf"
"data\raw\res\OA\oa_15_cell_002\metadata.json","256","89d650921ecd08638dc682f08d5d7f1401c76cecab66bdc60b949f11c9e2c333"
"data\raw\res\OA\oa_15_cell_002\oa_15_cell_002_fad.tif","47941","c1b14c6e2e066893b111692d6a589920ef4340d6376f14ae3c1432e2d8580eaf"
"data\raw\res\OA\oa_15_cell_002\oa_15_cell_002_lipid.tif","47941","02825a2dc9e75c3bfc96cf8ae3f3bac3640f1c530032c9e95ee7513732e44ad9"
"data\raw\res\OA\oa_15_cell_002\oa_15_cell_002_mask.tif","47941","4457a6ca1f9afa4246d8db1e65ecb5d9e9db244eb659106f63a24a1507e6043a"
"data\raw\res\OA\oa_15_cell_002\oa_15_cell_002_nadh.tif","47941","8a5bd0327a35e69c6f2d3a771f61588b0d58ff4b499855f6fb8be29861c2612f"
"data\raw\res\OA\oa_15_cell_002\oa_15_cell_002_OCT.tif","143327","afd9ef012992545e41fb960df4de786fecc1e9dd21389558b948492310f97d9b"
"data\raw\res\OA\oa_15_cell_002\oa_15_cell_002_protein.tif","47941","0f7d9f44aed47a5a3f47402b95ebc1ca6f27d82d5472f2e1463803daa93c919e"
"data\raw\res\OA\oa_15_cell_003\metadata.json","256","d284bac823267fa75d0b265a8569d98bee5f673ff3b6cb3c79518f95cdec276e"
"data\raw\res\OA\oa_15_cell_003\oa_15_cell_003_fad.tif","41992","c11fb1e219f20ff05ca99e78313091d0e8f09cd4572d21a0c489ac686e0eef1e"
"data\raw\res\OA\oa_15_cell_003\oa_15_cell_003_lipid.tif","41992","a2e98a30de4609c1606c1c51347e8653ab8d9da6f8be89a1f56028a806e2e0d8"
"data\raw\res\OA\oa_15_cell_003\oa_15_cell_003_mask.tif","41992","695ccb2d0389114ec33034a7ad013c2b0377e1ca8fc35f6a3f25f13cdec0cb3a"
"data\raw\res\OA\oa_15_cell_003\oa_15_cell_003_nadh.tif","41992","3e79b7d88c843f829be460a84877895e7129e8ba159966f8b0483c569274696a"
"data\raw\res\OA\oa_15_cell_003\oa_15_cell_003_OCT.tif","125480","2ee01731cb2366a171362d15b72c7dc910f98805f75f9ac8c995034fb5c25850"
"data\raw\res\OA\oa_15_cell_003\oa_15_cell_003_protein.tif","41992","73fc96d0f1fa82f1558d21390c4a26fc6e4cceea9301bbda78273e44395a38f6"
"data\raw\res\OA\oa_15_cell_004\metadata.json","254","9944662c875e61a1f5f3fd176c87a31c4f603be0d36c5f5cbbb1304bbdd8e4b0"
"data\raw\res\OA\oa_15_cell_004\oa_15_cell_004_fad.tif","21056","e3d54cbe75488aa29f7a1666cf5db3bf7df1a39b47237e13f7e486592469bc74"
"data\raw\res\OA\oa_15_cell_004\oa_15_cell_004_lipid.tif","21056","440801e9ac6dafbd09c17c5b89807c64e6f61b5eab8fc56a3c7483c93f6680e1"
"data\raw\res\OA\oa_15_cell_004\oa_15_cell_004_mask.tif","21056","7794d834177fac556092155605413a42fce1134ee22f17bc894d48be4b553e59"
"data\raw\res\OA\oa_15_cell_004\oa_15_cell_004_nadh.tif","21056","7071c8b2b1472d41f241341c4fdfd77d077b97b30834090b759b20cc39b899e6"
"data\raw\res\OA\oa_15_cell_004\oa_15_cell_004_OCT.tif","62672","2e27f315e4d37cf49e4b4529343bbc3894643469272df7ccc82575f7feee8557"
"data\raw\res\OA\oa_15_cell_004\oa_15_cell_004_protein.tif","21056","86c5ef62822ed1d6738117457b43d8c8b68604673b5d1250bb9e1b47882241c3"
"data\raw\res\OA\oa_15_cell_005\metadata.json","257","f49a4324ffc698dfccedb4a724954236d13cc1dd15e3af35bfd48de489cd662d"
"data\raw\res\OA\oa_15_cell_005\oa_15_cell_005_fad.tif","61170","4e2b6330482b548f78e684f9c4bbef2ad2a4d555de9af06a8c65eda4ae30e0e7"
"data\raw\res\OA\oa_15_cell_005\oa_15_cell_005_lipid.tif","61170","81e97845c4e97605b10d3145bf2f34536d9200744e41fd4ab28f1083453c7753"
"data\raw\res\OA\oa_15_cell_005\oa_15_cell_005_mask.tif","61170","34f93072fc3ed2939b76ec104384cd3f6bf42e9c7e2e5eb48949bbcca77760d0"
"data\raw\res\OA\oa_15_cell_005\oa_15_cell_005_nadh.tif","61170","e58dfa0f54561eb7351423766a13607950ac890ff0e322582d3b1b476430740d"
"data\raw\res\OA\oa_15_cell_005\oa_15_cell_005_OCT.tif","183014","e310809ab3967860bf560dfe7cee1df8c2275c6ac800e9ee146274a5e2ff3c30"
"data\raw\res\OA\oa_15_cell_005\oa_15_cell_005_protein.tif","61170","5a5c056f0550bdcd71f833319a6dada6e06a824d08febe7843867f7c005ddaa6"
"data\raw\res\OA\oa_15_cell_006\metadata.json","257","d3794c25be34b2b6385d4b6bfb69be8d5fe35d9a495fdabb2d28dd54e87fe91e"
"data\raw\res\OA\oa_15_cell_006\oa_15_cell_006_fad.tif","39019","1321f25e756a2edb15000fc8770c5c5418a560ee852b72616a15d683b0518cdb"
"data\raw\res\OA\oa_15_cell_006\oa_15_cell_006_lipid.tif","39019","22c2f13ade162cf2ec33821d3256b1f36c6096e65c667fe9a19d83988284eb4c"
"data\raw\res\OA\oa_15_cell_006\oa_15_cell_006_mask.tif","39019","311c827c3c4e99188b049400bfddee856a5bf6b478010cb5c3ec172c8093656d"
"data\raw\res\OA\oa_15_cell_006\oa_15_cell_006_nadh.tif","39019","bccc39f2a53e6ea1d2eddd4ece1a5d3e21cff453495867dfd8316363bdd88b3d"
"data\raw\res\OA\oa_15_cell_006\oa_15_cell_006_OCT.tif","116561","8a94d0ee22d872e1efa5954c92fae397e5d67df5115e6e6039b556ac7fe058fa"
"data\raw\res\OA\oa_15_cell_006\oa_15_cell_006_protein.tif","39019","cc40bb06defd171e407da820a51c77c6a6f7519aae44e03ad931193f86e8c297"
"data\raw\res\OA\oa_16_cell_001\metadata.json","255","763d3d6a43061e28554e6f2c4a12c48f72e18a9ea0611784934aa7ca47caa137"
"data\raw\res\OA\oa_16_cell_001\oa_16_cell_001_fad.tif","10354","bcf1591776e7ecc9001adf8cd647e67f817f90f0295f2e3a976f7a4341bcf590"
"data\raw\res\OA\oa_16_cell_001\oa_16_cell_001_lipid.tif","10354","f06c6497be6f673e7e997a58a7d25d24734008939142240aa09c81b6299a8827"
"data\raw\res\OA\oa_16_cell_001\oa_16_cell_001_mask.tif","10354","340efd3f0a6992aa2cbc08656b6ea6f64f756d2e8ca8b027f251256c50e0a076"
"data\raw\res\OA\oa_16_cell_001\oa_16_cell_001_nadh.tif","10354","48e810424f37eb58d497a757d6999667fd550601c2c089b1d436b7ec416fa841"
"data\raw\res\OA\oa_16_cell_001\oa_16_cell_001_OCT.tif","30566","3ed822e369478fce28fb782a8d270479f5527514e3ab99be01ff089d76551eea"
"data\raw\res\OA\oa_16_cell_001\oa_16_cell_001_protein.tif","10354","37dbab04bfc0b1fa58f6054dcab06f5b7690efa9675f455c7ef15931524b14a0"
"data\raw\res\OA\oa_16_cell_002\metadata.json","257","ab2c1fb0d5464ba2d015755370e90333d9c97841051375f09fb39a9be63c1866"
"data\raw\res\OA\oa_16_cell_002\oa_16_cell_002_fad.tif","34087","5ab3c512ebf631ecc9ded509defab041105f648eb0cab3b4c4af123382a39d4c"
"data\raw\res\OA\oa_16_cell_002\oa_16_cell_002_lipid.tif","34087","5b2fe61273496856c2885fe3d1e92d66756888eab85af54e67de392bb3bb0974"
"data\raw\res\OA\oa_16_cell_002\oa_16_cell_002_mask.tif","34087","36026d64de90c82935393e48411e632f43786230ffc8e250be1def44ff43e15b"
"data\raw\res\OA\oa_16_cell_002\oa_16_cell_002_nadh.tif","34087","7fd312f04b19cd06bd80094a876722a402ba115068b8bb6e4c751604498330de"
"data\raw\res\OA\oa_16_cell_002\oa_16_cell_002_OCT.tif","101765","6cdd4aa457c4c1271e3ed8524d201011405cc173c46ae601d72c863093c08d87"
"data\raw\res\OA\oa_16_cell_002\oa_16_cell_002_protein.tif","34087","189a7e9be3d7da8030563693309c4614b57ecc9c067537a3ea9417795a512772"
"data\raw\res\OA\oa_16_cell_003\metadata.json","256","3b17e664534e57a7704d8c7046250679f7cafe311acd3dca49a287a7e90df8e1"
"data\raw\res\OA\oa_16_cell_003\oa_16_cell_003_fad.tif","20296","77a6e89af1e0c47157f80afbe5fb6323dbe9e33f6654e8a122204a555831ed8a"
"data\raw\res\OA\oa_16_cell_003\oa_16_cell_003_lipid.tif","20296","c761f947be32b0ebed7b4854fe1cb03cc1bc885ac542b82ea34e502e524879bf"
"data\raw\res\OA\oa_16_cell_003\oa_16_cell_003_mask.tif","20296","28504806cb47cff2c08e25316eae3ce65cdedeb71d3c0a3cceda42b8c880bcb7"
"data\raw\res\OA\oa_16_cell_003\oa_16_cell_003_nadh.tif","20296","e7ff7136ebeb3d28bda147e4cb910f87bef1cbf6f032509bbc3b9984b1784d2c"
"data\raw\res\OA\oa_16_cell_003\oa_16_cell_003_OCT.tif","60392","332aa26b51a2565976211b467b8950d3f559e71685c7683190145027405d21fa"
"data\raw\res\OA\oa_16_cell_003\oa_16_cell_003_protein.tif","20296","022698acc8b892e8659640839d98b3ae1257d1852aa32ad5d656c34346dd6076"
"data\raw\res\OA\oa_16_cell_004\metadata.json","257","9c286e7d5edbd257c96fa2069653fa7e38580536dc2dc900c049713d3a5f8fe7"
"data\raw\res\OA\oa_16_cell_004\oa_16_cell_004_fad.tif","27748","6e048933f69431f07129b65e66d974f02a69e480ec03208872d22381538da816"
"data\raw\res\OA\oa_16_cell_004\oa_16_cell_004_lipid.tif","27748","cd663a9706caa7b14c07907ac5a8ce3bed05db683d4f064e6f36f3b376403675"
"data\raw\res\OA\oa_16_cell_004\oa_16_cell_004_mask.tif","27748","19c1642a4520b72d24bb3f2ec01c8617fda1628cc79f65fb78a06bbd28630690"
"data\raw\res\OA\oa_16_cell_004\oa_16_cell_004_nadh.tif","27748","dc74dc28f3327561bf20bc9b4fdd93c70193b3398994fbd583f259e3e961cbec"
"data\raw\res\OA\oa_16_cell_004\oa_16_cell_004_OCT.tif","82748","3dca2787d96ca61a437a8a2da4cbec89e8996a6c2d31c25ab10af2d757c8d7a8"
"data\raw\res\OA\oa_16_cell_004\oa_16_cell_004_protein.tif","27748","4e95efa39d57071eefb2b48e3368c22aa205972e2c348c1a4f3519f96fc00a75"
"data\raw\res\OA\oa_16_cell_005\metadata.json","257","ca82dda34eb834c7a095b46a94636a6c6c73afdcafc6a74e2c4f1616e4ec12b8"
"data\raw\res\OA\oa_16_cell_005\oa_16_cell_005_fad.tif","14192","6b90234e23b9b607b9b789585c860c1f422b61db8744a3ff2bf4f50caaea262f"
"data\raw\res\OA\oa_16_cell_005\oa_16_cell_005_lipid.tif","14192","6e1bd0380fb74ec96c7b8ca876adbf9de99cb425516a43aa5bbb8ff1af3c8abb"
"data\raw\res\OA\oa_16_cell_005\oa_16_cell_005_mask.tif","14192","f1d6ce94431b0875d11a919091cf881e9be7978d8872b0b4ace35a7076b8ddb6"
"data\raw\res\OA\oa_16_cell_005\oa_16_cell_005_nadh.tif","14192","16bb05b74e244265b0ebef7f37d2917b211b784e8e6b2f039502546f9110083b"
"data\raw\res\OA\oa_16_cell_005\oa_16_cell_005_OCT.tif","42080","dc950ca9305b5d36ac4d362cf5a51edff6834c66b2379a427982bbd9e623b438"
"data\raw\res\OA\oa_16_cell_005\oa_16_cell_005_protein.tif","14192","bd31c9738b27a3e161515163392b3000ba41a85ad63f00fafd4e84f814dd3570"
"data\raw\res\OA\oa_16_cell_006\metadata.json","257","dc7a0f513e04ddd7febd118cd0e65105cb162ff6e93fd4ddebfe94dd35c08d5e"
"data\raw\res\OA\oa_16_cell_006\oa_16_cell_006_fad.tif","26527","dc663beeec2152784e9116184e5b80d71092ea8c5a35f11913547b1fb1de4406"
"data\raw\res\OA\oa_16_cell_006\oa_16_cell_006_lipid.tif","26527","e44ce13e22baf8e041089538e19e3fef00071954464a6f8e373e95cebf1a3948"
"data\raw\res\OA\oa_16_cell_006\oa_16_cell_006_mask.tif","26527","e9ef8f5e332d5123c082a10f6f966c45c5fda5ea9c06ede3443da4bc7b716cb4"
"data\raw\res\OA\oa_16_cell_006\oa_16_cell_006_nadh.tif","26527","3b60abed86d25e29525b39795a1220c81dc3b4e52dc8b0193aaf05c7994b98a4"
"data\raw\res\OA\oa_16_cell_006\oa_16_cell_006_OCT.tif","79085","cc4e97906f83fa56514fb57091624b1ece9039cca04f2081e60a6afe6985394f"
"data\raw\res\OA\oa_16_cell_006\oa_16_cell_006_protein.tif","26527","5a51ef4cdbe77a59e4f2ac56ad9b76f91696e2adb0be60d2120b1166d726f2a1"
"data\raw\res\OA\oa_16_cell_007\metadata.json","256","fbcc8a04a17681840bc1e66ad51ac87b2dba630f5168887c0b2631ccb4e134b7"
"data\raw\res\OA\oa_16_cell_007\oa_16_cell_007_fad.tif","56221","4f63d6f0c7363c78c6718d763e6cc6741d4738edbddce9c239fde0358bb37ee8"
"data\raw\res\OA\oa_16_cell_007\oa_16_cell_007_lipid.tif","56221","7be3970f03b35bf665c0272946229f19d22fb1ded275b69f8f27391a4186d502"
"data\raw\res\OA\oa_16_cell_007\oa_16_cell_007_mask.tif","56221","6667f0de49a29883a3a9abb7520d8dba5e44e601f4a4de7d5b33d03c063d95a3"
"data\raw\res\OA\oa_16_cell_007\oa_16_cell_007_nadh.tif","56221","3a8236b3d7b3fe1c4c372a67c1a913064d956afb9e12117fffe308e911529fbf"
"data\raw\res\OA\oa_16_cell_007\oa_16_cell_007_OCT.tif","168167","4cfcde782bc9c425409fdeae5f7800716bad71c7812a9052f707a3881f749e95"
"data\raw\res\OA\oa_16_cell_007\oa_16_cell_007_protein.tif","56221","d5eea31ece891cbc897b1b952f86adec14bb3074441321a69704d519b403d901"
"data\raw\res\OA\oa_16_cell_008\metadata.json","256","a6192d33fab6464e5c170e15925f228bcea89ea36d5fcc6a10eddaf32adf8d84"
"data\raw\res\OA\oa_16_cell_008\oa_16_cell_008_fad.tif","48280","409f43e615e30c4e65a09537d8438a75af22288f47def4bdbd2f9a904f223acc"
"data\raw\res\OA\oa_16_cell_008\oa_16_cell_008_lipid.tif","48280","8fe5eeb643ab5c746ee574f37764b61e6a9af159771b472d02a981d2ca3706bb"
"data\raw\res\OA\oa_16_cell_008\oa_16_cell_008_mask.tif","48280","6e319b3e22248d947cf6803313e8ee78c11027105f93096b6988e67d6bc6f66c"
"data\raw\res\OA\oa_16_cell_008\oa_16_cell_008_nadh.tif","48280","cafd2868fc3c5d909babf89aa610cb498534494a8a2a0b218996e15678243406"
"data\raw\res\OA\oa_16_cell_008\oa_16_cell_008_OCT.tif","144344","2b358db6367a8b5fc69b97369922bbc5970d01828d78e19d13073b2da63692bf"
"data\raw\res\OA\oa_16_cell_008\oa_16_cell_008_protein.tif","48280","c52b442dbdca4b350b974f6a8307d6775c2fd67b6507f3d1862739d18fde4c13"
"data\raw\res\OA\oa_17_cell_001\metadata.json","254","bf3a804fcdd7dd4634f5fc3a91b3f5b9f56ec8283d78c45da14fbe9d539eeae6"
"data\raw\res\OA\oa_17_cell_001\oa_17_cell_001_fad.tif","10231","a87873f7046ce0db17bb2c86c5b976fb4e14da323e18105c77abfebb29354ad0"
"data\raw\res\OA\oa_17_cell_001\oa_17_cell_001_lipid.tif","10231","2553149016c42a2b60d0b8e539bf1b510629a4dd662b47ba38f12395f9d5563f"
"data\raw\res\OA\oa_17_cell_001\oa_17_cell_001_mask.tif","10231","6e9a9a934c99d2fde483853dcf7ce2f5ef64408c79a6d11b570b0098169010cd"
"data\raw\res\OA\oa_17_cell_001\oa_17_cell_001_nadh.tif","10231","4c76c3bdc66913f73df8bdaa61f164113c5169c58892c320589ab53296616548"
"data\raw\res\OA\oa_17_cell_001\oa_17_cell_001_OCT.tif","30197","467ac3f8aba1877c09a329310c8eb54c885c4157fda936b96e5c68cb0521d36b"
"data\raw\res\OA\oa_17_cell_001\oa_17_cell_001_protein.tif","10231","cc190d83647654420ec4e44df503576b1588d9e228b97aa1aee8faa2f64e2fe6"
"data\raw\res\OA\oa_17_cell_002\metadata.json","256","7de5982655267105dd8f3cc6ce8bdd7f5b79a56e746d360524bfc46076c20863"
"data\raw\res\OA\oa_17_cell_002\oa_17_cell_002_fad.tif","42658","a50e02db4c73ad2a4268364b1ff16e9b0f9ba3b39147a1d5a0b35d186e756842"
"data\raw\res\OA\oa_17_cell_002\oa_17_cell_002_lipid.tif","42658","f7b1aa09bb094298dea6349f3803614a7aadab2079f7e3dd7d1b331d6453fee9"
"data\raw\res\OA\oa_17_cell_002\oa_17_cell_002_mask.tif","42658","96dc66e08589cef66ee4fe197381e797b8b70f09e4f93effac29ff9e8942bddf"
"data\raw\res\OA\oa_17_cell_002\oa_17_cell_002_nadh.tif","42658","f51574a140a24ac5a828e40c00476b013ef8b59f91be6ee505ceb37c454a8ef7"
"data\raw\res\OA\oa_17_cell_002\oa_17_cell_002_OCT.tif","127478","89ce4b85cedf64e8027594e7791b7a74971666417c094a0565245d93b41c3ab1"
"data\raw\res\OA\oa_17_cell_002\oa_17_cell_002_protein.tif","42658","0381e9801ab9a13ca8ff27c623c39788b428f959a90dcbee463b2f0c463006de"
"data\raw\res\OA\oa_17_cell_003\metadata.json","256","b4ac2aac852f47fe76e71e75130ee7e50ac69d1fb58a478ba57c1e81599ee9d3"
"data\raw\res\OA\oa_17_cell_003\oa_17_cell_003_fad.tif","29929","fc892f192832016f2368919d2f424af84cb9d9f6053c14e4993cc6409d431b41"
"data\raw\res\OA\oa_17_cell_003\oa_17_cell_003_lipid.tif","29929","ddafb3a7a543102fbe9d75ce8d976e9f14380eb084b91e76db64d119779f9d92"
"data\raw\res\OA\oa_17_cell_003\oa_17_cell_003_mask.tif","29929","89a2a06a7561b9f82c5ed54d7f9de89371740c1fca26b440ea285e92d5674f45"
"data\raw\res\OA\oa_17_cell_003\oa_17_cell_003_nadh.tif","29929","9b0c0c7b9634853592ed1fbcbc455301a6642a3b9a48613c1d14ba16cf9cf632"
"data\raw\res\OA\oa_17_cell_003\oa_17_cell_003_OCT.tif","89291","b72ab9acb2a491eb4c59afaad89b47b886990d3207833af54c6b6950e51047e4"
"data\raw\res\OA\oa_17_cell_003\oa_17_cell_003_protein.tif","29929","8d1c74b63f5062ceba2735691e6a85ea9cab3f99969fe8ddb0ad76e644efad45"
"data\raw\res\OA\oa_17_cell_004\metadata.json","256","aa2ea800f1ced1fe8f9c0f5648e7faf723bccee7e775c2b706d9dde8263fe86f"
"data\raw\res\OA\oa_17_cell_004\oa_17_cell_004_fad.tif","18706","ca46a86187ac3f303445b0bef5621cfe5cce801805bf209f37072bd30c0db7a1"
"data\raw\res\OA\oa_17_cell_004\oa_17_cell_004_lipid.tif","18706","ed51cbf32f66bed1866026cb662ac1c604efc7d871801b869c966f6bc50d8641"
"data\raw\res\OA\oa_17_cell_004\oa_17_cell_004_mask.tif","18706","1474e14b1921aa3fbff4dbc34fed3cc0b309530662822229ccc49bd93e0724a9"
"data\raw\res\OA\oa_17_cell_004\oa_17_cell_004_nadh.tif","18706","d7ddd9982de81de4bf1716d35e3939997da070e52c34e176b35240b49f265ebe"
"data\raw\res\OA\oa_17_cell_004\oa_17_cell_004_OCT.tif","55622","796eea6352513c9bb1db4dd26bdbb8b5bd48db66855e3fad22e8bd706c44f2a0"
"data\raw\res\OA\oa_17_cell_004\oa_17_cell_004_protein.tif","18706","6817a33f127f70d37300fc3c96682effd1877d1c06921ba33ecd97515db9efd2"
"data\raw\res\OA\oa_17_cell_005\metadata.json","257","fe0a4598087efb728900a00ffcff92edb70d2e028982416f6fd18410a8cc270b"
"data\raw\res\OA\oa_17_cell_005\oa_17_cell_005_fad.tif","29300","ca2fe4deebd91d2f2dabb8398b693a719806e5ba1ba9a3d0d3438bccd229be3f"
"data\raw\res\OA\oa_17_cell_005\oa_17_cell_005_lipid.tif","29300","6a0b576db86c418b95b7df373c1daac8c43cf2684edead44292afffd4c28ad9e"
"data\raw\res\OA\oa_17_cell_005\oa_17_cell_005_mask.tif","29300","27e0aec7d17935cbc1a0bb25694532ae27c4813678c3e861d9d9ae677417dee8"
"data\raw\res\OA\oa_17_cell_005\oa_17_cell_005_nadh.tif","29300","8c78dd99828f3a380a87f0fd0ee876e120a688a49da9bd09a9c0aadab2b60210"
"data\raw\res\OA\oa_17_cell_005\oa_17_cell_005_OCT.tif","87404","9e67ef6fbaba0661adf61177b248201077c8c1634f4fe15c9e01e873a090fa36"
"data\raw\res\OA\oa_17_cell_005\oa_17_cell_005_protein.tif","29300","9e834a898730bbb5c0b9dcd9e2afc3682db5f272630c871a6b680cb14ff50d0f"
"data\raw\res\OA\oa_17_cell_006\metadata.json","257","3fce0c4e6da0982ebd57a566e3ceca33569dab9547a3a75e4168fac77695b1b9"
"data\raw\res\OA\oa_17_cell_006\oa_17_cell_006_fad.tif","19331","40fc10c59346b5599ce1e899e09b87a0b7d6d8191950729115334f2204c0a449"
"data\raw\res\OA\oa_17_cell_006\oa_17_cell_006_lipid.tif","19331","88025ad754d2a11fc8422bc21a03022a4c89164e3f206d77a752049a65bf4dd7"
"data\raw\res\OA\oa_17_cell_006\oa_17_cell_006_mask.tif","19331","2e8573be6beb06c5db4c0e498d1969a594dcfab612f71516d4e38325c8d85f21"
"data\raw\res\OA\oa_17_cell_006\oa_17_cell_006_nadh.tif","19331","a553b46c5fffec33ec03bd48a6262379afeaa226c40c9f31e04915cb89ea2d08"
"data\raw\res\OA\oa_17_cell_006\oa_17_cell_006_OCT.tif","57497","90d3a5c5e419bdb52df441efeba889ac5971999d088d9027eab21b3333c674a2"
"data\raw\res\OA\oa_17_cell_006\oa_17_cell_006_protein.tif","19331","ba527c1d0f9b515d76eae80fb5d7e5484c38a86e6a7f68b190cff66018b7835d"
"data\raw\res\OA\oa_17_cell_007\metadata.json","256","4c9b409efb6dfa00433f4199ce112060da4f76d40618efb03d5a22841eb6a0a3"
"data\raw\res\OA\oa_17_cell_007\oa_17_cell_007_fad.tif","20056","e1fe974c8f523540ad341c1718abc666e4f98c0abcaa406af9b79d2b93e9e2d4"
"data\raw\res\OA\oa_17_cell_007\oa_17_cell_007_lipid.tif","20056","bc0e6064a948973cc7b0128ea285a74d04b98dedfd3429178557a618c427a35b"
"data\raw\res\OA\oa_17_cell_007\oa_17_cell_007_mask.tif","20056","4390b00c8398c4636745818c186a94efc83b97b81c68143b2344740d5f175e1e"
"data\raw\res\OA\oa_17_cell_007\oa_17_cell_007_nadh.tif","20056","f53da9301d03a8e412408d6bcc6e4ae19c944791a316d7d845eaee914a6e906a"
"data\raw\res\OA\oa_17_cell_007\oa_17_cell_007_OCT.tif","59672","7312056a283773ea8310b376c90a6a8871443169bf91cd9abdfd67109e1569c6"
"data\raw\res\OA\oa_17_cell_007\oa_17_cell_007_protein.tif","20056","82a690fe753baad232748a8ba1af7d5ed36b7d1e426bd0dee0726f8aa6a9e226"
"data\raw\res\OA\oa_17_cell_008\metadata.json","257","6bf1690019b966ab8879566975042ded318d791b5cbb616ce8164e3bb2f2d5ae"
"data\raw\res\OA\oa_17_cell_008\oa_17_cell_008_fad.tif","27756","2c70de52fe0dbd0d3af371703877b06359195eeb04b311afc7e20573d3e3b41f"
"data\raw\res\OA\oa_17_cell_008\oa_17_cell_008_lipid.tif","27756","810afad2f878a3bf47702978e2571335f17d6c9ff8f0f3ff62b35d1315666380"
"data\raw\res\OA\oa_17_cell_008\oa_17_cell_008_mask.tif","27756","bb19ab3c756fa70cae8a74a253d46162e6d3882d9d414b2e0d5ecc3a9c143d0b"
"data\raw\res\OA\oa_17_cell_008\oa_17_cell_008_nadh.tif","27756","56bb52d18609b312531744140f7c686b20bbe3a32ab46a419ddb53ef35d79320"
"data\raw\res\OA\oa_17_cell_008\oa_17_cell_008_OCT.tif","82772","2ec7fa5918723bfed76fefeafd3fe7a18890b95d38fc973894fcde803e4e2d30"
"data\raw\res\OA\oa_17_cell_008\oa_17_cell_008_protein.tif","27756","736a3bfad9eff29c98579826021e456c0bd56bb1d618a8df4728684ad1704e6f"
"data\raw\res\OA\oa_17_cell_009\metadata.json","257","817ca08d7572bd028a1c15632fcf295e5688b786ad8ef8672bfa303c4cecae29"
"data\raw\res\OA\oa_17_cell_009\oa_17_cell_009_fad.tif","19052","845cdbbcfd53f12b61a9c28f330495a1411d1f5fe253356367a2f5fcc6926b7a"
"data\raw\res\OA\oa_17_cell_009\oa_17_cell_009_lipid.tif","19052","2e9762d3644cdd5c9786fdc74bc3967ee33431afbc4e0a32de55d68e9b2dd011"
"data\raw\res\OA\oa_17_cell_009\oa_17_cell_009_mask.tif","19052","3456eb458b114f8c29b2d73031c3521dbbcc95261d6c2e93d1486df51fbd3a6d"
"data\raw\res\OA\oa_17_cell_009\oa_17_cell_009_nadh.tif","19052","2f7ff23f6ec9a980ce76857975727f5cf87e96a22168f71b69aebd89267155c5"
"data\raw\res\OA\oa_17_cell_009\oa_17_cell_009_OCT.tif","56660","b907f3408848a70a83e271b927babd256199b8fd40194d948055dc82a7b570b2"
"data\raw\res\OA\oa_17_cell_009\oa_17_cell_009_protein.tif","19052","a3ebc11f92b535f0d1c30615ee8e13f27146efd13d4611730080ae466f339b65"
"data\raw\res\OA\oa_19_cell_001\metadata.json","255","ba1afe706aa5c182d1d89ed355792b9e2d69a409a8f07c1f65c85520ad0e2d99"
"data\raw\res\OA\oa_19_cell_001\oa_19_cell_001_fad.tif","16639","0da538a43542a7bf511d848e06fd069a033f7724ad439d1f180661eb27221270"
"data\raw\res\OA\oa_19_cell_001\oa_19_cell_001_lipid.tif","16639","e7313fecabd621f6e3c8b76160ba1e573c75260df70644c97e9b06f3c42b7e72"
"data\raw\res\OA\oa_19_cell_001\oa_19_cell_001_mask.tif","16639","9a6b69d2bfe36733866df038b4231fa23a89ac1d46f4f71e316bde66b2801470"
"data\raw\res\OA\oa_19_cell_001\oa_19_cell_001_nadh.tif","16639","49450445ae57e8d7a404485166460481d8b7d5a2a34f25d6faa01011931c1c50"
"data\raw\res\OA\oa_19_cell_001\oa_19_cell_001_OCT.tif","49421","598382e961b64b578eab65c7d8f2f59caf89caada0bdef55cb5b221a17c1b0be"
"data\raw\res\OA\oa_19_cell_001\oa_19_cell_001_protein.tif","16639","96230d883015a7d20d3ed5a3ad5caec4ac2971484f02c2f0f4809cbd6b3310c4"
"data\raw\res\OA\oa_19_cell_002\metadata.json","255","1fd38b2739771fe98e4250c4a7053efabb849dc28eb0963e9285f151add128e2"
"data\raw\res\OA\oa_19_cell_002\oa_19_cell_002_fad.tif","16385","848180b6d70c36ea74a1c5e48e2564b194d3210bb8e53e63697ebf66b4069fa4"
"data\raw\res\OA\oa_19_cell_002\oa_19_cell_002_lipid.tif","16385","b67942dbdba60f176ff6d145a2d1cf78d43ca4d586e56370e9b683190564d83c"
"data\raw\res\OA\oa_19_cell_002\oa_19_cell_002_mask.tif","16385","cdbf8aba08a1653959ae4f1dca50fb06e3ba663e7172b9ea0f9ebb90a2dd28c4"
"data\raw\res\OA\oa_19_cell_002\oa_19_cell_002_nadh.tif","16385","9c4f79055cbec3b426c582f7523acb9cf74bd012a4ccb7d913d1801e098b9b68"
"data\raw\res\OA\oa_19_cell_002\oa_19_cell_002_OCT.tif","48659","9ae4c96ab6ad6d3fd16170f483a6d0b5c06de52daf2b8816fff80175fb57d41d"
"data\raw\res\OA\oa_19_cell_002\oa_19_cell_002_protein.tif","16385","44e0a1e371e679c13067dfe9970b767e655f24103b84092f6d232a0a54ad7b08"
"data\raw\res\OA\oa_19_cell_003\metadata.json","257","f31ae5f02c3c4f37f3a327d54978924908f3b4928fb34bc10254899382d158b8"
"data\raw\res\OA\oa_19_cell_003\oa_19_cell_003_fad.tif","17619","8aa5b3602838a51b4b780881e9e174eb94c0f78c066f4d87292ef9c7a93a6b9a"
"data\raw\res\OA\oa_19_cell_003\oa_19_cell_003_lipid.tif","17619","f41d57300ccc00b84e255a18f5645b32c58ca8502e1e9815c3b01c6d5cd6f1de"
"data\raw\res\OA\oa_19_cell_003\oa_19_cell_003_mask.tif","17619","994d65f5651ffd18dde25e9176413fd8281cb56930e4b37a42f955c9d41b1584"
"data\raw\res\OA\oa_19_cell_003\oa_19_cell_003_nadh.tif","17619","4837118100399674736bdbfe2bc0ff9ec06510f792b0df08bcd89e2b0b314f1f"
"data\raw\res\OA\oa_19_cell_003\oa_19_cell_003_OCT.tif","52361","2da23da7149c60246d4d86a850f77a75929e1f05605b72726bcd0b96a0dd8c52"
"data\raw\res\OA\oa_19_cell_003\oa_19_cell_003_protein.tif","17619","0cf1cb177ff9e23a6dba4f5d48dd1367c43a5016848faade0217db4791aa716a"
"data\raw\res\OA\oa_19_cell_004\metadata.json","257","2d6a2f14868217468eb287ac76f69fd31ddfa5abd86dae9b72716e99862c8ef7"
"data\raw\res\OA\oa_19_cell_004\oa_19_cell_004_fad.tif","13703","b2224bb2053124b556798b102f7e495b0305f9728be5cf0be510cf35bfedec59"
"data\raw\res\OA\oa_19_cell_004\oa_19_cell_004_lipid.tif","13703","682e5cac368483e4cf42d515dc14bd3ed6d0f2e666346ba12b208ad4fea385a6"
"data\raw\res\OA\oa_19_cell_004\oa_19_cell_004_mask.tif","13703","43024174cfbee4162ec92cb8d944e8c2892b348872ee7d05611858d0a79f13f2"
"data\raw\res\OA\oa_19_cell_004\oa_19_cell_004_nadh.tif","13703","adf2985f2f1fbe8f5a0cd7725c1d428e23021b2de74806c09dac9a187ff023e9"
"data\raw\res\OA\oa_19_cell_004\oa_19_cell_004_OCT.tif","40613","47f95e0ab6d282ae60500f91d880cdc05649edec4da93ee180534121d8813c70"
"data\raw\res\OA\oa_19_cell_004\oa_19_cell_004_protein.tif","13703","078f90ed9042d5ee272ece9937d069d29e3ebbe61684771bbcd30bbb1d0a382b"
"data\raw\res\OA\oa_19_cell_005\metadata.json","257","bbc5739598d8d7410ed62ead80440e32f9f89803c231df0345e5d862d72f9753"
"data\raw\res\OA\oa_19_cell_005\oa_19_cell_005_fad.tif","25958","78b84473ddff14bd8928454596f8953907921f575ae0e30bc16a8e6213a96f31"
"data\raw\res\OA\oa_19_cell_005\oa_19_cell_005_lipid.tif","25958","b9994d668130bcca0ed6eadc4ab96e095ce86a393382c604073a66c721c596f7"
"data\raw\res\OA\oa_19_cell_005\oa_19_cell_005_mask.tif","25958","7f4095bf9a839b6c3a436b8c8defffa21393ea0c89bb553a7c27da9e4bdd83a8"
"data\raw\res\OA\oa_19_cell_005\oa_19_cell_005_nadh.tif","25958","9ad6bc5db37f7177e40d90093991bdb08ff1774efea13c08d030b4b99e60ae5c"
"data\raw\res\OA\oa_19_cell_005\oa_19_cell_005_OCT.tif","77378","a24a18ae77c3c5f09041d50069f0dc64e803d00df3186544e3b5e59f4428faed"
"data\raw\res\OA\oa_19_cell_005\oa_19_cell_005_protein.tif","25958","5a758a75983943837d25cbf2de6be5d442825bc0bb4ffc35bb76774bcb74256c"
"data\raw\res\OA\oa_19_cell_006\metadata.json","255","1d53ede59a2b121b4ca61ad9726876b93aeb108cfbf6b36205a1001de9987ead"
"data\raw\res\OA\oa_19_cell_006\oa_19_cell_006_fad.tif","19438","08d99627cb933c96b393436bdbe9878f1a4f5cb48bb7673c853d371b59454d93"
"data\raw\res\OA\oa_19_cell_006\oa_19_cell_006_lipid.tif","19438","b045c09b78cb3f1f86027334ad85d93eca197eb1d4ed2c088b5b32614a9c84e0"
"data\raw\res\OA\oa_19_cell_006\oa_19_cell_006_mask.tif","19438","b24ea8af8542bcfda07b0bc760cccecdaaaf09a8016805e7fce6fd9e1b359995"
"data\raw\res\OA\oa_19_cell_006\oa_19_cell_006_nadh.tif","19438","2ad43d529ba3da7c29f61acaa4f6cdc192c946dd464e1808c3b817906829c303"
"data\raw\res\OA\oa_19_cell_006\oa_19_cell_006_OCT.tif","57818","1b0348ad49453869c826902f1bb33f3f4bf19b3ea5f121c719be219cd6c74e04"
"data\raw\res\OA\oa_19_cell_006\oa_19_cell_006_protein.tif","19438","d9356ba4f6b8358d7baf27c2c958606d487e9c840ccc0f6e6a14d271490238b3"
"data\raw\res\OA\oa_19_cell_007\metadata.json","257","8ebec50005db9ff7576f36d6fc5e34b3caa9034caf85c11ef692e7b2ad84711b"
"data\raw\res\OA\oa_19_cell_007\oa_19_cell_007_fad.tif","21802","1f9b7042622cd4ba823868c8cf4db84f8d11c767a32a15a3c3457100ad6cd904"
"data\raw\res\OA\oa_19_cell_007\oa_19_cell_007_lipid.tif","21802","8740940f1f878135b84470e407b25a5e9d28785c03ad54368a75f4b2a7ba566d"
"data\raw\res\OA\oa_19_cell_007\oa_19_cell_007_mask.tif","21802","4115fc9fa4bf7df9152580cee2d2d4919c370dd8d68d91cc83d80b8c20607868"
"data\raw\res\OA\oa_19_cell_007\oa_19_cell_007_nadh.tif","21802","eeb20a535a1386c3af5c79e7386488eacf2e25cb970bf36f17b132d3aa512e8b"
"data\raw\res\OA\oa_19_cell_007\oa_19_cell_007_OCT.tif","64910","2ab5991d5d4bfac906f1e791f03070aa78c11f22047ae7406ce996d48af6cd71"
"data\raw\res\OA\oa_19_cell_007\oa_19_cell_007_protein.tif","21802","df810ef4189ccb303ac7ad1c6cd820f37855d6a4902c704be98106e54fa39000"
"data\raw\res\OA\oa_19_cell_008\metadata.json","257","e4dfc97f3ca0e68433d19e0c9f55b9d9b5bfa6e79c79692d8879dcb7e68ba36b"
"data\raw\res\OA\oa_19_cell_008\oa_19_cell_008_fad.tif","23344","667afdf0a4dc8cd6ed7383c5ea9d13223cd2f591da0119fb9c43c39bb9be8029"
"data\raw\res\OA\oa_19_cell_008\oa_19_cell_008_lipid.tif","23344","6b9f61356f89c9fa3b8e8ea3b99ec813bfc1d8a6fdcced873138a47f15ddcd04"
"data\raw\res\OA\oa_19_cell_008\oa_19_cell_008_mask.tif","23344","1449f52a3abb36e02444a2bc9a828c4dfb6bc996e45e17f826e151689aa3041b"
"data\raw\res\OA\oa_19_cell_008\oa_19_cell_008_nadh.tif","23344","9d7a801c1cd8365eb86a029b2bd9e575d16ad206e8161439a8f3d6e906ae0405"
"data\raw\res\OA\oa_19_cell_008\oa_19_cell_008_OCT.tif","69536","795e75b030b826fec0c4e4fd01e26c17cb890f542f913505df51954725f017cf"
"data\raw\res\OA\oa_19_cell_008\oa_19_cell_008_protein.tif","23344","bdac776fda407028be821c20a0be0c2dd49089c8984249a321ba479fbf7e55e7"
"data\raw\res\OA\oa_20_cell_001\metadata.json","256","3e4681c8d1df601e2a2346aa0d352f681098ee96c19edcac8ec481612249b019"
"data\raw\res\OA\oa_20_cell_001\oa_20_cell_001_fad.tif","20672","df6f34e375adee99d6cfe562c75f742af622609d3a18f389baeaca96075941d5"
"data\raw\res\OA\oa_20_cell_001\oa_20_cell_001_lipid.tif","20672","bbcb411ad67c7861c4d4f443e53dbd3ed65713f898b268a70f17e3ed8bcbe878"
"data\raw\res\OA\oa_20_cell_001\oa_20_cell_001_mask.tif","20672","eda30a34a10fc7a9ed04efadad2d97d31d32ff416de57385ed27a8b753054729"
"data\raw\res\OA\oa_20_cell_001\oa_20_cell_001_nadh.tif","20672","ec182ef50be66c0b959daa6f834f262879775bf7f0dd9e9124b44262926a97d5"
"data\raw\res\OA\oa_20_cell_001\oa_20_cell_001_OCT.tif","61520","e6408de92fe314e54b2d4824eda80909772d301bc3a60cce114e5fd763cb477c"
"data\raw\res\OA\oa_20_cell_001\oa_20_cell_001_protein.tif","20672","64318fb6449385118b984e48aff5ca5c9d9b93210cc5ab2131a6038af6b25229"
"data\raw\res\OA\oa_20_cell_002\metadata.json","255","7966fda15c9d507d24561936681cd25d1520afd74aeb30c940a84cb78627be1d"
"data\raw\res\OA\oa_20_cell_002\oa_20_cell_002_fad.tif","16356","b76c5fad90be9902395d791d267867206f4738321b9a90007afaa342f4b9ce63"
"data\raw\res\OA\oa_20_cell_002\oa_20_cell_002_lipid.tif","16356","91b787de5fe466e445771acc2c1367c34e5b33909add5d4785acd8637bb04ffc"
"data\raw\res\OA\oa_20_cell_002\oa_20_cell_002_mask.tif","16356","cf38e490467c530190e11f87e15e1dc7caefa4b13bad6b0e59a32bcf2473a49d"
"data\raw\res\OA\oa_20_cell_002\oa_20_cell_002_nadh.tif","16356","c15b83e5767392ec5d14f01a797664e5717b8532a4b92f2b50157113dd259426"
"data\raw\res\OA\oa_20_cell_002\oa_20_cell_002_OCT.tif","48572","8cc6e5130104ae78c5dcb6166b425c38a188dc958ccd409d4f55548492bf6116"
"data\raw\res\OA\oa_20_cell_002\oa_20_cell_002_protein.tif","16356","155305c8a2f3436b2815ae75bba3b27918bbc73ba689f113a56a641a1cf6a7ef"
"data\raw\res\OA\oa_20_cell_003\metadata.json","257","fd7606c79c1983ddfa7fc3098e4592f4ad7ab17f139f4e5952d88f1394a51de5"
"data\raw\res\OA\oa_20_cell_003\oa_20_cell_003_fad.tif","29056","cefa015e8e0e8f549004519548a5821deaee01136b937c0b7179bef7a6d56903"
"data\raw\res\OA\oa_20_cell_003\oa_20_cell_003_lipid.tif","29056","e2f226fea944ce5bf487bb261d6a7c246dfe49f8bfbf8c37c34032514b3048ac"
"data\raw\res\OA\oa_20_cell_003\oa_20_cell_003_mask.tif","29056","e5cf1bb53d1984c61f12d4cdc2d41a3370b307cf6689dbc860ecd353ddcf2ced"
"data\raw\res\OA\oa_20_cell_003\oa_20_cell_003_nadh.tif","29056","897f5cfc13ae3350b045681536203d29690fbfed463decaf928787e24d204d8c"
"data\raw\res\OA\oa_20_cell_003\oa_20_cell_003_OCT.tif","86672","61eb0badf10edc1d049b775643e442d20485fda123b743c92372f62fbd81bc3c"
"data\raw\res\OA\oa_20_cell_003\oa_20_cell_003_protein.tif","29056","64575da68c268b39eafed7920c4d43b23512f66051681ee1a7e64a2f8eb448cd"
"data\raw\res\OA\oa_20_cell_004\metadata.json","257","93255e76b1eea2105754858748168741727e4f3658cacd572338d4fc20916184"
"data\raw\res\OA\oa_20_cell_004\oa_20_cell_004_fad.tif","15714","8eb14d54ab8267c37ad4e28d519712b85fd82c132fe5ea581f19753c5130f401"
"data\raw\res\OA\oa_20_cell_004\oa_20_cell_004_lipid.tif","15714","5ccc3f18e31ea72b2d58957d99e0d9b536ee1c35d8708dc44623f3077ac45d35"
"data\raw\res\OA\oa_20_cell_004\oa_20_cell_004_mask.tif","15714","a8e9d0ebf913ac7345c04bb31d1a1c2b1d43b21b85ab90e8cb5dc5560ba8e5e9"
"data\raw\res\OA\oa_20_cell_004\oa_20_cell_004_nadh.tif","15714","64dd12e3ab50e4d779fbd4b15c5b96f8af0b1b67fff7302b5e3570f4012003ed"
"data\raw\res\OA\oa_20_cell_004\oa_20_cell_004_OCT.tif","46646","f4ac588cec9935af4a4a8ade493a417c75fd111471c3bf6a0c1f3d6474ac31c1"
"data\raw\res\OA\oa_20_cell_004\oa_20_cell_004_protein.tif","15714","ff466e00c82f74a8ed6404594d7b6d78e573440ba8d488c1b33b830dd480938a"
"data\raw\res\OA\oa_20_cell_005\metadata.json","257","d7c249cc0f568ad441ba2b694f7adae719d71f97b5be83fab5e3f2ab539be595"
"data\raw\res\OA\oa_20_cell_005\oa_20_cell_005_fad.tif","16506","02eebb3605d6e8e96948460e24124a0553910f6e736bfe22655f62521dabb09a"
"data\raw\res\OA\oa_20_cell_005\oa_20_cell_005_lipid.tif","16506","a44e1489d0416c2a7f393e300142403e54353d5d3569de8995d2d0836d078028"
"data\raw\res\OA\oa_20_cell_005\oa_20_cell_005_mask.tif","16506","1186b17662ad5b323fca1a3729b1cb16a5fa177b03cef7a6cd370cf5b3725b86"
"data\raw\res\OA\oa_20_cell_005\oa_20_cell_005_nadh.tif","16506","8fd114a9b720d4e1b7ea50fd942c89e4be24aeea2d289c477492e8cf123b5b20"
"data\raw\res\OA\oa_20_cell_005\oa_20_cell_005_OCT.tif","49022","91374bc6e5648d5152f1a22895c0d7e4dabe7356aca0d0255d783c70e39ddf21"
"data\raw\res\OA\oa_20_cell_005\oa_20_cell_005_protein.tif","16506","efe5905ce92b29b42b2b895aee0af6ed184c6218ceef18952f13ca74dcf6e06c"
"data\raw\res\OA\oa_20_cell_006\metadata.json","254","ed099bfda258d8adccc202527501c2d3ceb1092a6b3548ee96ca0fe69e33ab22"
"data\raw\res\OA\oa_20_cell_006\oa_20_cell_006_fad.tif","13428","c6b0647b656477b4e501e2382a7b8f9343d613e10c813e43e60b47efa0e49363"
"data\raw\res\OA\oa_20_cell_006\oa_20_cell_006_lipid.tif","13428","bbdde90ddbbf13b46e5ce39890a68839ae1d04c40078103f3d10b51eab07b06c"
"data\raw\res\OA\oa_20_cell_006\oa_20_cell_006_mask.tif","13428","98b4c9f20c7715b2600feb92a6002221fc00734d82b9270b7d9681807cde8d55"
"data\raw\res\OA\oa_20_cell_006\oa_20_cell_006_nadh.tif","13428","fc80994fd5667061f7cde10fb54e736447f99d58fcbae0425f90f99bdaf34834"
"data\raw\res\OA\oa_20_cell_006\oa_20_cell_006_OCT.tif","39788","10c9dc9f1bb6b5d8938b403880a4f2b04e4320f7aa42d92f4db4134a0607a6d4"
"data\raw\res\OA\oa_20_cell_006\oa_20_cell_006_protein.tif","13428","ceca65aa78c2ea9913653f363e4f860760bc08b788fb2fef18c5881dfceb4c92"
"data\raw\res\OA\oa_21_cell_001\metadata.json","255","a7c261c5d5906a66ca255788847ce9778656b9ec8310e99c7453753aded16a17"
"data\raw\res\OA\oa_21_cell_001\oa_21_cell_001_fad.tif","14292","12cb7b93769f423acaf5389a0ef982cc2ca8e8e70f1dec3fa1443f45f029c4d5"
"data\raw\res\OA\oa_21_cell_001\oa_21_cell_001_lipid.tif","14292","2061e7f77bbe0c8027eac0c5049efe61fe9e7f424f5937dead019b91dc1f6ee9"
"data\raw\res\OA\oa_21_cell_001\oa_21_cell_001_mask.tif","14292","0132df1df91f3773e4055b1648e716084dddba10855e3705a7ca73a503fecf03"
"data\raw\res\OA\oa_21_cell_001\oa_21_cell_001_nadh.tif","14292","464aab4151a16fc953c420f1145d943e33d877edfa0e82fa1bd72a95e1fb55d6"
"data\raw\res\OA\oa_21_cell_001\oa_21_cell_001_OCT.tif","42380","bc4fdf1bb9f026aa33fc88207c27aba095f4ec7fb320c6376bd03b24e12d6021"
"data\raw\res\OA\oa_21_cell_001\oa_21_cell_001_protein.tif","14292","3b5d0999e10bc44e71693640f9abf4c943029debdbc34156cab09765f3e710a7"
"data\raw\res\OA\oa_21_cell_003\metadata.json","256","f1f480958c662e56708d505ce641cc692a19ef1d7923470c2e77a68c886c80f5"
"data\raw\res\OA\oa_21_cell_003\oa_21_cell_003_fad.tif","17055","60953faca24ae25ca312ab9c7cae90ba0cad5d503116876ef1923d20541e1c8d"
"data\raw\res\OA\oa_21_cell_003\oa_21_cell_003_lipid.tif","17055","20ad86bea7edd44eba0f7fcfd1bf5f7d03c263cb561ab133cf4ac65dbcb5315e"
"data\raw\res\OA\oa_21_cell_003\oa_21_cell_003_mask.tif","17055","58bb0a4f547d6efa68e26447575e9f4b5593142245ec3eb30da8a065a2c93ad3"
"data\raw\res\OA\oa_21_cell_003\oa_21_cell_003_nadh.tif","17055","6123208cf2dbef43a4f5ab8620a4c0eb99cb2736f3eacb222204ca7d72fd8382"
"data\raw\res\OA\oa_21_cell_003\oa_21_cell_003_OCT.tif","50669","6bfb2e55cf1d5682daa2e8302f1a62a86d2bc064823f8b1e4ef6de93d7e07633"
"data\raw\res\OA\oa_21_cell_003\oa_21_cell_003_protein.tif","17055","df1700a4e1a5e41a598b9ff48677366135933c9ec1b7479ab72e282fd414277e"
"data\raw\res\OA\oa_21_cell_004\metadata.json","256","621cb1981fa75aa8f2843a9542dde9188c5ce0b70a0e1c6b38c92191acaed16a"
"data\raw\res\OA\oa_21_cell_004\oa_21_cell_004_fad.tif","32496","388288d3c80c79fe5ede22d2f22917c2adbd8573d289d371496ecff5a61afdec"
"data\raw\res\OA\oa_21_cell_004\oa_21_cell_004_lipid.tif","32496","10598f1aad2fc626579afb6cc30a3e3b551399a61216e8fb9eee85206b59726f"
"data\raw\res\OA\oa_21_cell_004\oa_21_cell_004_mask.tif","32496","7decf2656a295c675a96f3b9aeb834da0a8b4b89aa1b280bb4b4af3ba9082f6a"
"data\raw\res\OA\oa_21_cell_004\oa_21_cell_004_nadh.tif","32496","8e3d201da73eabeccc3e8e1a2bd11a032b239d3b5fdd227e926a48e4febf1bef"
"data\raw\res\OA\oa_21_cell_004\oa_21_cell_004_OCT.tif","96992","7d8458226c022471516b4195314bab7e029a184af316fc332e76a0ee0661b648"
"data\raw\res\OA\oa_21_cell_004\oa_21_cell_004_protein.tif","32496","ba3c4ebf8f5cc8c0f2aba3b8e41852480ea4ec188b0b08157e2bec9c3591183a"
"data\raw\res\OA\oa_21_cell_005\metadata.json","257","41c3439a3f2a1f3e8764ca8a1f78af3c023e815e97dbe9b256b6559f86f33bb8"
"data\raw\res\OA\oa_21_cell_005\oa_21_cell_005_fad.tif","15478","5c571153c71c9f1a565dd19f42a07000e6e884cfbdb8c8c760af120535ffe613"
"data\raw\res\OA\oa_21_cell_005\oa_21_cell_005_lipid.tif","15478","02d931478e9fc4f77aaaff22c29d6abfcedaded3b38110d81009e323f8b50282"
"data\raw\res\OA\oa_21_cell_005\oa_21_cell_005_mask.tif","15478","5b74f355e11c5f1b39baf97842a8ee0d87034a85905bfbd46b8235091ba22abf"
"data\raw\res\OA\oa_21_cell_005\oa_21_cell_005_nadh.tif","15478","6f216dcf3ff77658226d7bdf0be841b4f52371756e023405cd8f36ea64c090da"
"data\raw\res\OA\oa_21_cell_005\oa_21_cell_005_OCT.tif","45938","65b6cffebcfe572bf25aa6ff31f47ef933833e765fd5e5f37c6dd3da100a8791"
"data\raw\res\OA\oa_21_cell_005\oa_21_cell_005_protein.tif","15478","0e86a8cf32eea68ea82010205b07a273b8618b0d57e1025d2c66e1e03163613a"
"data\raw\res\OA\oa_21_cell_006\metadata.json","257","8e2485ea51c63d11c0345cc60c56c86d2536bb9b8d0e9cd8fd9e799cff7687e9"
"data\raw\res\OA\oa_21_cell_006\oa_21_cell_006_fad.tif","14594","5dc1378b85e848264c6409f83d2931c38e6a40bc0164d94d0bdca553bbb9937b"
"data\raw\res\OA\oa_21_cell_006\oa_21_cell_006_lipid.tif","14594","d4dcb1fc9c76c13efa61fa8ff34afd7c9c60503853024cfdd4eef341443ac37b"
"data\raw\res\OA\oa_21_cell_006\oa_21_cell_006_mask.tif","14594","14dcff52e2f76ac22184c2307603ddec8635d5fe5ceede9d54c12344011c6001"
"data\raw\res\OA\oa_21_cell_006\oa_21_cell_006_nadh.tif","14594","4038d2040adf3aef37f811b6a211db8ab9ee382584450c7b49d2988cb01a367b"
"data\raw\res\OA\oa_21_cell_006\oa_21_cell_006_OCT.tif","43286","66eb8f1ef940cc4159bc202ce17eff4512995971159c223fdc8db9dcdb85a7fb"
"data\raw\res\OA\oa_21_cell_006\oa_21_cell_006_protein.tif","14594","ea5a615cbe6e12b802765ab8e512bcac3e0fe53bb482318620a6ec7e1d5178f6"
"data\raw\res\OA\oa_21_cell_007\metadata.json","257","7635b492d6294b34f8c0706db342a0e3798accbba458dc21ad8d4698dd71546a"
"data\raw\res\OA\oa_21_cell_007\oa_21_cell_007_fad.tif","32446","e58495acefe9a18bb6b9db37d14e43fff4991b862b0bc86631afdac973171a47"
"data\raw\res\OA\oa_21_cell_007\oa_21_cell_007_lipid.tif","32446","b129ad2ba346d156f6cbf3b3c9601071a5ce7cb1291e51463fa96d3bdb8ed1c7"
"data\raw\res\OA\oa_21_cell_007\oa_21_cell_007_mask.tif","32446","c46dcd23a165412d8812f85e033df54309e5336f0010f38e249060b0e061079a"
"data\raw\res\OA\oa_21_cell_007\oa_21_cell_007_nadh.tif","32446","9807173d08428256e1f42c17fa07856d89f7604a62aa0ab18bd5e90ae7e498b0"
"data\raw\res\OA\oa_21_cell_007\oa_21_cell_007_OCT.tif","96842","d9a78b3395da55aa61305bd230a9c5b9e755c62b0b476c6fa3936d1cd00248ca"
"data\raw\res\OA\oa_21_cell_007\oa_21_cell_007_protein.tif","32446","cecced4b2ac4fed5dc2983eb5f01693ca60ce1376797296937c7154fad52d939"
"data\raw\res\OA\oa_21_cell_008\metadata.json","255","21ed49e48acc010b8044038572d330c54bc599785ac6a09c3add614788707ded"
"data\raw\res\OA\oa_21_cell_008\oa_21_cell_008_fad.tif","19330","515789db232e49c4dd2baf824ef408bf0b572d67597a17ca61a2d3fd2e0a4a1d"
"data\raw\res\OA\oa_21_cell_008\oa_21_cell_008_lipid.tif","19330","2eb7d4bd3850fa18843698a679e1321bd7427a860d96e06df425196decf81c7e"
"data\raw\res\OA\oa_21_cell_008\oa_21_cell_008_mask.tif","19330","9adedec3032e94a8703a26daf67528bbf4a155fc56a60ed2f6a342df261b7a9f"
"data\raw\res\OA\oa_21_cell_008\oa_21_cell_008_nadh.tif","19330","89fba2ca7aa3668060b0d2a287ebb931d090828e03ff797ce2d81de40a5bbde2"
"data\raw\res\OA\oa_21_cell_008\oa_21_cell_008_OCT.tif","57494","7b78fc988476e2bf9b21b986ab352a5acaf6ae87f55db14a0cb66560750a3f2d"
"data\raw\res\OA\oa_21_cell_008\oa_21_cell_008_protein.tif","19330","d964f42ca2d708c2d2d9e5ea454c40529a181552307dbaa18be106147e332da2"
"models\training_only_teachers\DFFOCT_SRS\best_model.pt","90605317","faeb2d5e8ff43a5c40dd29c7a64a498a42f784b1825494542ab0e8e64852be31"
"models\training_only_teachers\SRS_2PEF\best_model.pt","90582661","c9fd2953a8f59aa669a1228406000339456f899f5a18ad390c9410169b797db4"
"models\trimodal_best_model.pt","137112789","7eae89b25f5101d43386322d7fcf588dc80e786f7074d4e22f699d43a32db13c"
"models\unimodal_initialization\2PEF_ORR_only\best_model.pt","45296141","b6967690254b3d400ae353029728ae50cf572447b5005441f6d9c0cf8bc50cf5"
"models\unimodal_initialization\DFFOCT_only\best_model.pt","45318797","89fa409043b0e4f132f81617ca3a66455efc177a79e388e78e79d65894176355"
"models\unimodal_initialization\SRS_only\best_model.pt","45294861","539727df7e1b84e358b8b042c2dca049736bd9f3d43a0d5d5dd19ae800ff8b66"
"README.md","5838","fd13c47e0cba521732d6b52d43f8568e26f7d4f119ffb69438fdc47e1ca55f00"
"requirements.txt","233","6750d3266aea47e24f06bba187e1842057669cdc86b9e91489cbd830ee2152b1"
"results\ablation_metrics.csv","617","30d835e5e60eeec24b948b4d2c7a8df2126319dae84a80ec5c4acb3fe5996046"
"results\ablation_predictions\2PEF_only\test_predictions.csv","12333","df73a7791b1912b203d00f5e0956a7e4533007cbc2fa2ef79c67e2e75b7399fe"
"results\ablation_predictions\DFFOCT_2PEF\test_predictions.csv","12482","2176eb0edea92320b6d6736faad8ebb6c78fe67274162d349ac682bcade9e8f5"
"results\ablation_predictions\DFFOCT_only\test_predictions.csv","12276","9d8b386a9cc762b05f02ae916c6423fc9b501d6abc07b49f39d76423ecc43fdf"
"results\ablation_predictions\DFFOCT_SRS\test_predictions.csv","12476","b6f741507c4e6ccdde2e17ca60050c5a07bcc84eb31bcceb676c4f5cf838ad62"
"results\ablation_predictions\SRS_2PEF\test_predictions.csv","12500","2aa71a893bc970b074eb4b3f31baec439ff171bb54a49ab4f7f1f3ef7757c17d"
"results\ablation_predictions\SRS_only\test_predictions.csv","12243","adaee8e8f82107152ce481e2a27ffff9cfb67ea6c936f30d51e9449862e188e1"
"results\recomputed\confusion_matrices_recomputed.csv","4416","fbf9c45aa9c141d49df22ff8c9ae5c09da1fa0be7e8864216506b9f824436bd3"
"results\recomputed\metrics_recomputed.csv","1464","34f82b6cc5b630f93e3cfdfb2de5da809fcf2ddabad4fdbb1be568320fd475ac"
"results\recomputed\verification_report.json","727","3dfba701cfe3d09d6a2e5842b43e5f393ab5d48cd7a7435c352a4e7e4a52c94c"
"results\trimodal\confusion_matrix_counts.npy","256","aa5151c55d3c4540e0dce8b21566138bb73ce03e5d484db5606ee484864ae1e3"
"results\trimodal\confusion_matrix_normalized.npy","256","44cdd0cb03bbae4757468ae88ceabb98776daecb53ac51d1757c2e308c858375"
"results\trimodal\metrics.json","829","5f224459738d3b31c18b713876c8a60fba5a4a4d14c5d74260c1deaa0fc72e81"
"results\trimodal\test_predictions_with_modality_weights.csv","15336","d72cd87cb0c6278c935ac45e234449380696d5719c8cfffc9e640fc1d03904aa"
"results\trimodal\validation_seed_selection.csv","260","b57310c5e59bbd4d720cc1ace2c1d5bc86e6c44dc08b9e3b712c90bef48ad3e4"
"scripts\00_check_gpu_environment.cmd","227","625f66b50f09bc5011f3d2df5763551a360bebcac2d42cf445b257080ae9a6ba"
"scripts\01_train_ablation_models.cmd","260","d21b2590c6552d583b2c2ab9548e4e4c3b8f016148fe704143062046092d2055"
"scripts\02_train_trimodal.cmd","257","66149b4bfc5d8e570cee47462ed696613dfc6da23a9b2204803e5fe469ac570f"
"scripts\03_test_trimodal.cmd","223","8d7c06fac2be2d147c351891216cf3933b00e420c77b1335faec31647c67a1af"
"scripts\04_recompute_metrics.cmd","226","67eef28b61d88ddb689bcda95a299d535e8e30a4e6b94d4d5863ae39952280ec"
"src\check_environment.py","518","8cfd82000007d5dbc66d19144e6d4d15ddab294fd38dd9f4788a2f1225818f17"
"src\evaluate_results.py","5421","b211a03c32841f68b4de1cb34c18492d40e5f12da959c222383d46abd605cb27"
"src\test_trimodal.py","3375","bc1e520466849722838504e6af34887da71aa6acdad7091e654ee8d87b91802c"
"src\train_trimodal.py","20049","b0610bbfacb1be25fa839587412d82797d7a6a19044fd3dedf253303f9b762f4"
"src\trimodal_pipeline.py","37619","f452be9e1bd8172a773f94ca26f40559d6b550ed1a848968f5844dd653f48052"
